Team_Average_Stats_ID,Team_ID,Format_ID,Category_ID,Element_ID,Â %Time,Poss,Points,PPP,Rank,Rating,FGm,FGM,FGA,FG%,aFG%,%TO,%FT,%SF,%Score
1761,25,1,6,113,0.543,799,740,0.926,0.42,Average,529,270,799,0.338,0.463,0,0.001,0.001,0.338
1762,25,1,6,114,0.043,64,56,0.875,0.88,Excellent,44,20,64,0.313,0.438,0,0,0,0.313
1763,25,1,6,489,0.047,69,61,0.884,0.86,Excellent,40,29,69,0.42,0.42,0,0.043,0.043,0.42
1764,25,1,6,490,0.004,6,3,0.5,-,-,5,1,6,0.167,0.167,0,0.167,0.167,0.167
1765,25,1,6,5,0.358,527,597,1.133,0.63,Good,234,293,527,0.556,0.556,0,0.04,0.04,0.556
1766,25,1,6,392,0.052,77,102,1.325,0.99,Excellent,29,48,77,0.623,0.623,0,0.13,0.13,0.623
1767,25,1,6,394,0.001,2,2,1,-,-,1,1,2,0.5,0.5,0,0.5,0.5,0.5
1768,25,1,6,521,-,-,-,-,-,-,-,-,-,-,-,-,-,-,-
1769,25,2,6,113,0.54,809,797,0.985,0.32,Average,507,302,809,0.373,0.491,0,0.002,0.002,0.373
1770,25,2,6,114,0.035,52,40,0.769,0.27,Below Average,38,14,52,0.269,0.385,0,0,0,0.269
1771,25,2,6,489,0.055,82,55,0.671,0.69,Very Good,55,27,82,0.329,0.329,0,0.012,0.012,0.329
1772,25,2,6,490,0.003,4,0,0,-,-,4,0,4,0,0,0,0,0,0
1773,25,2,6,5,0.263,394,504,1.279,0.03,Poor,151,243,394,0.617,0.617,0,0.074,0.074,0.617
1774,25,2,6,392,0.143,214,225,1.051,0.29,Below Average,106,108,214,0.505,0.505,0,0.065,0.065,0.505
1775,25,2,6,394,0.003,4,6,1.5,-,-,1,3,4,0.75,0.75,0,0,0,0.75
1776,25,2,6,521,-,-,-,-,-,-,-,-,-,-,-,-,-,-,-
1777,24,1,6,113,0.521,743,733,0.987,0.66,Very Good,474,269,743,0.362,0.493,0,0.001,0.001,0.362
1778,24,1,6,114,0.025,35,12,0.343,0.09,Poor,31,4,35,0.114,0.171,0,0,0,0.114
1779,24,1,6,489,0.05,72,60,0.833,0.79,Very Good,43,29,72,0.403,0.403,0,0.042,0.042,0.403
1780,24,1,6,490,0.001,1,0,0,-,-,1,0,1,0,0,0,0,0,0
1781,24,1,6,5,0.339,484,617,1.275,0.99,Excellent,191,293,484,0.605,0.605,0,0.079,0.079,0.605
1782,24,1,6,392,0.089,127,125,0.984,0.56,Good,67,60,127,0.472,0.472,0,0.039,0.039,0.472
1783,24,1,6,394,0.002,3,4,1.333,-,-,1,2,3,0.667,0.667,0,0,0,0.667
1784,24,1,6,521,-,-,-,-,-,-,-,-,-,-,-,-,-,-,-
1785,24,2,6,113,0.49,692,653,0.944,0.56,Good,447,245,692,0.354,0.471,0,0.003,0.003,0.354
1786,24,2,6,114,0.031,44,34,0.773,0.26,Below Average,32,12,44,0.273,0.386,0,0,0,0.273
1787,24,2,6,489,0.047,67,59,0.881,0.14,Poor,39,28,67,0.418,0.418,0,0.045,0.045,0.418
1788,24,2,6,490,0.004,6,6,1,-,-,3,3,6,0.5,0.5,0,0,0,0.5
1789,24,2,6,5,0.335,473,520,1.099,0.56,Good,223,250,473,0.529,0.529,0,0.057,0.057,0.529
1790,24,2,6,392,0.127,180,154,0.856,0.85,Excellent,106,74,180,0.411,0.411,0,0.044,0.044,0.411
1791,24,2,6,394,0.003,4,6,1.5,-,-,1,3,4,0.75,0.75,0,0.25,0.25,0.75
1792,24,2,6,521,-,-,-,-,-,-,-,-,-,-,-,-,-,-,-
1793,23,1,6,113,0.42,492,501,1.018,0.78,Very Good,312,180,492,0.366,0.506,0,0.01,0.01,0.366
1794,23,1,6,114,0.042,49,28,0.571,0.36,Average,39,10,49,0.204,0.286,0,0,0,0.204
1795,23,1,6,489,0.063,74,47,0.635,0.28,Below Average,51,23,74,0.311,0.311,0,0.027,0.027,0.311
1796,23,1,6,490,0.009,11,8,0.727,0.7,Very Good,7,4,11,0.364,0.364,0,0,0,0.364
1797,23,1,6,5,0.426,499,606,1.214,0.9,Excellent,205,294,499,0.589,0.589,0,0.058,0.058,0.589
1798,23,1,6,392,0.091,107,89,0.832,0.21,Below Average,63,44,107,0.411,0.411,0,0.009,0.009,0.411
1799,23,1,6,394,0.001,1,2,2,-,-,0,1,1,1,1,0,0,0,1
1800,23,1,6,521,-,-,-,-,-,-,-,-,-,-,-,-,-,-,-
1801,23,2,6,113,0.545,603,606,1.005,0.25,Below Average,384,219,603,0.363,0.498,0,0.012,0.012,0.363
1802,23,2,6,114,0.061,67,42,0.627,0.53,Good,52,15,67,0.224,0.306,0,0.015,0.015,0.224
1803,23,2,6,489,0.043,48,36,0.75,0.47,Average,30,18,48,0.375,0.375,0,0,0,0.375
1804,23,2,6,490,0.001,1,0,0,-,-,1,0,1,0,0,0,0,0,0
1805,23,2,6,5,0.314,347,434,1.251,0.06,Poor,141,206,347,0.594,0.594,0,0.084,0.084,0.594
1806,23,2,6,392,0.098,108,109,1.009,0.41,Average,55,53,108,0.491,0.491,0,0.056,0.056,0.491
1807,23,2,6,394,0.004,4,4,1,-,-,2,2,4,0.5,0.5,0,0,0,0.5
1808,23,2,6,521,-,-,-,-,-,-,-,-,-,-,-,-,-,-,-
1809,30,1,6,113,0.494,668,576,0.862,0.2,Below Average,453,215,668,0.322,0.427,0,0.007,0.007,0.322
1810,30,1,6,114,0.018,25,10,0.4,0.15,Below Average,21,4,25,0.16,0.2,0,0,0,0.16
1811,30,1,6,489,0.075,101,65,0.644,0.29,Below Average,69,32,101,0.317,0.317,0,0.02,0.02,0.317
1812,30,1,6,490,0.001,2,2,1,-,-,1,1,2,0.5,0.5,0,0,0,0.5
1813,30,1,6,5,0.31,419,472,1.126,0.6,Good,192,227,419,0.542,0.542,0,0.05,0.05,0.542
1814,30,1,6,392,0.121,164,137,0.835,0.21,Below Average,98,66,164,0.402,0.402,0,0.037,0.037,0.402
1815,30,1,6,394,-,-,-,-,-,-,-,-,-,-,-,-,-,-,-
1816,30,1,6,521,-,-,-,-,-,-,-,-,-,-,-,-,-,-,-
1817,30,2,6,113,0.501,655,654,0.998,0.27,Below Average,416,239,655,0.365,0.498,0,0.002,0,0.366
1818,30,2,6,114,0.037,48,32,0.667,0.44,Average,36,12,48,0.25,0.333,0,0,0,0.25
1819,30,2,6,489,0.033,43,44,1.023,0.02,Poor,22,21,43,0.488,0.488,0,0.047,0.047,0.488
1820,30,2,6,490,0.002,3,6,2,-,-,0,3,3,1,1,0,0,0,1
1821,30,2,6,5,0.387,506,590,1.166,0.3,Below Average,221,285,506,0.563,0.563,0,0.057,0.057,0.563
1822,30,2,6,392,0.08,104,104,1,0.43,Average,53,51,104,0.49,0.49,0,0.029,0.029,0.49
1823,30,2,6,394,0.003,4,4,1,-,-,2,2,4,0.5,0.5,0,0,0,0.5
1824,30,2,6,521,-,-,-,-,-,-,-,-,-,-,-,-,-,-,-
1825,27,1,6,113,0.461,617,629,1.019,0.8,Very Good,384,233,617,0.378,0.507,0,0.008,0.008,0.378
1826,27,1,6,114,0.021,28,28,1,0.98,Excellent,18,10,28,0.357,0.482,0,0.036,0.036,0.357
1827,27,1,6,489,0.059,79,69,0.873,0.84,Excellent,46,33,79,0.418,0.418,0,0.051,0.051,0.418
1828,27,1,6,490,0.004,5,6,1.2,-,-,2,3,5,0.6,0.6,0,0,0,0.6
1829,27,1,6,5,0.378,505,596,1.18,0.83,Excellent,215,290,505,0.574,0.574,0,0.05,0.05,0.574
1830,27,1,6,392,0.102,136,123,0.904,0.37,Average,75,61,136,0.449,0.449,0,0.015,0.015,0.449
1831,27,1,6,394,0.001,2,2,1,-,-,1,1,2,0.5,0.5,0,0,0,0.5
1832,27,1,6,521,-,-,-,-,-,-,-,-,-,-,-,-,-,-,-
1833,27,2,6,113,0.536,820,717,0.874,0.87,Excellent,551,269,820,0.328,0.437,0,0.004,0.004,0.328
1834,27,2,6,114,0.033,50,28,0.56,0.66,Very Good,40,10,50,0.2,0.28,0,0,0,0.2
1835,27,2,6,489,0.05,77,60,0.779,0.37,Average,48,29,77,0.377,0.377,0,0.039,0.039,0.377
1836,27,2,6,490,0.005,8,4,0.5,-,-,6,2,8,0.25,0.25,0,0,0,0.25
1837,27,2,6,5,0.343,525,574,1.093,0.6,Good,247,278,525,0.53,0.53,0,0.053,0.053,0.53
1838,27,2,6,392,0.07,107,104,0.972,0.51,Good,57,50,107,0.467,0.467,0,0.037,0.037,0.467
1839,27,2,6,394,0.001,1,0,0,-,-,1,0,1,0,0,0,0,0,0
1840,27,2,6,521,-,-,-,-,-,-,-,-,-,-,-,-,-,-,-
1841,31,1,6,113,0.454,694,618,0.89,0.31,Average,452,242,694,0.349,0.445,0,0,0,0.349
1842,31,1,6,114,0.027,42,28,0.667,0.57,Good,32,10,42,0.238,0.333,0,0,0,0.238
1843,31,1,6,489,0.047,72,50,0.694,0.44,Average,48,24,72,0.333,0.333,0,0.028,0.028,0.333
1844,31,1,6,490,0.004,6,5,0.833,-,-,4,2,6,0.333,0.333,0,0.167,0.167,0.333
1845,31,1,6,5,0.346,529,599,1.132,0.63,Good,245,284,529,0.537,0.537,0,0.081,0.081,0.537
1846,31,1,6,392,0.153,234,219,0.936,0.46,Average,125,109,234,0.466,0.466,0,0.013,0.013,0.466
1847,31,1,6,394,0.001,2,2,1,-,-,1,1,2,0.5,0.5,0,0,0,0.5
1848,31,1,6,521,-,-,-,-,-,-,-,-,-,-,-,-,-,-,-
1849,31,2,6,113,0.487,690,642,0.93,0.65,Very Good,442,248,690,0.359,0.464,0,0.003,0.003,0.359
1850,31,2,6,114,0.033,47,31,0.66,0.45,Average,35,12,47,0.255,0.33,0,0,0,0.255
1851,31,2,6,489,0.063,90,64,0.711,0.59,Good,59,31,90,0.344,0.344,0,0.022,0.022,0.344
1852,31,2,6,490,0.004,6,0,0,-,-,6,0,6,0,0,0,0,0,0
1853,31,2,6,5,0.317,450,535,1.189,0.21,Below Average,191,259,450,0.576,0.576,0,0.06,0.06,0.576
1854,31,2,6,392,0.133,188,162,0.862,0.84,Excellent,108,80,188,0.426,0.426,0,0.016,0.016,0.426
1855,31,2,6,394,0.004,5,4,0.8,-,-,3,2,5,0.4,0.4,0,0,0,0.4
1856,31,2,6,521,-,-,-,-,-,-,-,-,-,-,-,-,-,-,-
1857,26,1,6,113,0.583,848,767,0.904,0.35,Average,557,291,848,0.343,0.45,0,0.005,0.005,0.343
1858,26,1,6,114,0.019,28,15,0.536,0.31,Average,22,6,28,0.214,0.268,0,0,0,0.214
1859,26,1,6,489,0.05,73,67,0.918,0.91,Excellent,41,32,73,0.438,0.438,0,0.068,0.068,0.438
1860,26,1,6,490,-,-,-,-,-,-,-,-,-,-,-,-,-,-,-
1861,26,1,6,5,0.321,467,515,1.103,0.51,Good,217,250,467,0.535,0.535,0,0.058,0.058,0.535
1862,26,1,6,392,0.045,66,51,0.773,0.13,Poor,41,25,66,0.379,0.379,0,0.015,0.015,0.379
1863,26,1,6,394,0.001,1,0,0,-,-,1,0,1,0,0,0,0,0,0
1864,26,1,6,521,-,-,-,-,-,-,-,-,-,-,-,-,-,-,-
1865,26,2,6,113,0.397,589,531,0.902,0.78,Very Good,392,197,589,0.334,0.448,0,0.005,0.005,0.334
1866,26,2,6,114,0.033,49,31,0.633,0.51,Good,37,12,49,0.245,0.316,0,0,0,0.245
1867,26,2,6,489,0.07,104,82,0.788,0.33,Average,64,40,104,0.385,0.385,0,0.019,0.019,0.385
1868,26,2,6,490,0.005,8,2,0.25,-,-,7,1,8,0.125,0.125,0,0,0,0.125
1869,26,2,6,5,0.386,573,649,1.133,0.42,Average,262,311,573,0.543,0.543,0,0.059,0.059,0.543
1870,26,2,6,392,0.146,217,216,0.995,0.45,Average,112,105,217,0.484,0.484,0,0.041,0.041,0.484
1871,26,2,6,394,0.005,8,7,0.875,-,-,5,3,8,0.375,0.375,0,0.125,0.125,0.375
1872,26,2,6,521,-,-,-,-,-,-,-,-,-,-,-,-,-,-,-
1873,28,1,6,113,0.56,734,631,0.86,0.19,Below Average,487,247,734,0.337,0.428,0,0.003,0.003,0.337
1874,28,1,6,114,0.025,33,13,0.394,0.14,Poor,28,5,33,0.152,0.197,0,0,0,0.152
1875,28,1,6,489,0.053,69,61,0.884,0.86,Excellent,39,30,69,0.435,0.435,0,0.058,0.058,0.435
1876,28,1,6,490,0.001,1,0,0,-,-,1,0,1,0,0,0,0,0,0
1877,28,1,6,5,0.284,372,436,1.172,0.8,Very Good,161,211,372,0.567,0.567,0,0.048,0.048,0.567
1878,28,1,6,392,0.104,136,121,0.89,0.32,Average,77,59,136,0.434,0.434,0,0.037,0.037,0.434
1879,28,1,6,394,0.003,4,4,1,-,-,2,2,4,0.5,0.5,0,0.25,0.25,0.5
1880,28,1,6,521,-,-,-,-,-,-,-,-,-,-,-,-,-,-,-
1881,28,2,6,113,0.516,682,675,0.99,0.3,Below Average,435,247,682,0.362,0.495,0,0.001,0.001,0.362
1882,28,2,6,114,0.022,29,17,0.586,0.6,Good,23,6,29,0.207,0.293,0,0,0,0.207
1883,28,2,6,489,0.054,71,59,0.831,0.19,Below Average,42,29,71,0.408,0.408,0,0.028,0.028,0.408
1884,28,2,6,490,0.003,4,6,1.5,-,-,1,3,4,0.75,0.75,0,0,0,0.75
1885,28,2,6,5,0.343,453,531,1.172,0.27,Below Average,197,256,453,0.565,0.565,0,0.062,0.062,0.565
1886,28,2,6,392,0.087,115,120,1.043,0.3,Below Average,57,58,115,0.504,0.504,0,0.052,0.052,0.504
1887,28,2,6,394,0.002,3,0,0,-,-,3,0,3,0,0,0,0,0,0
1888,28,2,6,521,-,-,-,-,-,-,-,-,-,-,-,-,-,-,-
1889,29,1,6,113,0.442,597,510,0.854,0.17,Below Average,410,187,597,0.313,0.427,0,0.002,0.002,0.313
1890,29,1,6,114,0.03,40,20,0.5,0.25,Below Average,32,8,40,0.2,0.25,0,0,0,0.2
1891,29,1,6,489,0.074,100,69,0.69,0.42,Average,66,34,100,0.34,0.34,0,0.01,0.01,0.34
1892,29,1,6,490,0.004,6,4,0.667,-,-,4,2,6,0.333,0.333,0,0,0,0.333
1893,29,1,6,5,0.338,457,476,1.042,0.25,Below Average,226,231,457,0.505,0.505,0,0.048,0.048,0.505
1894,29,1,6,392,0.146,197,180,0.914,0.4,Average,108,89,197,0.452,0.452,0,0.046,0.046,0.452
1895,29,1,6,394,0.001,2,2,1,-,-,1,1,2,0.5,0.5,0,0,0,0.5
1896,29,1,6,521,-,-,-,-,-,-,-,-,-,-,-,-,-,-,-
1897,29,2,6,113,0.514,605,569,0.94,0.58,Good,389,216,605,0.357,0.468,0,0.005,0.005,0.357
1898,29,2,6,114,0.028,33,21,0.636,0.5,Average,25,8,33,0.242,0.303,0,0.03,0.03,0.242
1899,29,2,6,489,0.043,51,41,0.804,0.27,Below Average,31,20,51,0.392,0.392,0,0.039,0.039,0.392
1900,29,2,6,490,0.002,2,2,1,-,-,1,1,2,0.5,0.5,0,0,0,0.5
1901,29,2,6,5,0.346,407,450,1.106,0.53,Good,192,215,407,0.528,0.528,0.002,0.071,0.071,0.528
1902,29,2,6,392,0.097,114,121,1.061,0.27,Below Average,56,58,114,0.509,0.509,0,0.053,0.053,0.509
1903,29,2,6,394,0.002,2,2,1,-,-,1,1,2,0.5,0.5,0,0,0,0.5
1904,29,2,6,521,-,-,-,-,-,-,-,-,-,-,-,-,-,-,-
1905,22,1,6,113,0.421,638,588,0.922,0.31,Average,420,218,638,0.342,0.459,0,0.003,0.003,0.342
1906,22,1,6,114,0.043,65,21,0.323,0.01,Poor,57,8,65,0.123,0.162,0,0,0,0.123
1907,22,1,6,489,0.135,204,198,0.971,0.98,Excellent,107,97,204,0.475,0.475,0,0.034,0.034,0.475
1908,22,1,6,490,0.007,11,7,0.636,0.59,Good,8,3,11,0.273,0.273,0,0.091,0.091,0.273
1909,22,1,6,5,0.335,508,542,1.067,0.16,Below Average,246,262,508,0.516,0.516,0,0.051,0.051,0.516
1910,22,1,6,392,0.109,166,143,0.861,0.23,Below Average,98,68,166,0.41,0.41,0,0.054,0.054,0.41
1911,22,1,6,394,0.003,5,4,0.8,-,-,3,2,5,0.4,0.4,0,0,0,0.4
1912,22,1,6,521,-,-,-,-,-,-,-,-,-,-,-,-,-,-,-
1913,22,2,6,113,0.538,863,854,0.99,0.27,Below Average,555,308,863,0.357,0.494,0,0.002,0.002,0.357
1914,22,2,6,114,0.034,54,33,0.611,0.66,Very Good,42,12,54,0.222,0.306,0,0.019,0.019,0.222
1915,22,2,6,489,0.062,99,94,0.949,0.02,Poor,54,45,99,0.455,0.455,0,0.061,0.061,0.455
1916,22,2,6,490,0.006,9,11,1.222,-,-,4,5,9,0.556,0.556,0,0.111,0.111,0.556
1917,22,2,6,5,0.313,502,621,1.237,0.08,Poor,205,297,502,0.592,0.592,0,0.092,0.092,0.592
1918,22,2,6,392,0.087,139,135,0.971,0.41,Average,74,65,139,0.468,0.468,0,0.058,0.058,0.468
1919,22,2,6,394,0.003,5,4,0.8,-,-,3,2,5,0.4,0.4,0,0,0,0.4
1920,22,2,6,521,-,-,-,-,-,-,-,-,-,-,-,-,-,-,-
1921,32,1,6,113,0.417,611,509,0.833,0.13,Poor,419,192,611,0.314,0.417,0,0,0,0.314
1922,32,1,6,114,0.026,38,13,0.342,0.09,Poor,33,5,38,0.132,0.171,0,0,0,0.132
1923,32,1,6,489,0.035,52,41,0.788,0.7,Very Good,32,20,52,0.385,0.385,0,0.019,0.019,0.385
1924,32,1,6,490,0.001,1,3,3,-,-,0,1,1,1,1,0,1,1,1
1925,32,1,6,5,0.39,572,622,1.087,0.44,Average,275,297,572,0.519,0.519,0,0.072,0.072,0.519
1926,32,1,6,392,0.157,230,188,0.817,0.18,Below Average,139,91,230,0.396,0.396,0,0.03,0.03,0.396
1927,32,1,6,394,0.001,2,2,1,-,-,1,1,2,0.5,0.5,0,0,0,0.5
1928,32,1,6,521,-,-,-,-,-,-,-,-,-,-,-,-,-,-,-
1929,32,2,6,113,0.52,766,745,0.973,0.4,Average,492,274,766,0.358,0.485,0,0.003,0.003,0.358
1930,32,2,6,114,0.019,28,15,0.536,0.69,Very Good,23,5,28,0.179,0.268,0,0,0,0.179
1931,32,2,6,489,0.048,71,52,0.732,0.52,Good,45,26,71,0.366,0.366,0,0.028,0.028,0.366
1932,32,2,6,490,0.001,2,0,0,-,-,2,0,2,0,0,0,0,0,0
1933,32,2,6,5,0.327,482,559,1.16,0.32,Average,211,271,482,0.562,0.562,0,0.056,0.056,0.562
1934,32,2,6,392,0.104,153,147,0.961,0.55,Good,82,71,153,0.464,0.464,0,0.046,0.046,0.464
1935,32,2,6,394,-,-,-,-,-,-,-,-,-,-,-,-,-,-,-
1936,32,2,6,521,-,-,-,-,-,-,-,-,-,-,-,-,-,-,-
1937,21,1,6,113,0.429,541,535,0.989,0.68,Very Good,332,209,541,0.386,0.494,0,0.002,0.002,0.386
1938,21,1,6,114,0.033,41,23,0.561,0.34,Average,33,8,41,0.195,0.28,0,0,0,0.195
1939,21,1,6,489,0.052,65,63,0.969,0.96,Excellent,34,31,65,0.477,0.477,0,0.031,0.031,0.477
1940,21,1,6,490,0.003,4,2,0.5,-,-,3,1,4,0.25,0.25,0,0,0,0.25
1941,21,1,6,5,0.385,486,539,1.109,0.53,Good,224,262,486,0.539,0.539,0,0.045,0.045,0.539
1942,21,1,6,392,0.134,169,151,0.893,0.33,Average,95,74,169,0.438,0.438,0,0.018,0.018,0.438
1943,21,1,6,394,0.003,4,2,0.5,-,-,3,1,4,0.25,0.25,0,0,0,0.25
1944,21,1,6,521,-,-,-,-,-,-,-,-,-,-,-,-,-,-,-
1945,21,2,6,113,0.539,725,700,0.966,0.45,Average,467,258,725,0.356,0.483,0,0.004,0.004,0.356
1946,21,2,6,114,0.034,46,34,0.739,0.3,Below Average,33,13,46,0.283,0.37,0,0,0,0.283
1947,21,2,6,489,0.045,61,38,0.623,0.79,Very Good,42,19,61,0.311,0.311,0,0,0,0.311
1948,21,2,6,490,0.003,4,2,0.5,-,-,3,1,4,0.25,0.25,0,0,0,0.25
1949,21,2,6,5,0.338,455,455,1,0.89,Excellent,235,220,455,0.484,0.484,0,0.04,0.04,0.484
1950,21,2,6,392,0.077,104,109,1.048,0.3,Below Average,50,54,104,0.519,0.519,0,0.01,0.01,0.519
1951,21,2,6,394,0.004,5,6,1.2,-,-,2,3,5,0.6,0.6,0,0,0,0.6
1952,21,2,6,521,-,-,-,-,-,-,-,-,-,-,-,-,-,-,-
1953,25,1,1,523,1,2446,2371,0.969,0.91,Excellent,1023,857,1880,0.456,0.524,0.125,0.127,0.094,0.442
1954,25,1,1,518,0.212,518,584,1.127,0.94,Excellent,191,217,408,0.532,0.602,0.106,0.135,0.12,0.514
1955,25,1,1,220,0.788,1928,1787,0.927,0.83,Excellent,832,640,1472,0.435,0.503,0.13,0.124,0.087,0.422
1956,25,1,1,494,0.048,118,103,0.873,0.93,Excellent,67,35,102,0.343,0.431,0.051,0.102,0.076,0.364
1957,25,1,1,217,0.068,132,106,0.803,0.38,Average,65,43,108,0.398,0.449,0.121,0.068,0.053,0.379
1958,25,1,1,218,0.043,82,71,0.866,0.64,Good,37,27,64,0.422,0.469,0.146,0.11,0.085,0.39
1959,25,1,1,1,0.135,260,216,0.831,0.46,Average,120,82,202,0.406,0.46,0.146,0.096,0.085,0.385
1960,25,1,1,2,0.866,1670,1574,0.943,0.89,Excellent,693,559,1252,0.446,0.512,0.133,0.137,0.095,0.434
1961,25,1,1,3,0.134,258,213,0.826,0.26,Below Average,139,81,220,0.368,0.452,0.109,0.043,0.035,0.349
1962,25,1,1,524,0.042,81,76,0.938,0.8,Very Good,31,21,52,0.404,0.452,0.123,0.247,0.062,0.469
1963,25,1,2,495,0.314,767,722,0.941,0.61,Good,420,256,676,0.379,0.496,0.073,0.052,0.043,0.37
1964,25,1,2,518,0.212,518,584,1.127,0.94,Excellent,191,217,408,0.532,0.602,0.106,0.135,0.12,0.514
1965,25,1,2,379,0.083,203,163,0.803,0.65,Very Good,94,65,159,0.409,0.428,0.123,0.103,0.084,0.399
1966,25,1,2,109,0.079,194,186,0.959,0.9,Excellent,70,64,134,0.478,0.485,0.144,0.196,0.175,0.495
1967,25,1,2,9,0.067,164,198,1.207,0.88,Excellent,50,78,128,0.609,0.609,0.061,0.189,0.177,0.616
1968,25,1,2,216,0.044,107,106,0.991,0.31,Average,39,44,83,0.53,0.536,0.103,0.14,0.112,0.514
1969,25,1,2,387,0.043,106,118,1.113,0.98,Excellent,29,48,77,0.623,0.623,0.142,0.226,0.198,0.557
1970,25,1,2,383,0.037,91,88,0.967,0.53,Good,44,30,74,0.405,0.493,0.088,0.11,0.099,0.418
1971,25,1,2,215,0.037,90,55,0.611,0.08,Poor,54,21,75,0.28,0.347,0.122,0.044,0.044,0.256
1972,25,1,2,68,0.021,52,57,1.096,0.96,Excellent,19,21,40,0.525,0.65,0.154,0.096,0.096,0.462
1973,25,1,2,214,0.063,154,94,0.61,0.88,Excellent,13,13,26,0.5,0.5,0.506,0.338,0.026,0.344
1974,25,1,3,112,0.108,265,245,0.925,0.79,Very Good,115,85,200,0.425,0.46,0.109,0.162,0.147,0.453
1975,25,1,3,385,0.185,452,418,0.925,0.8,Very Good,217,153,370,0.414,0.489,0.102,0.088,0.075,0.407
1976,25,1,3,393,0.049,120,131,1.092,0.97,Excellent,37,54,91,0.593,0.599,0.125,0.2,0.175,0.542
1977,25,1,4,108,0.029,71,59,0.831,0.27,Below Average,45,21,66,0.318,0.409,0.014,0.07,0.07,0.338
1978,25,1,4,377,0.11,269,259,0.963,0.92,Excellent,123,88,211,0.417,0.536,0.145,0.078,0.067,0.39
1979,25,1,4,388,0.006,14,13,0.929,0.32,Average,8,6,14,0.429,0.464,0,0,0,0.429
1980,25,1,5,378,0.001,3,0,0,-,-,2,0,2,0,0,0.333,0,0,0
1981,25,1,5,389,0.003,8,7,0.875,-,-,2,3,5,0.6,0.7,0.375,0,0,0.375
1982,25,1,7,8,0.391,575,559,0.972,0.32,Average,387,188,575,0.327,0.486,0,0.002,0.002,0.327
1983,25,1,7,67,0.654,376,330,0.878,0.18,Below Average,265,111,376,0.295,0.439,0,0.003,0.003,0.295
1984,25,1,7,520,0.346,199,229,1.151,0.66,Very Good,122,77,199,0.387,0.575,0,0,0,0.387
1985,25,1,8,4,0.135,199,163,0.819,0.69,Very Good,125,74,199,0.372,0.41,0,0,0,0.372
1986,25,1,9,492,0.141,113,98,0.867,0.84,Excellent,64,49,113,0.434,0.434,0,0.009,0.009,0.434
1987,25,1,9,213,0.078,62,42,0.677,0.37,Average,41,21,62,0.339,0.339,0,0,0,0.339
1988,25,1,9,210,0.781,624,600,0.962,0.28,Below Average,424,200,624,0.321,0.481,0,0,0,0.321
1989,25,2,30,523,1,2450,2254,0.92,0.28,Below Average,981,840,1821,0.461,0.523,0.167,0.116,0.079,0.421
1990,25,2,30,518,0.176,431,424,0.984,0.48,Average,162,160,322,0.497,0.55,0.16,0.132,0.102,0.452
1991,25,2,30,220,0.824,2019,1830,0.906,0.23,Below Average,819,680,1499,0.454,0.517,0.168,0.112,0.074,0.415
1992,25,2,30,494,0.037,90,71,0.789,0.26,Below Average,53,27,80,0.338,0.425,0.1,0.022,0.022,0.311
1993,25,2,30,217,0.074,150,139,0.927,0.23,Below Average,67,50,117,0.427,0.496,0.127,0.12,0.093,0.407
1994,25,2,30,218,0.048,97,81,0.835,0.46,Average,42,30,72,0.417,0.479,0.165,0.113,0.082,0.392
1995,25,2,30,1,0.125,252,217,0.861,0.48,Average,103,84,187,0.449,0.495,0.171,0.111,0.083,0.421
1996,25,2,30,2,0.964,1946,1767,0.908,0.21,Below Average,793,654,1447,0.452,0.516,0.167,0.113,0.075,0.414
1997,25,2,30,3,0.036,73,63,0.863,0.67,Very Good,26,26,52,0.5,0.548,0.192,0.096,0.041,0.425
1998,25,2,30,524,0.082,165,132,0.8,0.67,Very Good,72,47,119,0.395,0.458,0.17,0.121,0.061,0.376
1999,25,2,2,495,0.228,558,544,0.975,0.25,Below Average,294,195,489,0.399,0.524,0.088,0.048,0.034,0.38
2000,25,2,2,518,0.176,431,424,0.984,0.48,Average,162,160,322,0.497,0.55,0.16,0.132,0.102,0.452
2001,25,2,2,379,0.124,305,275,0.902,0.3,Below Average,106,108,214,0.505,0.505,0.187,0.157,0.118,0.456
2002,25,2,2,109,0.116,283,227,0.802,0.37,Average,129,80,209,0.383,0.431,0.145,0.134,0.092,0.382
2003,25,2,2,9,0.058,143,101,0.706,0.78,Very Good,71,33,104,0.317,0.337,0.14,0.147,0.119,0.357
2004,25,2,2,216,0.058,143,167,1.168,0.26,Below Average,34,75,109,0.688,0.688,0.14,0.119,0.098,0.601
2005,25,2,2,387,0.058,142,183,1.289,0.02,Poor,35,78,113,0.69,0.69,0.099,0.162,0.134,0.648
2006,25,2,2,383,0.055,134,137,1.022,0.21,Below Average,71,51,122,0.418,0.52,0.06,0.06,0.06,0.41
2007,25,2,2,215,0.029,71,83,1.169,0.15,Below Average,25,32,57,0.561,0.64,0.127,0.113,0.099,0.507
2008,25,2,2,68,0.029,70,53,0.757,0.68,Very Good,38,21,59,0.356,0.432,0.114,0.043,0.029,0.329
2009,25,2,2,214,0.069,170,60,0.353,0.93,Excellent,16,7,23,0.304,0.348,0.665,0.2,0.006,0.206
2010,25,2,3,112,0.078,190,144,0.758,0.79,Very Good,95,49,144,0.34,0.382,0.132,0.121,0.095,0.363
2011,25,2,3,385,0.182,446,399,0.895,0.31,Average,200,146,346,0.422,0.484,0.132,0.119,0.085,0.404
2012,25,2,3,393,0.164,402,397,0.988,0.16,Below Average,145,154,299,0.515,0.555,0.159,0.132,0.1,0.47
2013,25,2,4,108,0.019,47,43,0.915,0.58,Good,24,16,40,0.4,0.5,0.106,0.043,0.021,0.383
2014,25,2,4,377,0.08,196,180,0.918,0.18,Below Average,71,66,137,0.482,0.566,0.23,0.107,0.061,0.388
2015,25,2,4,388,0.04,97,122,1.258,0.14,Poor,39,46,85,0.541,0.682,0.072,0.052,0.041,0.515
2016,25,2,5,378,0.002,6,5,0.833,-,-,2,1,3,0.333,0.5,0.333,0.167,0,0.333
2017,25,2,5,389,0.029,71,76,1.07,0.12,Poor,19,27,46,0.587,0.739,0.282,0.07,0.056,0.437
2018,25,2,7,8,0.322,482,531,1.102,0.24,Below Average,296,186,482,0.386,0.551,0,0,0,0.386
2019,25,2,7,67,0.635,306,335,1.095,0.16,Below Average,189,117,306,0.382,0.547,0,0,0,0.382
2020,25,2,7,520,0.365,176,196,1.114,0.47,Average,107,69,176,0.392,0.557,0,0,0,0.392
2021,25,2,8,4,0.18,270,226,0.837,0.31,Average,170,100,270,0.37,0.415,0,0.007,0.007,0.37
2022,25,2,9,492,0.174,141,115,0.816,0.31,Average,84,57,141,0.404,0.404,0,0.007,0.007,0.404
2023,25,2,9,213,0.156,126,108,0.857,0.17,Below Average,72,54,126,0.429,0.429,0,0,0,0.429
2024,25,2,9,210,0.67,542,574,1.059,0.34,Average,351,191,542,0.352,0.529,0,0.002,0.002,0.352
2025,24,1,1,523,1,2189,2100,0.959,0.87,Excellent,861,753,1614,0.467,0.532,0.154,0.133,0.08,0.439
2026,24,1,1,518,0.124,272,289,1.062,0.84,Excellent,86,102,188,0.543,0.588,0.151,0.18,0.121,0.511
2027,24,1,1,220,0.876,1917,1811,0.945,0.88,Excellent,775,651,1426,0.457,0.525,0.154,0.126,0.075,0.428
2028,24,1,1,494,0.026,56,32,0.571,0.21,Below Average,37,8,45,0.178,0.222,0.089,0.125,0.089,0.25
2029,24,1,1,217,0.07,135,140,1.037,0.96,Excellent,51,53,104,0.51,0.558,0.141,0.126,0.089,0.474
2030,24,1,1,218,0.061,116,100,0.862,0.63,Good,45,35,80,0.438,0.5,0.198,0.138,0.06,0.397
2031,24,1,1,1,0.119,228,207,0.908,0.73,Very Good,89,78,167,0.467,0.536,0.189,0.092,0.053,0.412
2032,24,1,1,212,0.931,1785,1706,0.956,0.93,Excellent,712,616,1328,0.464,0.531,0.154,0.128,0.076,0.434
2033,24,1,1,522,0.069,132,105,0.795,0.2,Below Average,63,35,98,0.357,0.434,0.159,0.098,0.053,0.356
2034,24,1,1,525,0.066,126,96,0.762,0.31,Average,51,32,83,0.386,0.452,0.23,0.127,0.032,0.349
2035,24,1,2,495,0.208,455,451,0.991,0.8,Very Good,262,157,419,0.375,0.495,0.042,0.055,0.04,0.38
2036,24,1,2,518,0.127,277,266,0.96,0.96,Excellent,102,91,193,0.472,0.536,0.181,0.141,0.105,0.448
2037,24,1,2,387,0.124,272,289,1.062,0.84,Excellent,86,102,188,0.543,0.588,0.151,0.18,0.121,0.511
2038,24,1,2,379,0.105,230,263,1.143,0.73,Very Good,74,113,187,0.604,0.604,0.104,0.135,0.122,0.574
2039,24,1,2,109,0.083,181,182,1.006,0.78,Very Good,88,64,152,0.421,0.549,0.105,0.061,0.039,0.398
2040,24,1,2,9,0.076,166,150,0.904,0.7,Very Good,67,60,127,0.472,0.472,0.12,0.145,0.096,0.446
2041,24,1,2,216,0.058,127,140,1.102,0.69,Very Good,39,56,95,0.589,0.589,0.102,0.181,0.142,0.567
2042,24,1,2,215,0.053,117,119,1.017,0.95,Excellent,47,43,90,0.478,0.528,0.137,0.162,0.12,0.462
2043,24,1,2,383,0.045,98,108,1.102,0.82,Very Good,35,46,81,0.568,0.617,0.122,0.092,0.092,0.51
2044,24,1,2,68,0.032,69,46,0.667,0.21,Below Average,43,17,60,0.283,0.375,0.101,0.029,0,0.261
2045,24,1,2,214,0.09,197,86,0.437,0.39,Average,18,4,22,0.182,0.205,0.589,0.299,0.02,0.264
2046,24,1,3,112,0.066,145,140,0.966,0.88,Excellent,63,51,114,0.447,0.5,0.131,0.145,0.11,0.434
2047,24,1,3,385,0.23,504,493,0.978,0.94,Excellent,210,183,393,0.466,0.539,0.139,0.101,0.079,0.438
2048,24,1,3,393,0.098,215,191,0.888,0.54,Good,94,76,170,0.447,0.459,0.112,0.126,0.088,0.428
2049,24,1,4,108,0.013,28,21,0.75,0.16,Below Average,16,8,24,0.333,0.396,0.107,0.071,0.071,0.321
2050,24,1,4,377,0.124,272,238,0.875,0.72,Very Good,108,92,200,0.46,0.543,0.217,0.066,0.04,0.379
2051,24,1,4,388,0.022,49,41,0.837,0.18,Below Average,27,16,43,0.372,0.419,0.082,0.061,0.061,0.367
2052,24,1,5,378,0.009,20,15,0.75,0.51,Good,11,5,16,0.313,0.406,0.15,0.1,0.05,0.3
2053,24,1,5,389,0.014,31,25,0.806,0.51,Good,16,8,24,0.333,0.354,0.065,0.161,0.097,0.387
2054,24,1,7,8,0.324,462,486,1.052,0.59,Good,295,167,462,0.361,0.526,0,0,0,0.361
2055,24,1,7,67,0.589,272,288,1.059,0.76,Very Good,173,99,272,0.364,0.529,0,0,0,0.364
2056,24,1,7,520,0.411,190,198,1.042,0.37,Average,122,68,190,0.358,0.521,0,0,0,0.358
2057,24,1,8,4,0.163,233,209,0.897,0.87,Excellent,146,87,233,0.373,0.446,0,0.004,0.004,0.373
2058,24,1,9,492,0.153,114,69,0.605,0.12,Poor,80,34,114,0.298,0.298,0,0.009,0.009,0.298
2059,24,1,9,213,0.109,81,82,1.012,0.97,Excellent,40,41,81,0.506,0.506,0,0,0,0.506
2060,24,1,9,210,0.738,548,582,1.062,0.64,Good,354,194,548,0.354,0.531,0,0,0,0.354
2061,24,2,30,523,1,2170,1920,0.885,0.54,Good,962,702,1664,0.422,0.479,0.133,0.121,0.088,0.406
2062,24,2,30,518,0.156,339,299,0.882,0.89,Excellent,147,105,252,0.417,0.472,0.136,0.139,0.094,0.41
2063,24,2,30,220,0.844,1831,1621,0.885,0.39,Average,815,597,1412,0.423,0.48,0.132,0.118,0.087,0.406
2064,24,2,30,494,0.039,84,64,0.762,0.34,Average,50,22,72,0.306,0.382,0.083,0.095,0.083,0.31
2065,24,2,30,217,0.073,134,124,0.925,0.24,Below Average,58,49,107,0.458,0.514,0.134,0.075,0.067,0.418
2066,24,2,30,218,0.037,68,62,0.912,0.26,Below Average,31,23,54,0.426,0.481,0.088,0.118,0.074,0.441
2067,24,2,30,1,0.123,226,209,0.925,0.21,Below Average,106,75,181,0.414,0.486,0.115,0.106,0.08,0.403
2068,24,2,30,2,0.993,1818,1618,0.89,0.33,Average,806,596,1402,0.425,0.483,0.131,0.119,0.087,0.408
2069,24,2,30,3,0.007,13,3,0.231,1,Excellent,9,1,10,0.1,0.15,0.231,0,0,0.077
2070,24,2,30,524,0.035,64,60,0.938,0.27,Below Average,29,18,47,0.383,0.415,0.094,0.219,0.109,0.438
2071,24,2,2,495,0.249,541,521,0.963,0.29,Below Average,290,186,476,0.391,0.507,0.074,0.059,0.048,0.379
2072,24,2,2,379,0.156,339,299,0.882,0.89,Excellent,147,105,252,0.417,0.472,0.136,0.139,0.094,0.41
2073,24,2,2,518,0.109,236,188,0.797,0.39,Average,103,72,175,0.411,0.443,0.157,0.123,0.089,0.386
2074,24,2,2,9,0.108,234,181,0.774,0.8,Very Good,106,74,180,0.411,0.411,0.137,0.128,0.094,0.385
2075,24,2,2,215,0.084,183,213,1.164,0.26,Below Average,59,91,150,0.607,0.607,0.077,0.137,0.126,0.585
2076,24,2,2,387,0.066,143,131,0.916,0.46,Average,75,48,123,0.39,0.472,0.084,0.07,0.07,0.392
2077,24,2,2,216,0.054,117,90,0.769,0.61,Good,56,30,86,0.349,0.372,0.12,0.145,0.12,0.393
2078,24,2,2,109,0.047,102,94,0.922,0.89,Excellent,39,36,75,0.48,0.48,0.098,0.206,0.176,0.49
2079,24,2,2,383,0.036,79,71,0.899,0.66,Very Good,38,27,65,0.415,0.454,0.063,0.165,0.177,0.418
2080,24,2,2,68,0.036,79,71,0.899,0.33,Average,35,27,62,0.435,0.524,0.177,0.076,0.076,0.367
2081,24,2,2,214,0.054,117,61,0.521,0.33,Average,14,6,20,0.3,0.3,0.547,0.282,0.043,0.308
2082,24,2,3,112,0.071,154,120,0.779,0.73,Very Good,77,42,119,0.353,0.382,0.097,0.13,0.11,0.396
2083,24,2,3,385,0.216,468,412,0.88,0.37,Average,217,156,373,0.418,0.472,0.118,0.111,0.094,0.402
2084,24,2,3,393,0.137,297,256,0.862,0.64,Good,137,100,237,0.422,0.451,0.118,0.121,0.091,0.401
2085,24,2,4,108,0.017,37,30,0.811,0.79,Very Good,21,12,33,0.364,0.409,0.027,0.081,0.081,0.405
2086,24,2,4,377,0.121,263,228,0.867,0.34,Average,114,84,198,0.424,0.497,0.171,0.103,0.087,0.376
2087,24,2,4,388,0.029,63,75,1.19,0.2,Below Average,31,26,57,0.456,0.579,0.048,0.095,0.079,0.46
2088,24,2,5,378,0.006,12,12,1,0.15,Below Average,6,5,11,0.455,0.545,0.083,0,0,0.417
2089,24,2,5,389,0.012,27,28,1.037,0.16,Below Average,9,11,20,0.55,0.675,0.259,0.037,0.037,0.407
2090,24,2,7,8,0.319,451,448,0.993,0.68,Very Good,296,155,451,0.344,0.497,0,0.002,0.002,0.344
2091,24,2,7,67,0.676,305,273,0.895,0.83,Excellent,210,95,305,0.311,0.448,0,0.003,0.003,0.311
2092,24,2,7,520,0.324,146,175,1.199,0.24,Below Average,86,60,146,0.411,0.599,0,0,0,0.411
2093,24,2,8,4,0.153,216,188,0.87,0.2,Below Average,133,83,216,0.384,0.433,0,0.005,0.005,0.384
2094,24,2,9,492,0.204,141,109,0.773,0.48,Average,87,54,141,0.383,0.383,0,0.007,0.007,0.383
2095,24,2,9,213,0.104,72,58,0.806,0.28,Below Average,43,29,72,0.403,0.403,0,0,0,0.403
2096,24,2,9,210,0.692,479,486,1.015,0.57,Good,317,162,479,0.338,0.507,0,0.002,0.002,0.338
2097,23,1,1,523,1,1902,1784,0.938,0.8,Very Good,717,638,1355,0.471,0.53,0.169,0.142,0.097,0.436
2098,23,1,1,518,0.134,254,273,1.075,0.87,Excellent,86,97,183,0.53,0.593,0.161,0.15,0.142,0.492
2099,23,1,1,220,0.866,1648,1511,0.917,0.79,Very Good,631,541,1172,0.462,0.52,0.171,0.141,0.09,0.428
2100,23,1,1,494,0.056,106,76,0.717,0.57,Good,59,27,86,0.314,0.366,0.113,0.094,0.066,0.33
2101,23,1,1,217,0.092,152,113,0.743,0.24,Below Average,65,42,107,0.393,0.425,0.211,0.105,0.086,0.355
2102,23,1,1,218,0.058,96,87,0.906,0.76,Very Good,39,31,70,0.443,0.521,0.177,0.115,0.094,0.406
2103,23,1,1,1,0.124,204,161,0.789,0.33,Average,93,59,152,0.388,0.434,0.167,0.098,0.059,0.368
2104,23,1,1,212,0.934,1540,1409,0.915,0.81,Very Good,588,508,1096,0.464,0.519,0.168,0.143,0.091,0.431
2105,23,1,1,522,0.066,108,102,0.944,0.63,Good,43,33,76,0.434,0.539,0.204,0.111,0.083,0.389
2106,23,1,1,525,0.055,91,89,0.978,0.87,Excellent,37,28,65,0.431,0.508,0.132,0.209,0.099,0.451
2107,23,1,2,495,0.239,455,432,0.949,0.64,Good,251,150,401,0.374,0.494,0.068,0.073,0.057,0.369
2108,23,1,2,518,0.147,280,240,0.857,0.81,Very Good,95,99,194,0.51,0.521,0.211,0.111,0.096,0.425
2109,23,1,2,379,0.134,254,273,1.075,0.87,Excellent,86,97,183,0.53,0.593,0.161,0.15,0.142,0.492
2110,23,1,2,387,0.111,211,248,1.175,0.8,Very Good,55,95,150,0.633,0.633,0.118,0.209,0.185,0.611
2111,23,1,2,9,0.078,149,115,0.772,0.32,Average,63,44,107,0.411,0.411,0.148,0.141,0.081,0.403
2112,23,1,2,215,0.049,94,101,1.074,0.76,Very Good,34,36,70,0.514,0.586,0.128,0.16,0.149,0.5
2113,23,1,2,109,0.045,86,87,1.012,0.79,Very Good,45,30,75,0.4,0.527,0.081,0.093,0.058,0.395
2114,23,1,2,216,0.042,79,100,1.266,0.96,Excellent,23,39,62,0.629,0.637,0.025,0.228,0.127,0.646
2115,23,1,2,383,0.036,69,48,0.696,0.24,Below Average,31,17,48,0.354,0.365,0.203,0.145,0.116,0.348
2116,23,1,2,68,0.035,67,57,0.851,0.63,Good,28,20,48,0.417,0.469,0.164,0.119,0.104,0.403
2117,23,1,2,214,0.083,158,83,0.525,0.68,Very Good,6,11,17,0.647,0.706,0.62,0.278,0.006,0.291
2118,23,1,3,112,0.049,94,75,0.798,0.39,Average,38,27,65,0.415,0.446,0.202,0.149,0.128,0.394
2119,23,1,3,385,0.292,555,537,0.968,0.93,Excellent,214,209,423,0.494,0.548,0.15,0.108,0.09,0.449
2120,23,1,3,393,0.1,190,154,0.811,0.28,Below Average,86,57,143,0.399,0.423,0.126,0.137,0.089,0.4
2121,23,1,4,108,0.013,25,27,1.08,0.72,Very Good,7,10,17,0.588,0.676,0.2,0.16,0.16,0.52
2122,23,1,4,377,0.168,319,297,0.931,0.87,Excellent,119,110,229,0.48,0.572,0.213,0.091,0.072,0.408
2123,23,1,4,388,0.022,41,39,0.951,0.38,Average,23,13,36,0.361,0.458,0.049,0.122,0.122,0.39
2124,23,1,5,378,0.004,8,15,1.875,-,-,1,5,6,0.833,1.167,0.125,0.125,0.125,0.75
2125,23,1,5,389,0.013,25,30,1.2,0.97,Excellent,9,13,22,0.591,0.636,0.08,0.08,0.08,0.56
2126,23,1,7,8,0.323,378,401,1.061,0.63,Good,242,136,378,0.36,0.528,0,0.011,0.011,0.36
2127,23,1,7,67,0.603,228,244,1.07,0.78,Very Good,145,83,228,0.364,0.531,0,0.018,0.018,0.364
2128,23,1,7,520,0.397,150,157,1.047,0.39,Average,97,53,150,0.353,0.523,0,0,0,0.353
2129,23,1,8,4,0.087,102,92,0.902,0.89,Excellent,61,41,102,0.402,0.446,0,0.01,0.01,0.402
2130,23,1,9,492,0.13,64,51,0.797,0.68,Very Good,39,25,64,0.391,0.391,0,0.016,0.016,0.391
2131,23,1,9,213,0.089,44,34,0.773,0.67,Very Good,27,17,44,0.386,0.386,0,0,0,0.386
2132,23,1,9,210,0.78,384,416,1.083,0.73,Very Good,246,138,384,0.359,0.539,0,0.01,0.01,0.359
2133,23,2,30,523,1,1886,1741,0.923,0.26,Below Average,700,600,1300,0.462,0.535,0.188,0.152,0.098,0.422
2134,23,2,30,518,0.144,272,294,1.081,0.13,Poor,90,104,194,0.536,0.611,0.154,0.176,0.154,0.496
2135,23,2,30,220,0.856,1614,1447,0.897,0.29,Below Average,610,496,1106,0.448,0.522,0.193,0.147,0.089,0.409
2136,23,2,30,494,0.067,126,91,0.722,0.45,Average,69,32,101,0.317,0.376,0.135,0.079,0.048,0.31
2137,23,2,30,217,0.081,131,119,0.908,0.29,Below Average,47,42,89,0.472,0.539,0.229,0.107,0.084,0.405
2138,23,2,30,218,0.052,84,54,0.643,0.89,Excellent,38,16,54,0.296,0.352,0.25,0.131,0.083,0.298
2139,23,2,30,1,0.129,209,183,0.876,0.4,Average,84,58,142,0.408,0.493,0.187,0.158,0.091,0.402
2140,23,2,30,2,0.863,1393,1243,0.892,0.3,Below Average,514,430,944,0.456,0.528,0.204,0.146,0.093,0.406
2141,23,2,30,3,0.137,221,204,0.923,0.45,Average,96,66,162,0.407,0.491,0.127,0.154,0.063,0.425
2142,23,2,30,524,0.251,405,356,0.879,0.43,Average,162,119,281,0.423,0.495,0.183,0.146,0.084,0.4
2143,23,2,2,495,0.28,529,487,0.921,0.52,Good,282,161,443,0.363,0.488,0.102,0.076,0.055,0.357
2144,23,2,2,379,0.144,272,294,1.081,0.13,Poor,90,104,194,0.536,0.611,0.154,0.176,0.154,0.496
2145,23,2,2,518,0.095,180,206,1.144,0.32,Average,49,87,136,0.64,0.64,0.122,0.139,0.122,0.589
2146,23,2,2,9,0.082,154,85,0.552,0.99,Excellent,67,31,98,0.316,0.342,0.279,0.117,0.091,0.266
2147,23,2,2,387,0.075,142,126,0.887,0.35,Average,55,53,108,0.491,0.491,0.148,0.134,0.127,0.458
2148,23,2,2,383,0.064,120,100,0.833,0.43,Average,43,33,76,0.434,0.487,0.225,0.183,0.15,0.4
2149,23,2,2,215,0.057,108,129,1.194,0.04,Poor,45,41,86,0.477,0.645,0.13,0.093,0.065,0.454
2150,23,2,2,216,0.047,89,116,1.303,0.01,Poor,18,43,61,0.705,0.73,0.101,0.281,0.191,0.663
2151,23,2,2,109,0.032,61,58,0.951,0.22,Below Average,24,20,44,0.455,0.511,0.197,0.148,0.131,0.41
2152,23,2,2,68,0.023,44,46,1.045,0.31,Average,17,18,35,0.514,0.543,0.068,0.182,0.159,0.5
2153,23,2,2,214,0.099,187,94,0.503,0.4,Average,10,9,19,0.474,0.5,0.572,0.332,0.016,0.299
2154,23,2,3,112,0.093,176,147,0.835,0.52,Good,73,50,123,0.407,0.476,0.182,0.148,0.125,0.381
2155,23,2,3,385,0.165,311,248,0.797,0.79,Very Good,134,88,222,0.396,0.462,0.196,0.122,0.1,0.357
2156,23,2,3,393,0.103,194,178,0.918,0.4,Average,81,73,154,0.474,0.506,0.129,0.108,0.098,0.443
2157,23,2,4,108,0.03,56,47,0.839,0.74,Very Good,30,17,47,0.362,0.457,0.089,0.071,0.071,0.339
2158,23,2,4,377,0.105,198,167,0.843,0.43,Average,67,57,124,0.46,0.556,0.278,0.121,0.086,0.364
2159,23,2,4,388,0.028,52,52,1,0.56,Good,26,20,46,0.435,0.543,0.077,0.038,0.019,0.404
2160,23,2,5,378,0.008,16,8,0.5,0.87,Excellent,5,3,8,0.375,0.375,0.438,0.063,0.063,0.25
2161,23,2,5,389,0.022,42,39,0.929,0.32,Average,16,14,30,0.467,0.55,0.167,0.119,0.095,0.429
2162,23,2,7,8,0.365,404,436,1.079,0.28,Below Average,255,149,404,0.369,0.537,0,0.007,0.007,0.369
2163,23,2,7,67,0.658,266,273,1.026,0.35,Average,172,94,266,0.353,0.509,0,0.011,0.011,0.353
2164,23,2,7,520,0.342,138,163,1.181,0.28,Below Average,83,55,138,0.399,0.591,0,0,0,0.399
2165,23,2,8,4,0.154,170,135,0.794,0.48,Average,113,57,170,0.335,0.391,0,0.018,0.018,0.335
2166,23,2,9,492,0.154,93,72,0.774,0.47,Average,58,35,93,0.376,0.376,0,0.022,0.022,0.376
2167,23,2,9,213,0.078,47,43,0.915,0.07,Poor,26,21,47,0.447,0.447,0,0.021,0.021,0.447
2168,23,2,9,210,0.768,463,491,1.06,0.33,Average,300,163,463,0.352,0.528,0,0.009,0.009,0.352
2169,30,1,1,523,1,2328,1958,0.841,0.29,Below Average,1005,727,1732,0.42,0.471,0.17,0.108,0.086,0.387
2170,30,1,1,518,0.207,482,478,0.992,0.56,Good,193,187,380,0.492,0.542,0.133,0.114,0.098,0.459
2171,30,1,1,220,0.793,1846,1480,0.802,0.23,Below Average,812,540,1352,0.399,0.452,0.179,0.107,0.083,0.368
2172,30,1,1,494,0.021,48,32,0.667,0.42,Average,29,12,41,0.293,0.329,0.104,0.083,0.063,0.292
2173,30,1,1,217,0.077,142,127,0.894,0.7,Very Good,58,51,109,0.468,0.541,0.19,0.063,0.056,0.387
2174,30,1,1,218,0.05,93,71,0.763,0.39,Average,47,26,73,0.356,0.418,0.161,0.054,0.043,0.333
2175,30,1,1,1,0.107,197,134,0.68,0.09,Poor,98,49,147,0.333,0.364,0.173,0.081,0.066,0.32
2176,30,1,1,212,0.96,1772,1413,0.797,0.26,Below Average,776,514,1290,0.398,0.45,0.182,0.108,0.084,0.366
2177,30,1,1,522,0.04,74,67,0.905,0.5,Average,36,26,62,0.419,0.484,0.108,0.068,0.068,0.405
2178,30,1,1,525,0.049,91,52,0.571,0.03,Poor,35,20,55,0.364,0.4,0.297,0.11,0.088,0.286
2179,30,1,2,495,0.207,482,408,0.846,0.25,Below Average,259,140,399,0.351,0.447,0.114,0.073,0.068,0.344
2180,30,1,2,518,0.207,482,478,0.992,0.56,Good,193,187,380,0.492,0.542,0.133,0.114,0.098,0.459
2181,30,1,2,9,0.089,207,129,0.623,0.11,Poor,104,48,152,0.316,0.352,0.203,0.072,0.063,0.285
2182,30,1,2,379,0.089,207,160,0.773,0.33,Average,98,66,164,0.402,0.402,0.121,0.116,0.097,0.386
2183,30,1,2,387,0.069,160,146,0.913,0.57,Good,87,54,141,0.383,0.479,0.094,0.044,0.038,0.363
2184,30,1,2,109,0.068,158,177,1.12,0.74,Very Good,43,70,113,0.619,0.628,0.139,0.177,0.146,0.57
2185,30,1,2,215,0.066,153,156,1.02,0.33,Average,53,66,119,0.555,0.555,0.111,0.137,0.118,0.51
2186,30,1,2,216,0.064,148,95,0.642,0.14,Poor,76,33,109,0.303,0.312,0.162,0.115,0.101,0.324
2187,30,1,2,68,0.036,83,58,0.699,0.11,Poor,36,21,57,0.368,0.386,0.205,0.145,0.133,0.349
2188,30,1,2,383,0.036,83,78,0.94,0.79,Very Good,41,27,68,0.397,0.522,0.108,0.072,0.072,0.373
2189,30,1,2,214,0.071,165,73,0.442,0.41,Average,15,15,30,0.5,0.55,0.636,0.194,0.055,0.242
2190,30,1,3,112,0.075,175,122,0.697,0.13,Poor,87,42,129,0.326,0.353,0.154,0.12,0.109,0.337
2191,30,1,3,385,0.168,391,277,0.708,0.09,Poor,193,100,293,0.341,0.379,0.171,0.102,0.092,0.327
2192,30,1,3,393,0.104,242,201,0.831,0.34,Average,113,83,196,0.423,0.441,0.116,0.099,0.083,0.401
2193,30,1,4,108,0.012,27,27,1,0.57,Good,11,9,20,0.45,0.575,0.111,0.148,0.148,0.407
2194,30,1,4,377,0.095,221,148,0.67,0.12,Poor,89,52,141,0.369,0.408,0.281,0.113,0.104,0.312
2195,30,1,4,388,0.015,35,41,1.171,0.78,Very Good,15,17,32,0.531,0.641,0.086,0,0,0.486
2196,30,1,5,378,0,1,0,0,-,-,0,0,0,-,-,1,0,0,0
2197,30,1,5,389,0.01,23,21,0.913,0.68,Very Good,9,9,18,0.5,0.583,0.217,0,0,0.391
2198,30,1,7,8,0.289,391,379,0.969,0.31,Average,257,134,391,0.343,0.483,0,0.003,0.003,0.343
2199,30,1,7,67,0.601,235,206,0.877,0.18,Below Average,162,73,235,0.311,0.436,0,0.004,0.004,0.311
2200,30,1,7,520,0.399,156,173,1.109,0.56,Good,95,61,156,0.391,0.554,0,0,0,0.391
2201,30,1,8,4,0.162,219,162,0.74,0.36,Average,152,67,219,0.306,0.365,0,0.009,0.009,0.306
2202,30,1,9,492,0.151,101,53,0.525,0.05,Poor,76,25,101,0.248,0.248,0,0.03,0.03,0.248
2203,30,1,9,213,0.19,127,99,0.78,0.69,Very Good,78,49,127,0.386,0.386,0,0.008,0.008,0.386
2204,30,1,9,210,0.659,440,424,0.964,0.29,Below Average,299,141,440,0.32,0.481,0,0.002,0.002,0.32
2205,30,2,30,523,1,2304,2259,0.98,0.05,Poor,878,805,1683,0.478,0.546,0.155,0.137,0.084,0.451
2206,30,2,30,518,0.223,513,575,1.121,0.06,Poor,166,209,375,0.557,0.628,0.152,0.146,0.119,0.513
2207,30,2,30,220,0.777,1791,1684,0.94,0.09,Poor,712,596,1308,0.456,0.522,0.155,0.134,0.074,0.433
2208,30,2,30,494,0.033,75,61,0.813,0.2,Below Average,42,23,65,0.354,0.415,0.067,0.08,0.067,0.373
2209,30,2,30,217,0.076,136,127,0.934,0.21,Below Average,61,46,107,0.43,0.495,0.132,0.11,0.088,0.419
2210,30,2,30,218,0.046,82,76,0.927,0.24,Below Average,33,31,64,0.484,0.563,0.195,0.037,0.037,0.402
2211,30,2,30,1,0.109,195,165,0.846,0.54,Good,82,67,149,0.45,0.497,0.179,0.077,0.046,0.4
2212,30,2,30,2,0.677,1213,1171,0.965,0.04,Poor,433,402,835,0.481,0.542,0.172,0.164,0.091,0.453
2213,30,2,30,3,0.323,578,513,0.888,0.56,Good,279,194,473,0.41,0.487,0.119,0.071,0.04,0.389
2214,30,2,30,524,0.216,387,324,0.837,0.56,Good,138,108,246,0.439,0.5,0.217,0.152,0.057,0.401
2215,30,2,2,495,0.257,592,578,0.976,0.25,Below Average,320,191,511,0.374,0.507,0.078,0.066,0.044,0.38
2216,30,2,2,518,0.223,513,575,1.121,0.06,Poor,166,209,375,0.557,0.628,0.152,0.146,0.119,0.513
2217,30,2,2,379,0.116,268,297,1.108,0.44,Average,94,130,224,0.58,0.58,0.086,0.123,0.116,0.556
2218,30,2,2,387,0.072,165,186,1.127,0.28,Below Average,54,77,131,0.588,0.592,0.085,0.139,0.127,0.576
2219,30,2,2,215,0.07,162,157,0.969,0.03,Poor,54,57,111,0.514,0.554,0.167,0.167,0.111,0.481
2220,30,2,2,216,0.064,148,137,0.926,0.24,Below Average,53,51,104,0.49,0.49,0.149,0.169,0.101,0.48
2221,30,2,2,9,0.042,97,89,0.918,0.46,Average,58,33,91,0.363,0.451,0.021,0.052,0.041,0.381
2222,30,2,2,109,0.03,69,66,0.957,0.09,Poor,30,27,57,0.474,0.5,0.116,0.116,0.101,0.449
2223,30,2,2,383,0.017,40,28,0.7,0.79,Very Good,23,9,32,0.281,0.359,0.1,0.125,0.1,0.3
2224,30,2,2,68,0.017,39,44,1.128,0.19,Below Average,14,16,30,0.533,0.6,0.179,0.154,0.154,0.462
2225,30,2,2,214,0.092,211,102,0.483,0.48,Average,12,5,17,0.294,0.294,0.592,0.327,0.005,0.28
2226,30,2,3,112,0.036,83,84,1.012,0.07,Poor,34,34,68,0.5,0.544,0.12,0.108,0.096,0.47
2227,30,2,3,385,0.13,299,304,1.017,0.03,Poor,114,110,224,0.491,0.563,0.144,0.13,0.094,0.465
2228,30,2,3,393,0.091,210,192,0.914,0.41,Average,88,72,160,0.45,0.481,0.129,0.129,0.081,0.443
2229,30,2,4,108,0.006,14,18,1.286,0.11,Poor,4,7,11,0.636,0.773,0.143,0.071,0.071,0.571
2230,30,2,4,377,0.068,157,149,0.949,0.12,Poor,60,53,113,0.469,0.571,0.223,0.083,0.064,0.395
2231,30,2,4,388,0.027,62,55,0.887,0.76,Very Good,35,21,56,0.375,0.464,0.081,0.032,0.032,0.355
2232,30,2,5,378,0,1,0,0,-,-,0,0,0,-,-,1,0,0,0
2233,30,2,5,389,0.018,42,35,0.833,0.48,Average,21,10,31,0.323,0.419,0.119,0.167,0.095,0.357
2234,30,2,7,8,0.369,483,499,1.033,0.49,Average,312,171,483,0.354,0.514,0,0.002,0,0.356
2235,30,2,7,67,0.493,238,244,1.025,0.36,Average,155,83,238,0.349,0.508,0,0.004,0,0.353
2236,30,2,7,520,0.507,245,255,1.041,0.69,Very Good,157,88,245,0.359,0.52,0,0,0,0.359
2237,30,2,8,4,0.102,133,115,0.865,0.22,Below Average,82,51,133,0.383,0.432,0,0,0,0.383
2238,30,2,9,492,0.128,84,68,0.81,0.33,Average,50,34,84,0.405,0.405,0,0,0,0.405
2239,30,2,9,213,0.11,72,62,0.861,0.16,Below Average,41,31,72,0.431,0.431,0,0,0,0.431
2240,30,2,9,210,0.762,499,524,1.05,0.38,Average,325,174,499,0.349,0.523,0,0.002,0,0.351
2241,27,1,1,523,1,2289,2134,0.932,0.77,Very Good,882,784,1666,0.471,0.53,0.178,0.114,0.086,0.427
2242,27,1,1,518,0.197,450,446,0.991,0.56,Good,162,167,329,0.508,0.567,0.171,0.118,0.082,0.453
2243,27,1,1,220,0.803,1839,1688,0.918,0.8,Very Good,720,617,1337,0.461,0.521,0.179,0.113,0.087,0.42
2244,27,1,1,494,0.027,62,48,0.774,0.72,Very Good,30,18,48,0.375,0.448,0.194,0.048,0.032,0.323
2245,27,1,1,217,0.079,146,132,0.904,0.74,Very Good,61,53,114,0.465,0.518,0.158,0.082,0.068,0.411
2246,27,1,1,218,0.043,79,75,0.949,0.84,Excellent,32,29,61,0.475,0.516,0.139,0.114,0.101,0.443
2247,27,1,1,1,0.115,212,197,0.929,0.79,Very Good,80,77,157,0.49,0.532,0.17,0.094,0.08,0.443
2248,27,1,1,212,0.965,1775,1625,0.915,0.81,Very Good,694,596,1290,0.462,0.521,0.18,0.114,0.088,0.42
2249,27,1,1,522,0.035,64,63,0.984,0.75,Very Good,26,21,47,0.447,0.543,0.172,0.094,0.063,0.422
2250,27,1,1,525,0.07,128,113,0.883,0.66,Very Good,43,34,77,0.442,0.487,0.25,0.172,0.086,0.414
2251,27,1,2,495,0.197,451,403,0.894,0.41,Average,244,141,385,0.366,0.49,0.115,0.038,0.035,0.341
2252,27,1,2,518,0.197,450,446,0.991,0.56,Good,162,167,329,0.508,0.567,0.171,0.118,0.082,0.453
2253,27,1,2,9,0.106,242,209,0.864,0.82,Very Good,91,74,165,0.448,0.506,0.211,0.128,0.103,0.401
2254,27,1,2,216,0.088,201,261,1.299,0.98,Excellent,48,103,151,0.682,0.682,0.109,0.194,0.189,0.647
2255,27,1,2,379,0.083,191,147,0.77,0.32,Average,75,61,136,0.449,0.449,0.194,0.105,0.089,0.398
2256,27,1,2,387,0.074,170,133,0.782,0.45,Average,81,49,130,0.377,0.435,0.165,0.088,0.076,0.353
2257,27,1,2,215,0.059,135,144,1.067,0.56,Good,47,64,111,0.577,0.577,0.104,0.089,0.089,0.541
2258,27,1,2,109,0.053,122,109,0.893,0.8,Very Good,48,39,87,0.448,0.466,0.172,0.139,0.107,0.434
2259,27,1,2,68,0.052,118,122,1.034,0.83,Excellent,52,40,92,0.435,0.554,0.136,0.102,0.076,0.424
2260,27,1,2,383,0.028,65,87,1.338,0.98,Excellent,16,36,52,0.692,0.74,0.092,0.138,0.138,0.615
2261,27,1,2,214,0.063,144,73,0.507,0.62,Good,18,10,28,0.357,0.375,0.576,0.25,0.056,0.278
2262,27,1,3,112,0.072,164,158,0.963,0.87,Excellent,65,57,122,0.467,0.508,0.152,0.128,0.104,0.451
2263,27,1,3,385,0.203,464,439,0.946,0.87,Excellent,188,161,349,0.461,0.534,0.162,0.106,0.091,0.42
2264,27,1,3,393,0.106,243,211,0.868,0.47,Average,96,84,180,0.467,0.5,0.177,0.103,0.091,0.416
2265,27,1,4,108,0.018,42,49,1.167,0.84,Excellent,17,18,35,0.514,0.614,0.095,0.095,0.095,0.5
2266,27,1,4,377,0.114,261,234,0.897,0.79,Very Good,97,87,184,0.473,0.56,0.234,0.077,0.065,0.383
2267,27,1,4,388,0.023,52,64,1.231,0.87,Excellent,21,23,44,0.523,0.659,0.115,0.096,0.096,0.481
2268,27,1,5,378,0.003,8,11,1.375,-,-,1,3,4,0.75,0.875,0.25,0.25,0.125,0.625
2269,27,1,5,389,0.014,32,23,0.719,0.33,Average,12,9,21,0.429,0.476,0.25,0.125,0.094,0.344
2270,27,1,7,8,0.287,384,405,1.055,0.6,Good,248,136,384,0.354,0.526,0,0.005,0.005,0.354
2271,27,1,7,67,0.625,240,252,1.05,0.73,Very Good,155,85,240,0.354,0.523,0,0.008,0.008,0.354
2272,27,1,7,520,0.375,144,153,1.062,0.43,Average,93,51,144,0.354,0.531,0,0,0,0.354
2273,27,1,8,4,0.156,208,200,0.962,0.95,Excellent,121,87,208,0.418,0.476,0,0.014,0.014,0.418
2274,27,1,9,492,0.159,98,87,0.888,0.88,Excellent,55,43,98,0.439,0.439,0,0.02,0.02,0.439
2275,27,1,9,213,0.094,58,61,1.052,0.98,Excellent,28,30,58,0.517,0.517,0,0.017,0.017,0.517
2276,27,1,9,210,0.747,461,481,1.043,0.59,Good,301,160,461,0.347,0.521,0,0.004,0.004,0.347
2277,27,2,30,523,1,2355,2047,0.869,0.67,Very Good,1037,762,1799,0.424,0.481,0.148,0.108,0.074,0.4
2278,27,2,30,518,0.148,348,346,0.994,0.42,Average,134,136,270,0.504,0.556,0.138,0.112,0.083,0.46
2279,27,2,30,220,0.852,2007,1701,0.848,0.68,Very Good,903,626,1529,0.409,0.468,0.149,0.108,0.073,0.39
2280,27,2,30,494,0.037,87,52,0.598,0.76,Very Good,57,20,77,0.26,0.312,0.069,0.057,0.046,0.253
2281,27,2,30,217,0.079,159,120,0.755,0.77,Very Good,76,48,124,0.387,0.427,0.164,0.082,0.082,0.352
2282,27,2,30,218,0.042,84,68,0.81,0.52,Good,37,24,61,0.393,0.434,0.143,0.131,0.071,0.417
2283,27,2,30,1,0.103,206,174,0.845,0.55,Good,87,64,151,0.424,0.49,0.18,0.097,0.078,0.393
2284,27,2,30,2,0.975,1956,1662,0.85,0.63,Good,876,612,1488,0.411,0.469,0.151,0.107,0.073,0.391
2285,27,2,30,3,0.025,51,39,0.765,0.89,Excellent,27,14,41,0.341,0.402,0.078,0.118,0.078,0.373
2286,27,2,30,524,0.028,56,45,0.804,0.66,Very Good,14,9,23,0.391,0.5,0.321,0.286,0.089,0.411
2287,27,2,2,495,0.28,660,526,0.797,0.96,Excellent,399,188,587,0.32,0.414,0.074,0.047,0.044,0.318
2288,27,2,2,518,0.148,348,346,0.994,0.42,Average,134,136,270,0.504,0.556,0.138,0.112,0.083,0.46
2289,27,2,2,379,0.1,235,205,0.872,0.14,Poor,90,77,167,0.461,0.509,0.2,0.119,0.094,0.404
2290,27,2,2,9,0.087,204,225,1.103,0.45,Average,75,100,175,0.571,0.571,0.074,0.113,0.113,0.554
2291,27,2,2,387,0.065,153,128,0.837,0.58,Good,57,50,107,0.467,0.467,0.183,0.144,0.111,0.418
2292,27,2,2,68,0.064,151,120,0.795,0.54,Good,68,44,112,0.393,0.42,0.139,0.132,0.093,0.411
2293,27,2,2,216,0.063,149,150,1.007,0.67,Very Good,53,59,112,0.527,0.527,0.094,0.181,0.114,0.544
2294,27,2,2,109,0.055,129,129,1,0.24,Below Average,69,45,114,0.395,0.526,0.07,0.054,0.039,0.388
2295,27,2,2,215,0.04,94,90,0.957,0.51,Good,39,36,75,0.48,0.513,0.117,0.106,0.096,0.457
2296,27,2,2,383,0.028,66,61,0.924,0.26,Below Average,32,22,54,0.407,0.509,0.091,0.106,0.091,0.409
2297,27,2,2,214,0.07,166,67,0.404,0.78,Very Good,21,5,26,0.192,0.192,0.602,0.247,0.024,0.229
2298,27,2,3,112,0.086,202,151,0.748,0.81,Very Good,105,56,161,0.348,0.388,0.114,0.109,0.079,0.366
2299,27,2,3,385,0.217,512,471,0.92,0.2,Below Average,224,179,403,0.444,0.512,0.146,0.09,0.076,0.406
2300,27,2,3,393,0.083,195,159,0.815,0.81,Very Good,84,62,146,0.425,0.445,0.159,0.118,0.092,0.39
2301,27,2,4,108,0.022,51,31,0.608,0.95,Excellent,37,12,49,0.245,0.316,0.039,0.039,0.039,0.235
2302,27,2,4,377,0.137,322,272,0.845,0.43,Average,134,102,236,0.432,0.515,0.214,0.068,0.053,0.363
2303,27,2,4,388,0.018,42,31,0.738,0.92,Excellent,27,12,39,0.308,0.385,0.071,0.024,0.024,0.286
2304,27,2,5,378,0.003,6,6,1,-,-,2,2,4,0.5,0.75,0.333,0,0,0.333
2305,27,2,5,389,0.016,37,33,0.892,0.38,Average,16,13,29,0.448,0.517,0.189,0.054,0.054,0.378
2306,27,2,7,8,0.353,540,476,0.881,0.96,Excellent,375,165,540,0.306,0.441,0,0.004,0.004,0.306
2307,27,2,7,67,0.693,374,317,0.848,0.92,Excellent,265,109,374,0.291,0.424,0,0.003,0.003,0.291
2308,27,2,7,520,0.307,166,159,0.958,0.87,Excellent,110,56,166,0.337,0.479,0,0.006,0.006,0.337
2309,27,2,8,4,0.15,229,208,0.908,0.1,Poor,139,90,229,0.393,0.452,0,0.004,0.004,0.393
2310,27,2,9,492,0.146,120,105,0.875,0.17,Below Average,68,52,120,0.433,0.433,0,0.017,0.017,0.433
2311,27,2,9,213,0.129,106,78,0.736,0.47,Average,67,39,106,0.368,0.368,0,0,0,0.368
2312,27,2,9,210,0.724,594,534,0.899,0.94,Excellent,416,178,594,0.3,0.449,0,0.002,0.002,0.3
2313,31,1,1,523,1,2208,1904,0.862,0.38,Average,923,700,1623,0.431,0.475,0.158,0.13,0.084,0.408
2314,31,1,1,518,0.061,135,112,0.83,0.07,Poor,53,41,94,0.436,0.473,0.156,0.156,0.104,0.415
2315,31,1,1,220,0.939,2073,1792,0.864,0.53,Good,870,659,1529,0.431,0.475,0.158,0.128,0.082,0.408
2316,31,1,1,494,0.037,82,59,0.72,0.58,Good,51,21,72,0.292,0.354,0.073,0.085,0.061,0.293
2317,31,1,1,217,0.078,162,123,0.759,0.29,Below Average,76,47,123,0.382,0.427,0.16,0.08,0.068,0.352
2318,31,1,1,218,0.035,73,74,1.014,0.94,Excellent,29,29,58,0.5,0.569,0.151,0.082,0.068,0.438
2319,31,1,1,1,0.121,250,219,0.876,0.62,Good,100,81,181,0.448,0.494,0.184,0.128,0.092,0.408
2320,31,1,1,212,0.925,1918,1638,0.854,0.52,Good,800,600,1400,0.429,0.468,0.16,0.132,0.083,0.407
2321,31,1,1,522,0.075,155,154,0.994,0.77,Very Good,70,59,129,0.457,0.55,0.129,0.071,0.071,0.419
2322,31,1,1,525,0.081,167,144,0.862,0.61,Good,68,48,116,0.414,0.457,0.15,0.18,0.09,0.419
2323,31,1,2,495,0.283,624,556,0.891,0.4,Average,333,204,537,0.38,0.482,0.096,0.048,0.042,0.364
2324,31,1,2,518,0.142,313,263,0.84,0.49,Average,125,109,234,0.466,0.466,0.147,0.115,0.077,0.435
2325,31,1,2,379,0.117,259,204,0.788,0.59,Good,112,67,179,0.374,0.397,0.162,0.185,0.143,0.39
2326,31,1,2,9,0.107,237,260,1.097,0.58,Good,86,116,202,0.574,0.574,0.105,0.114,0.105,0.532
2327,31,1,2,387,0.061,135,112,0.83,0.07,Poor,53,41,94,0.436,0.473,0.156,0.156,0.104,0.415
2328,31,1,2,109,0.059,131,150,1.145,0.79,Very Good,41,58,99,0.586,0.586,0.084,0.221,0.206,0.595
2329,31,1,2,216,0.055,121,101,0.835,0.32,Average,53,41,94,0.436,0.468,0.182,0.074,0.074,0.38
2330,31,1,2,215,0.042,93,80,0.86,0.46,Average,50,28,78,0.359,0.397,0.065,0.097,0.086,0.398
2331,31,1,2,383,0.039,87,65,0.747,0.39,Average,34,22,56,0.393,0.402,0.195,0.195,0.115,0.391
2332,31,1,2,68,0.019,41,26,0.634,0.15,Below Average,21,10,31,0.323,0.339,0.171,0.073,0.073,0.317
2333,31,1,2,214,0.076,167,87,0.521,0.66,Very Good,15,4,19,0.211,0.263,0.545,0.341,0.012,0.281
2334,31,1,3,112,0.057,126,101,0.802,0.4,Average,55,38,93,0.409,0.435,0.151,0.143,0.087,0.397
2335,31,1,3,385,0.273,602,506,0.841,0.52,Good,275,188,463,0.406,0.449,0.145,0.115,0.091,0.39
2336,31,1,3,393,0.193,426,356,0.836,0.36,Average,187,143,330,0.433,0.453,0.131,0.103,0.073,0.415
2337,31,1,4,108,0.018,39,36,0.923,0.41,Average,21,16,37,0.432,0.486,0.051,0.026,0.026,0.41
2338,31,1,4,377,0.171,377,306,0.812,0.53,Good,163,121,284,0.426,0.482,0.196,0.069,0.048,0.363
2339,31,1,4,388,0.051,113,93,0.823,0.16,Below Average,62,34,96,0.354,0.422,0.088,0.071,0.062,0.363
2340,31,1,5,378,0.003,6,7,1.167,-,-,2,3,5,0.6,0.7,0.167,0,0,0.5
2341,31,1,5,389,0.027,60,37,0.617,0.21,Below Average,23,14,37,0.378,0.432,0.317,0.067,0.05,0.283
2342,31,1,7,8,0.334,511,489,0.957,0.28,Below Average,327,184,511,0.36,0.478,0,0,0,0.36
2343,31,1,7,67,0.571,292,260,0.89,0.22,Below Average,192,100,292,0.342,0.445,0,0,0,0.342
2344,31,1,7,520,0.429,219,229,1.046,0.38,Average,135,84,219,0.384,0.523,0,0,0,0.384
2345,31,1,8,4,0.101,155,110,0.71,0.25,Below Average,105,50,155,0.323,0.355,0,0,0,0.323
2346,31,1,9,492,0.163,113,92,0.814,0.72,Very Good,67,46,113,0.407,0.407,0,0,0,0.407
2347,31,1,9,213,0.212,147,124,0.844,0.84,Excellent,85,62,147,0.422,0.422,0,0,0,0.422
2348,31,1,9,210,0.625,434,402,0.926,0.19,Below Average,300,134,434,0.309,0.463,0,0,0,0.309
2349,31,2,30,523,1,2243,2000,0.892,0.48,Average,929,730,1659,0.44,0.491,0.147,0.133,0.091,0.422
2350,31,2,30,518,0.146,328,304,0.927,0.76,Very Good,129,112,241,0.465,0.515,0.155,0.14,0.101,0.433
2351,31,2,30,220,0.854,1915,1696,0.886,0.39,Average,800,618,1418,0.436,0.487,0.146,0.132,0.09,0.42
2352,31,2,30,494,0.045,100,68,0.68,0.57,Good,55,24,79,0.304,0.348,0.12,0.09,0.07,0.33
2353,31,2,30,217,0.081,156,132,0.846,0.5,Average,70,52,122,0.426,0.475,0.154,0.077,0.058,0.391
2354,31,2,30,218,0.035,67,43,0.642,0.9,Excellent,38,16,54,0.296,0.306,0.104,0.09,0.06,0.328
2355,31,2,30,1,0.126,241,205,0.851,0.53,Good,102,78,180,0.433,0.483,0.178,0.083,0.062,0.394
2356,31,2,30,2,0.999,1913,1694,0.886,0.36,Average,799,617,1416,0.436,0.487,0.146,0.132,0.09,0.42
2357,31,2,30,3,0.001,2,2,1,-,-,1,1,2,0.5,0.5,0,0,0,0.5
2358,31,2,30,524,0.031,60,59,0.983,0.19,Below Average,15,12,27,0.444,0.481,0.167,0.383,0.05,0.533
2359,31,2,2,495,0.196,440,394,0.895,0.64,Good,245,142,387,0.367,0.464,0.075,0.055,0.05,0.366
2360,31,2,2,387,0.146,328,304,0.927,0.76,Very Good,129,112,241,0.465,0.515,0.155,0.14,0.101,0.433
2361,31,2,2,379,0.126,283,222,0.784,0.46,Average,119,82,201,0.408,0.445,0.184,0.124,0.088,0.378
2362,31,2,2,9,0.108,242,183,0.756,0.83,Excellent,108,80,188,0.426,0.426,0.14,0.095,0.07,0.401
2363,31,2,2,518,0.075,169,191,1.13,0.36,Average,47,76,123,0.618,0.618,0.112,0.195,0.178,0.598
2364,31,2,2,216,0.075,168,153,0.911,0.18,Below Average,73,58,131,0.443,0.469,0.107,0.143,0.143,0.446
2365,31,2,2,383,0.067,151,154,1.02,0.21,Below Average,71,50,121,0.413,0.533,0.113,0.093,0.066,0.411
2366,31,2,2,215,0.057,127,138,1.087,0.38,Average,39,54,93,0.581,0.581,0.094,0.228,0.197,0.567
2367,31,2,2,109,0.043,96,80,0.833,0.49,Average,48,29,77,0.377,0.442,0.115,0.094,0.094,0.365
2368,31,2,2,68,0.039,88,86,0.977,0.46,Average,36,33,69,0.478,0.536,0.148,0.091,0.08,0.443
2369,31,2,2,214,0.067,151,95,0.629,0.07,Poor,14,14,28,0.5,0.5,0.464,0.351,0.02,0.364
2370,31,2,3,112,0.087,195,176,0.903,0.29,Below Average,87,67,154,0.435,0.468,0.103,0.133,0.133,0.441
2371,31,2,3,385,0.222,498,425,0.853,0.51,Good,225,159,384,0.414,0.47,0.147,0.098,0.074,0.392
2372,31,2,3,393,0.134,301,235,0.781,0.88,Excellent,140,99,239,0.414,0.427,0.126,0.096,0.073,0.399
2373,31,2,4,108,0.012,27,23,0.852,0.71,Very Good,14,9,23,0.391,0.457,0.074,0.074,0.074,0.407
2374,31,2,4,377,0.113,254,209,0.823,0.52,Good,106,77,183,0.421,0.497,0.224,0.067,0.047,0.358
2375,31,2,4,388,0.026,59,52,0.881,0.78,Very Good,32,19,51,0.373,0.431,0.068,0.102,0.085,0.39
2376,31,2,5,378,0.003,7,2,0.286,-,-,2,1,3,0.333,0.333,0.571,0,0,0.143
2377,31,2,5,389,0.008,18,10,0.556,0.87,Excellent,10,3,13,0.231,0.269,0.167,0.111,0.056,0.278
2378,31,2,7,8,0.26,368,392,1.065,0.34,Average,230,138,368,0.375,0.531,0,0.003,0.003,0.375
2379,31,2,7,67,0.671,247,266,1.077,0.19,Below Average,152,95,247,0.385,0.536,0,0.004,0.004,0.385
2380,31,2,7,520,0.329,121,126,1.041,0.68,Very Good,78,43,121,0.355,0.521,0,0,0,0.355
2381,31,2,8,4,0.198,281,211,0.751,0.64,Good,186,95,281,0.338,0.375,0,0,0,0.338
2382,31,2,9,492,0.235,162,117,0.722,0.66,Very Good,104,58,162,0.358,0.358,0,0.006,0.006,0.358
2383,31,2,9,213,0.143,99,92,0.929,0.06,Poor,53,46,99,0.465,0.465,0,0,0,0.465
2384,31,2,9,210,0.622,429,433,1.009,0.6,Good,285,144,429,0.336,0.503,0,0.002,0.002,0.336
2385,26,1,1,523,1,2366,2139,0.904,0.65,Very Good,1098,804,1902,0.423,0.487,0.12,0.098,0.075,0.406
2386,26,1,1,518,0.237,561,535,0.954,0.41,Average,242,206,448,0.46,0.529,0.135,0.093,0.075,0.422
2387,26,1,1,220,0.763,1805,1604,0.889,0.65,Very Good,856,598,1454,0.411,0.474,0.115,0.1,0.075,0.401
2388,26,1,1,494,0.018,42,23,0.548,0.17,Below Average,28,8,36,0.222,0.264,0.071,0.071,0.048,0.238
2389,26,1,1,217,0.075,135,94,0.696,0.15,Below Average,70,37,107,0.346,0.383,0.148,0.081,0.081,0.326
2390,26,1,1,218,0.033,59,44,0.746,0.32,Average,33,19,52,0.365,0.404,0.102,0.034,0.034,0.339
2391,26,1,1,1,0.116,209,180,0.861,0.55,Good,115,66,181,0.365,0.436,0.077,0.067,0.057,0.373
2392,26,1,1,212,0.957,1728,1547,0.895,0.7,Very Good,810,578,1388,0.416,0.478,0.116,0.102,0.078,0.405
2393,26,1,1,522,0.043,77,57,0.74,0.07,Poor,46,20,66,0.303,0.379,0.091,0.065,0.013,0.312
2394,26,1,1,525,0.048,86,69,0.802,0.43,Average,39,23,62,0.371,0.427,0.174,0.128,0.058,0.372
2395,26,1,2,495,0.257,609,540,0.887,0.39,Average,339,187,526,0.356,0.459,0.084,0.071,0.064,0.353
2396,26,1,2,518,0.237,561,535,0.954,0.41,Average,242,206,448,0.46,0.529,0.135,0.093,0.075,0.422
2397,26,1,2,379,0.098,232,169,0.728,0.32,Average,116,66,182,0.363,0.39,0.142,0.095,0.078,0.349
2398,26,1,2,387,0.08,190,176,0.926,0.62,Good,106,63,169,0.373,0.462,0.042,0.079,0.068,0.4
2399,26,1,2,9,0.079,186,180,0.968,0.97,Excellent,88,72,160,0.45,0.488,0.065,0.097,0.086,0.462
2400,26,1,2,109,0.063,150,152,1.013,0.38,Average,53,66,119,0.555,0.555,0.113,0.12,0.113,0.527
2401,26,1,2,215,0.049,115,146,1.27,0.96,Excellent,37,66,103,0.641,0.641,0.035,0.122,0.113,0.643
2402,26,1,2,216,0.035,82,56,0.683,0.13,Poor,41,25,66,0.379,0.379,0.146,0.061,0.049,0.341
2403,26,1,2,68,0.03,71,65,0.915,0.74,Very Good,34,21,55,0.382,0.473,0.113,0.155,0.141,0.38
2404,26,1,2,383,0.025,59,63,1.068,0.74,Very Good,31,23,54,0.426,0.528,0.034,0.068,0.068,0.441
2405,26,1,2,214,0.047,111,57,0.514,0.64,Good,11,9,20,0.45,0.45,0.541,0.279,0.009,0.279
2406,26,1,3,112,0.125,295,218,0.739,0.22,Below Average,151,84,235,0.357,0.396,0.136,0.088,0.075,0.346
2407,26,1,3,385,0.14,332,320,0.964,0.91,Excellent,170,122,292,0.418,0.483,0.057,0.081,0.072,0.431
2408,26,1,3,393,0.041,97,64,0.66,0.05,Poor,53,28,81,0.346,0.358,0.124,0.052,0.041,0.32
2409,26,1,4,108,0.027,63,49,0.778,0.2,Below Average,35,18,53,0.34,0.415,0.111,0.063,0.063,0.333
2410,26,1,4,377,0.066,156,142,0.91,0.82,Very Good,82,50,132,0.379,0.477,0.103,0.064,0.051,0.372
2411,26,1,4,388,0.006,15,8,0.533,0.02,Poor,12,3,15,0.2,0.267,0,0,0,0.2
2412,26,1,5,378,0.001,2,0,0,-,-,1,0,1,0,0,0.5,0,0,0
2413,26,1,5,389,0.005,13,12,0.923,0.69,Very Good,4,4,8,0.5,0.625,0.308,0.077,0.077,0.385
2414,26,1,7,8,0.321,467,445,0.953,0.26,Below Average,317,150,467,0.321,0.475,0,0.002,0.002,0.321
2415,26,1,7,67,0.615,287,264,0.92,0.3,Below Average,199,88,287,0.307,0.458,0,0.003,0.003,0.307
2416,26,1,7,520,0.385,180,181,1.006,0.28,Below Average,118,62,180,0.344,0.503,0,0,0,0.344
2417,26,1,8,4,0.223,324,273,0.843,0.77,Very Good,202,122,324,0.377,0.418,0,0.009,0.009,0.377
2418,26,1,9,492,0.205,174,140,0.805,0.7,Very Good,105,69,174,0.397,0.397,0,0.017,0.017,0.397
2419,26,1,9,213,0.127,108,80,0.741,0.55,Good,68,40,108,0.37,0.37,0,0,0,0.37
2420,26,1,9,210,0.667,566,547,0.966,0.32,Average,384,182,566,0.322,0.482,0,0.002,0.002,0.322
2421,26,2,30,523,1,2378,2102,0.884,0.55,Good,975,775,1750,0.443,0.486,0.155,0.131,0.09,0.418
2422,26,2,30,518,0.16,381,319,0.837,0.96,Excellent,145,122,267,0.457,0.491,0.192,0.118,0.087,0.409
2423,26,2,30,220,0.84,1997,1783,0.893,0.33,Average,830,653,1483,0.44,0.486,0.148,0.133,0.091,0.42
2424,26,2,30,494,0.039,92,66,0.717,0.47,Average,56,25,81,0.309,0.352,0.076,0.076,0.065,0.304
2425,26,2,30,217,0.09,180,151,0.839,0.54,Good,85,61,146,0.418,0.455,0.122,0.078,0.061,0.389
2426,26,2,30,218,0.036,71,45,0.634,0.91,Excellent,34,17,51,0.333,0.373,0.239,0.07,0.042,0.282
2427,26,2,30,1,0.111,221,191,0.864,0.47,Average,97,77,174,0.443,0.48,0.14,0.095,0.072,0.412
2428,26,2,30,2,1,1997,1783,0.893,0.3,Below Average,830,653,1483,0.44,0.486,0.148,0.133,0.091,0.42
2429,26,2,30,3,-,-,-,-,-,-,-,-,-,-,-,-,-,-,-
2430,26,2,30,524,0.039,77,65,0.844,0.54,Good,28,19,47,0.404,0.447,0.156,0.273,0.117,0.429
2431,26,2,2,495,0.183,435,417,0.959,0.32,Average,213,151,364,0.415,0.525,0.115,0.064,0.048,0.389
2432,26,2,2,518,0.16,381,319,0.837,0.96,Excellent,145,122,267,0.457,0.491,0.192,0.118,0.087,0.409
2433,26,2,2,109,0.116,275,260,0.945,0.18,Below Average,112,105,217,0.484,0.484,0.098,0.145,0.109,0.473
2434,26,2,2,215,0.11,262,177,0.676,0.82,Very Good,129,58,187,0.31,0.353,0.179,0.126,0.111,0.317
2435,26,2,2,379,0.085,202,249,1.233,0.08,Poor,63,105,168,0.625,0.625,0.064,0.163,0.158,0.609
2436,26,2,2,216,0.078,185,155,0.838,0.4,Average,79,60,139,0.432,0.446,0.151,0.119,0.092,0.416
2437,26,2,2,9,0.069,165,156,0.945,0.83,Excellent,67,59,126,0.468,0.468,0.085,0.17,0.152,0.497
2438,26,2,2,387,0.064,153,153,1,0.24,Below Average,78,58,136,0.426,0.5,0.052,0.092,0.072,0.425
2439,26,2,2,68,0.033,78,80,1.026,0.34,Average,33,33,66,0.5,0.538,0.077,0.103,0.09,0.487
2440,26,2,2,383,0.026,61,42,0.689,0.82,Very Good,30,15,45,0.333,0.422,0.18,0.082,0.049,0.295
2441,26,2,2,214,0.076,181,94,0.519,0.34,Average,26,9,35,0.257,0.271,0.508,0.304,0.039,0.293
2442,26,2,3,112,0.1,238,204,0.857,0.46,Average,107,78,185,0.422,0.454,0.139,0.105,0.084,0.408
2443,26,2,3,385,0.193,459,363,0.791,0.81,Very Good,218,129,347,0.372,0.428,0.15,0.111,0.094,0.362
2444,26,2,3,393,0.138,328,317,0.966,0.22,Below Average,135,126,261,0.483,0.498,0.098,0.14,0.11,0.473
2445,26,2,4,108,0.022,53,49,0.925,0.56,Good,28,18,46,0.391,0.478,0.094,0.057,0.057,0.377
2446,26,2,4,377,0.1,237,189,0.797,0.63,Good,89,71,160,0.444,0.516,0.249,0.089,0.063,0.359
2447,26,2,4,388,0.022,53,57,1.075,0.4,Average,23,21,44,0.477,0.568,0.094,0.113,0.113,0.472
2448,26,2,5,378,0.001,2,0,0,-,-,0,0,0,-,-,1,0,0,0
2449,26,2,5,389,0.011,26,22,0.846,0.45,Average,13,7,20,0.35,0.375,0.077,0.192,0.115,0.385
2450,26,2,7,8,0.235,349,353,1.011,0.58,Good,227,122,349,0.35,0.504,0,0.003,0.003,0.35
2451,26,2,7,67,0.596,208,198,0.952,0.61,Good,140,68,208,0.327,0.474,0,0.005,0.005,0.327
2452,26,2,7,520,0.404,141,155,1.099,0.51,Good,87,54,141,0.383,0.55,0,0,0,0.383
2453,26,2,8,4,0.134,198,150,0.758,0.61,Good,135,63,198,0.318,0.374,0,0.01,0.01,0.318
2454,26,2,9,492,0.175,103,71,0.689,0.75,Very Good,68,35,103,0.34,0.34,0,0.01,0.01,0.34
2455,26,2,9,213,0.153,90,56,0.622,0.79,Very Good,62,28,90,0.311,0.311,0,0,0,0.311
2456,26,2,9,210,0.672,396,404,1.02,0.55,Good,262,134,396,0.338,0.508,0,0.005,0.005,0.338
2457,28,1,1,523,1,2216,1925,0.869,0.42,Average,900,675,1575,0.429,0.479,0.171,0.136,0.087,0.41
2458,28,1,1,518,0.166,367,357,0.973,0.49,Average,136,128,264,0.485,0.532,0.163,0.144,0.106,0.452
2459,28,1,1,220,0.834,1849,1568,0.848,0.45,Average,764,547,1311,0.417,0.469,0.172,0.135,0.083,0.401
2460,28,1,1,494,0.026,57,30,0.526,0.15,Below Average,35,12,47,0.255,0.287,0.123,0.07,0.035,0.246
2461,28,1,1,217,0.088,162,136,0.84,0.53,Good,67,52,119,0.437,0.458,0.173,0.105,0.074,0.407
2462,28,1,1,218,0.05,93,72,0.774,0.41,Average,44,27,71,0.38,0.423,0.151,0.097,0.054,0.366
2463,28,1,1,1,0.114,210,165,0.786,0.32,Average,94,57,151,0.377,0.414,0.157,0.133,0.081,0.386
2464,28,1,1,212,0.953,1763,1498,0.85,0.49,Average,727,519,1246,0.417,0.467,0.171,0.139,0.086,0.403
2465,28,1,1,522,0.047,86,70,0.814,0.24,Below Average,37,28,65,0.431,0.492,0.198,0.047,0.023,0.372
2466,28,1,1,525,0.078,144,109,0.757,0.3,Below Average,61,32,93,0.344,0.392,0.188,0.181,0.069,0.375
2467,28,1,2,495,0.199,442,425,0.962,0.68,Very Good,233,146,379,0.385,0.497,0.072,0.075,0.059,0.396
2468,28,1,2,518,0.166,367,357,0.973,0.49,Average,136,128,264,0.485,0.532,0.163,0.144,0.106,0.452
2469,28,1,2,387,0.124,274,190,0.693,0.31,Average,127,69,196,0.352,0.383,0.182,0.124,0.099,0.343
2470,28,1,2,379,0.086,191,149,0.78,0.28,Below Average,108,52,160,0.325,0.391,0.089,0.089,0.068,0.335
2471,28,1,2,9,0.085,189,155,0.82,0.46,Average,77,59,136,0.434,0.434,0.148,0.159,0.101,0.418
2472,28,1,2,109,0.073,161,182,1.13,0.77,Very Good,47,62,109,0.569,0.569,0.118,0.248,0.193,0.584
2473,28,1,2,216,0.064,142,169,1.19,0.84,Excellent,35,75,110,0.682,0.682,0.113,0.134,0.12,0.613
2474,28,1,2,215,0.052,116,100,0.862,0.71,Very Good,51,35,86,0.407,0.436,0.138,0.121,0.078,0.422
2475,28,1,2,383,0.032,71,73,1.028,0.66,Very Good,30,30,60,0.5,0.567,0.099,0.085,0.07,0.465
2476,28,1,2,68,0.023,50,24,0.48,0.02,Poor,34,9,43,0.209,0.244,0.1,0.04,0.02,0.22
2477,28,1,2,214,0.096,213,101,0.474,0.52,Good,22,10,32,0.313,0.328,0.601,0.254,0.028,0.263
2478,28,1,3,112,0.062,137,118,0.861,0.61,Good,63,42,105,0.4,0.443,0.131,0.102,0.066,0.409
2479,28,1,3,385,0.196,434,351,0.809,0.4,Average,197,132,329,0.401,0.456,0.159,0.106,0.088,0.378
2480,28,1,3,393,0.106,236,208,0.881,0.51,Good,100,74,174,0.425,0.46,0.123,0.161,0.11,0.428
2481,28,1,4,108,0.009,21,18,0.857,0.31,Average,12,7,19,0.368,0.474,0.095,0,0,0.333
2482,28,1,4,377,0.092,204,165,0.809,0.52,Good,70,63,133,0.474,0.564,0.299,0.069,0.054,0.353
2483,28,1,4,388,0.021,47,53,1.128,0.7,Very Good,23,15,38,0.395,0.553,0.021,0.17,0.149,0.468
2484,28,1,5,378,0.003,7,6,0.857,-,-,2,2,4,0.5,0.625,0.429,0.143,0.143,0.286
2485,28,1,5,389,0.012,27,19,0.704,0.31,Average,11,5,16,0.313,0.438,0.259,0.148,0.111,0.296
2486,28,1,7,8,0.305,400,389,0.973,0.32,Average,263,137,400,0.343,0.486,0,0,0,0.343
2487,28,1,7,67,0.675,270,256,0.948,0.39,Average,180,90,270,0.333,0.474,0,0,0,0.333
2488,28,1,7,520,0.325,130,133,1.023,0.31,Average,83,47,130,0.362,0.512,0,0,0,0.362
2489,28,1,8,4,0.228,299,211,0.706,0.24,Below Average,202,97,299,0.324,0.351,0,0.003,0.003,0.324
2490,28,1,9,492,0.26,191,143,0.749,0.51,Good,120,71,191,0.372,0.372,0,0.005,0.005,0.372
2491,28,1,9,213,0.168,123,82,0.667,0.35,Average,82,41,123,0.333,0.333,0,0,0,0.333
2492,28,1,9,210,0.572,420,406,0.967,0.32,Average,285,135,420,0.321,0.482,0,0.002,0.002,0.321
2493,28,2,30,523,1,2147,2069,0.964,0.09,Poor,854,759,1613,0.471,0.539,0.147,0.125,0.082,0.439
2494,28,2,30,518,0.17,364,420,1.154,0.03,Poor,123,169,292,0.579,0.649,0.129,0.104,0.08,0.522
2495,28,2,30,220,0.83,1783,1649,0.925,0.15,Below Average,731,590,1321,0.447,0.515,0.151,0.129,0.083,0.422
2496,28,2,30,494,0.025,53,38,0.717,0.47,Average,33,11,44,0.25,0.307,0.038,0.132,0.094,0.34
2497,28,2,30,217,0.067,120,80,0.667,0.94,Excellent,55,31,86,0.36,0.39,0.175,0.117,0.092,0.333
2498,28,2,30,218,0.062,111,114,1.027,0.07,Poor,41,44,85,0.518,0.571,0.144,0.108,0.063,0.486
2499,28,2,30,1,0.113,202,176,0.871,0.43,Average,93,65,158,0.411,0.478,0.139,0.089,0.064,0.391
2500,28,2,30,2,0.897,1600,1460,0.913,0.17,Below Average,652,522,1174,0.445,0.511,0.154,0.134,0.087,0.419
2501,28,2,30,3,0.103,183,189,1.033,0.14,Poor,79,68,147,0.463,0.551,0.12,0.087,0.049,0.443
2502,28,2,30,524,0.013,24,28,1.167,0.05,Poor,4,6,10,0.6,0.65,0.208,0.417,0.042,0.583
2503,28,2,2,495,0.275,590,581,0.985,0.22,Below Average,304,202,506,0.399,0.531,0.095,0.061,0.058,0.383
2504,28,2,2,518,0.17,364,420,1.154,0.03,Poor,123,169,292,0.579,0.649,0.129,0.104,0.08,0.522
2505,28,2,2,379,0.093,200,250,1.25,0.05,Poor,57,106,163,0.65,0.65,0.075,0.15,0.145,0.63
2506,28,2,2,215,0.082,176,123,0.699,0.76,Very Good,66,43,109,0.394,0.417,0.256,0.131,0.097,0.352
2507,28,2,2,387,0.071,153,148,0.967,0.33,Average,78,51,129,0.395,0.496,0.078,0.078,0.059,0.405
2508,28,2,2,216,0.069,149,137,0.919,0.25,Below Average,57,58,115,0.504,0.504,0.114,0.154,0.094,0.47
2509,28,2,2,9,0.052,112,104,0.929,0.14,Poor,46,37,83,0.446,0.476,0.125,0.161,0.089,0.455
2510,28,2,2,109,0.05,107,120,1.121,0.29,Below Average,31,46,77,0.597,0.604,0.112,0.206,0.15,0.579
2511,28,2,2,383,0.038,82,74,0.902,0.64,Good,39,30,69,0.435,0.478,0.098,0.122,0.122,0.402
2512,28,2,2,68,0.025,53,33,0.623,0.92,Excellent,31,12,43,0.279,0.337,0.132,0.075,0.075,0.283
2513,28,2,2,214,0.075,161,79,0.491,0.44,Average,22,5,27,0.185,0.185,0.516,0.323,0.031,0.28
2514,28,2,3,112,0.072,154,158,1.026,0.06,Poor,64,56,120,0.467,0.529,0.097,0.149,0.097,0.474
2515,28,2,3,385,0.192,412,358,0.869,0.43,Average,171,134,305,0.439,0.5,0.175,0.1,0.083,0.396
2516,28,2,3,393,0.096,207,188,0.908,0.45,Average,92,77,169,0.456,0.485,0.092,0.126,0.082,0.44
2517,28,2,4,108,0.02,42,54,1.286,0.11,Poor,18,19,37,0.514,0.649,0.024,0.119,0.119,0.524
2518,28,2,4,377,0.128,275,238,0.865,0.35,Average,105,91,196,0.464,0.546,0.233,0.073,0.062,0.375
2519,28,2,4,388,0.027,58,51,0.879,0.78,Very Good,35,19,54,0.352,0.444,0.034,0.052,0.052,0.362
2520,28,2,5,378,0.003,6,6,1,-,-,2,1,3,0.333,0.5,0.167,0.333,0.167,0.5
2521,28,2,5,389,0.014,30,31,1.033,0.16,Below Average,13,11,24,0.458,0.542,0.067,0.133,0.1,0.467
2522,28,2,7,8,0.367,485,517,1.066,0.34,Average,307,178,485,0.367,0.533,0,0,0,0.367
2523,28,2,7,67,0.553,268,264,0.985,0.5,Average,177,91,268,0.34,0.493,0,0,0,0.34
2524,28,2,7,520,0.447,217,253,1.166,0.32,Average,130,87,217,0.401,0.583,0,0,0,0.401
2525,28,2,8,4,0.133,176,136,0.773,0.55,Good,115,61,176,0.347,0.386,0,0.006,0.006,0.347
2526,28,2,9,492,0.147,100,80,0.8,0.36,Average,60,40,100,0.4,0.4,0,0.01,0.01,0.4
2527,28,2,9,213,0.103,70,52,0.743,0.44,Average,44,26,70,0.371,0.371,0,0,0,0.371
2528,28,2,9,210,0.751,512,543,1.061,0.33,Average,331,181,512,0.354,0.53,0,0,0,0.354
2529,29,1,1,523,1,2127,1789,0.841,0.29,Below Average,923,657,1580,0.416,0.464,0.152,0.125,0.087,0.399
2530,29,1,1,518,0.147,313,301,0.962,0.46,Average,113,116,229,0.507,0.539,0.147,0.147,0.112,0.473
2531,29,1,1,220,0.853,1814,1488,0.82,0.32,Average,810,541,1351,0.4,0.451,0.153,0.121,0.083,0.386
2532,29,1,1,494,0.032,68,49,0.721,0.59,Good,42,19,61,0.311,0.352,0.059,0.088,0.059,0.309
2533,29,1,1,217,0.088,159,158,0.994,0.9,Excellent,68,62,130,0.477,0.562,0.132,0.069,0.044,0.428
2534,29,1,1,218,0.037,68,56,0.824,0.53,Good,31,19,50,0.38,0.43,0.147,0.118,0.074,0.397
2535,29,1,1,1,0.104,189,148,0.783,0.31,Average,82,58,140,0.414,0.464,0.196,0.074,0.058,0.365
2536,29,1,1,212,0.95,1723,1404,0.815,0.32,Average,771,510,1281,0.398,0.446,0.152,0.122,0.085,0.386
2537,29,1,1,522,0.05,91,84,0.923,0.56,Good,39,31,70,0.443,0.536,0.165,0.088,0.044,0.396
2538,29,1,1,525,0.06,108,78,0.722,0.21,Below Average,48,26,74,0.351,0.385,0.185,0.13,0.074,0.361
2539,29,1,2,495,0.259,550,441,0.802,0.13,Poor,324,155,479,0.324,0.42,0.08,0.058,0.049,0.324
2540,29,1,2,518,0.147,313,301,0.962,0.46,Average,113,116,229,0.507,0.539,0.147,0.147,0.112,0.473
2541,29,1,2,9,0.141,300,242,0.807,0.43,Average,108,89,197,0.452,0.452,0.18,0.193,0.123,0.437
2542,29,1,2,379,0.082,175,197,1.126,0.68,Very Good,54,82,136,0.603,0.603,0.109,0.149,0.131,0.577
2543,29,1,2,215,0.081,172,108,0.628,0.12,Poor,92,42,134,0.313,0.343,0.157,0.076,0.047,0.291
2544,29,1,2,387,0.068,144,148,1.028,0.43,Average,55,57,112,0.509,0.513,0.069,0.188,0.146,0.535
2545,29,1,2,109,0.062,132,141,1.068,0.86,Excellent,65,50,115,0.435,0.539,0.061,0.091,0.076,0.439
2546,29,1,2,216,0.049,105,80,0.762,0.43,Average,48,29,77,0.377,0.39,0.133,0.152,0.143,0.4
2547,29,1,2,383,0.021,45,40,0.889,0.4,Average,22,16,38,0.421,0.474,0.111,0.044,0.044,0.4
2548,29,1,2,68,0.017,36,36,1,0.89,Excellent,17,13,30,0.433,0.517,0.083,0.083,0.083,0.444
2549,29,1,2,214,0.073,155,55,0.355,0.17,Below Average,25,8,33,0.242,0.242,0.6,0.194,0.026,0.194
2550,29,1,3,112,0.063,134,112,0.836,0.5,Average,63,42,105,0.4,0.433,0.104,0.134,0.127,0.418
2551,29,1,3,385,0.148,315,243,0.771,0.26,Below Average,164,92,256,0.359,0.412,0.127,0.073,0.054,0.34
2552,29,1,3,393,0.208,443,378,0.853,0.42,Average,188,141,329,0.429,0.465,0.133,0.149,0.097,0.424
2553,29,1,4,108,0.014,29,32,1.103,0.76,Very Good,15,13,28,0.464,0.554,0,0.069,0.069,0.483
2554,29,1,4,377,0.079,168,139,0.827,0.58,Good,72,50,122,0.41,0.488,0.214,0.071,0.054,0.351
2555,29,1,4,388,0.067,143,136,0.951,0.37,Average,80,52,132,0.394,0.485,0.035,0.056,0.042,0.399
2556,29,1,5,378,0.002,4,0,0,-,-,1,0,1,0,0,0.75,0,0,0
2557,29,1,5,389,0.026,55,56,1.018,0.85,Excellent,21,19,40,0.475,0.613,0.164,0.109,0.055,0.436
2558,29,1,7,8,0.298,402,384,0.955,0.27,Below Average,271,131,402,0.326,0.478,0,0.002,0.002,0.326
2559,29,1,7,67,0.634,255,201,0.788,0.08,Poor,187,68,255,0.267,0.394,0,0,0,0.267
2560,29,1,7,520,0.366,147,183,1.245,0.86,Excellent,84,63,147,0.429,0.622,0,0.007,0.007,0.429
2561,29,1,8,4,0.128,173,105,0.607,0.07,Poor,125,48,173,0.277,0.303,0,0,0,0.277
2562,29,1,9,492,0.178,106,68,0.642,0.18,Below Average,72,34,106,0.321,0.321,0,0,0,0.321
2563,29,1,9,213,0.084,50,34,0.68,0.39,Average,33,17,50,0.34,0.34,0,0,0,0.34
2564,29,1,9,210,0.739,441,408,0.925,0.19,Below Average,305,136,441,0.308,0.463,0,0.002,0.002,0.308
2565,29,2,30,523,1,2064,1815,0.879,0.58,Good,800,622,1422,0.437,0.493,0.182,0.155,0.101,0.415
2566,29,2,30,518,0.17,350,328,0.937,0.72,Very Good,132,113,245,0.461,0.512,0.14,0.191,0.154,0.457
2567,29,2,30,220,0.83,1714,1487,0.868,0.53,Good,668,509,1177,0.432,0.489,0.19,0.147,0.09,0.406
2568,29,2,30,494,0.035,72,43,0.597,0.77,Very Good,39,13,52,0.25,0.288,0.167,0.125,0.097,0.278
2569,29,2,30,217,0.088,151,132,0.874,0.37,Average,62,56,118,0.475,0.513,0.179,0.053,0.02,0.404
2570,29,2,30,218,0.047,81,66,0.815,0.5,Average,31,21,52,0.404,0.471,0.235,0.173,0.136,0.37
2571,29,2,30,1,0.117,200,148,0.74,0.88,Excellent,81,53,134,0.396,0.448,0.225,0.13,0.1,0.355
2572,29,2,30,2,0.978,1677,1449,0.864,0.53,Good,653,494,1147,0.431,0.486,0.191,0.148,0.09,0.405
2573,29,2,30,3,0.022,37,38,1.027,0.16,Below Average,15,15,30,0.5,0.6,0.135,0.081,0.081,0.432
2574,29,2,30,524,0.135,232,168,0.724,0.87,Excellent,93,50,143,0.35,0.388,0.224,0.168,0.078,0.358
2575,29,2,2,495,0.219,453,434,0.958,0.32,Average,225,151,376,0.402,0.507,0.099,0.082,0.06,0.4
2576,29,2,2,518,0.17,350,328,0.937,0.72,Very Good,132,113,245,0.461,0.512,0.14,0.191,0.154,0.457
2577,29,2,2,387,0.111,230,189,0.822,0.3,Below Average,99,67,166,0.404,0.449,0.178,0.13,0.122,0.387
2578,29,2,2,9,0.083,171,145,0.848,0.53,Good,56,58,114,0.509,0.509,0.228,0.14,0.105,0.433
2579,29,2,2,379,0.069,143,105,0.734,0.88,Excellent,83,41,124,0.331,0.391,0.084,0.049,0.014,0.322
2580,29,2,2,216,0.063,131,155,1.183,0.2,Below Average,42,59,101,0.584,0.584,0.076,0.198,0.176,0.588
2581,29,2,2,215,0.055,113,126,1.115,0.3,Below Average,29,47,76,0.618,0.625,0.159,0.239,0.186,0.549
2582,29,2,2,109,0.046,94,79,0.84,0.39,Average,37,29,66,0.439,0.47,0.202,0.138,0.106,0.404
2583,29,2,2,383,0.041,84,62,0.738,0.9,Excellent,46,22,68,0.324,0.39,0.131,0.071,0.071,0.321
2584,29,2,2,68,0.039,81,69,0.852,0.45,Average,33,21,54,0.389,0.491,0.198,0.148,0.136,0.383
2585,29,2,2,214,0.104,214,123,0.575,0.18,Below Average,18,14,32,0.438,0.438,0.537,0.327,0.037,0.332
2586,29,2,3,112,0.058,120,101,0.842,0.51,Good,52,35,87,0.402,0.443,0.167,0.142,0.117,0.4
2587,29,2,3,385,0.208,429,369,0.86,0.47,Average,193,131,324,0.404,0.472,0.156,0.112,0.096,0.389
2588,29,2,3,393,0.115,237,210,0.886,0.55,Good,92,80,172,0.465,0.497,0.177,0.122,0.097,0.426
2589,29,2,4,108,0.013,26,22,0.846,0.72,Very Good,15,6,21,0.286,0.357,0.038,0.154,0.154,0.385
2590,29,2,4,377,0.112,231,182,0.788,0.66,Very Good,94,64,158,0.405,0.497,0.247,0.082,0.056,0.342
2591,29,2,4,388,0.032,66,65,0.985,0.58,Good,36,22,58,0.379,0.474,0.045,0.076,0.076,0.409
2592,29,2,5,378,0.004,9,8,0.889,-,-,2,3,5,0.6,0.7,0.444,0.111,0.111,0.333
2593,29,2,5,389,0.03,62,44,0.71,0.7,Very Good,25,16,41,0.39,0.476,0.29,0.065,0.048,0.306
2594,29,2,7,8,0.318,374,379,1.013,0.57,Good,240,134,374,0.358,0.505,0,0.003,0.003,0.358
2595,29,2,7,67,0.618,231,204,0.883,0.86,Excellent,158,73,231,0.316,0.439,0,0.004,0.004,0.316
2596,29,2,7,520,0.382,143,175,1.224,0.2,Below Average,82,61,143,0.427,0.612,0,0,0,0.427
2597,29,2,8,4,0.171,201,151,0.751,0.64,Good,134,67,201,0.333,0.376,0,0,0,0.333
2598,29,2,9,492,0.213,129,102,0.791,0.41,Average,79,50,129,0.388,0.388,0,0.016,0.016,0.388
2599,29,2,9,213,0.124,75,65,0.867,0.14,Poor,43,32,75,0.427,0.427,0,0.013,0.013,0.427
2600,29,2,9,210,0.663,401,402,1.002,0.64,Good,267,134,401,0.334,0.501,0,0,0,0.334
2601,22,1,1,523,1,2504,2294,0.916,0.51,Good,1017,842,1859,0.453,0.498,0.145,0.136,0.103,0.434
2602,22,1,1,518,0.193,483,517,1.07,0.66,Very Good,146,197,343,0.574,0.601,0.147,0.176,0.149,0.534
2603,22,1,1,220,0.807,2021,1777,0.879,0.43,Average,871,645,1516,0.425,0.475,0.145,0.127,0.092,0.41
2604,22,1,1,494,0.051,127,82,0.646,0.2,Below Average,82,31,113,0.274,0.296,0.055,0.087,0.079,0.299
2605,22,1,1,217,0.073,147,111,0.755,0.17,Below Average,73,41,114,0.36,0.417,0.156,0.068,0.061,0.34
2606,22,1,1,218,0.044,88,77,0.875,0.61,Good,40,26,66,0.394,0.455,0.125,0.159,0.136,0.398
2607,22,1,1,1,0.18,363,287,0.791,0.17,Below Average,183,111,294,0.378,0.418,0.124,0.088,0.063,0.366
2608,22,1,1,212,0.786,1588,1390,0.875,0.44,Average,685,495,1180,0.419,0.464,0.14,0.142,0.1,0.412
2609,22,1,1,522,0.214,433,387,0.894,0.35,Average,186,150,336,0.446,0.513,0.162,0.072,0.06,0.404
2610,22,1,1,525,0.058,118,99,0.839,0.41,Average,47,33,80,0.413,0.456,0.178,0.161,0.076,0.407
2611,22,1,2,495,0.208,520,495,0.952,0.55,Good,277,177,454,0.39,0.507,0.087,0.048,0.038,0.377
2612,22,1,2,518,0.193,483,517,1.07,0.66,Very Good,146,197,343,0.574,0.601,0.147,0.176,0.149,0.534
2613,22,1,2,379,0.139,347,314,0.905,0.93,Excellent,157,123,280,0.439,0.473,0.118,0.104,0.089,0.421
2614,22,1,2,387,0.095,238,187,0.786,0.35,Average,98,68,166,0.41,0.41,0.185,0.155,0.113,0.391
2615,22,1,2,215,0.076,191,159,0.832,0.63,Good,92,61,153,0.399,0.431,0.11,0.105,0.079,0.408
2616,22,1,2,9,0.073,184,205,1.114,0.58,Good,57,80,137,0.584,0.584,0.076,0.217,0.185,0.582
2617,22,1,2,216,0.071,178,174,0.978,0.06,Poor,63,65,128,0.508,0.508,0.107,0.202,0.185,0.511
2618,22,1,2,109,0.052,130,110,0.846,0.16,Below Average,69,39,108,0.361,0.394,0.062,0.138,0.131,0.392
2619,22,1,2,383,0.014,34,21,0.618,0.09,Poor,16,7,23,0.304,0.326,0.235,0.088,0.059,0.294
2620,22,1,2,68,0.013,32,31,0.969,0.7,Very Good,18,10,28,0.357,0.446,0.031,0.125,0.094,0.406
2621,22,1,2,214,0.067,167,81,0.485,0.28,Below Average,24,15,39,0.385,0.41,0.551,0.222,0.018,0.263
2622,22,1,3,112,0.092,230,193,0.839,0.46,Average,113,71,184,0.386,0.421,0.096,0.122,0.096,0.409
2623,22,1,3,385,0.256,642,581,0.905,0.66,Very Good,314,219,533,0.411,0.463,0.097,0.097,0.086,0.407
2624,22,1,3,393,0.115,288,242,0.84,0.35,Average,120,89,209,0.426,0.44,0.163,0.142,0.108,0.41
2625,22,1,4,108,0.016,39,34,0.872,0.26,Below Average,21,10,31,0.323,0.371,0.026,0.205,0.179,0.41
2626,22,1,4,377,0.13,325,271,0.834,0.44,Average,157,96,253,0.379,0.453,0.148,0.089,0.074,0.363
2627,22,1,4,388,0.02,50,55,1.1,0.61,Good,22,21,43,0.488,0.558,0.06,0.08,0.08,0.5
2628,22,1,5,378,0.004,11,11,1,0.75,Very Good,3,3,6,0.5,0.5,0.182,0.273,0.091,0.545
2629,22,1,5,389,0.024,60,48,0.8,0.44,Average,26,16,42,0.381,0.44,0.183,0.117,0.083,0.367
2630,22,1,7,8,0.251,380,380,1,0.31,Average,248,132,380,0.347,0.499,0,0.003,0.003,0.347
2631,22,1,7,67,0.647,246,243,0.988,0.48,Average,162,84,246,0.341,0.492,0,0.004,0.004,0.341
2632,22,1,7,520,0.353,134,137,1.022,0.22,Below Average,86,48,134,0.358,0.511,0,0,0,0.358
2633,22,1,8,4,0.127,192,141,0.734,0.24,Below Average,132,60,192,0.313,0.367,0,0,0,0.313
2634,22,1,9,492,0.136,87,65,0.747,0.42,Average,55,32,87,0.368,0.368,0,0.011,0.011,0.368
2635,22,1,9,213,0.157,100,72,0.72,0.56,Good,64,36,100,0.36,0.36,0,0,0,0.36
2636,22,1,9,210,0.707,451,451,1,0.33,Average,301,150,451,0.333,0.499,0,0.002,0.002,0.333
2637,22,2,30,523,1,2519,2389,0.948,0.16,Below Average,1015,859,1874,0.458,0.531,0.156,0.131,0.091,0.427
2638,22,2,30,518,0.138,348,373,1.072,0.21,Below Average,127,144,271,0.531,0.6,0.138,0.124,0.098,0.483
2639,22,2,30,220,0.862,2171,2016,0.929,0.16,Below Average,888,715,1603,0.446,0.52,0.158,0.132,0.09,0.418
2640,22,2,30,494,0.047,119,92,0.773,0.28,Below Average,59,32,91,0.352,0.401,0.134,0.126,0.118,0.361
2641,22,2,30,217,0.082,178,159,0.893,0.27,Below Average,67,58,125,0.464,0.544,0.219,0.107,0.084,0.393
2642,22,2,30,218,0.037,81,69,0.852,0.41,Average,36,25,61,0.41,0.508,0.185,0.099,0.086,0.358
2643,22,2,30,1,0.168,365,332,0.91,0.25,Below Average,144,123,267,0.461,0.541,0.186,0.112,0.079,0.403
2644,22,2,30,2,0.926,2010,1882,0.936,0.11,Poor,811,664,1475,0.45,0.525,0.16,0.135,0.091,0.422
2645,22,2,30,3,0.074,161,134,0.832,0.85,Excellent,77,51,128,0.398,0.465,0.143,0.093,0.081,0.366
2646,22,2,30,524,0.061,132,113,0.856,0.56,Good,55,41,96,0.427,0.474,0.152,0.129,0.083,0.409
2647,22,2,2,495,0.285,717,688,0.96,0.34,Average,392,242,634,0.382,0.513,0.082,0.042,0.036,0.37
2648,22,2,2,518,0.138,348,373,1.072,0.21,Below Average,127,144,271,0.531,0.6,0.138,0.124,0.098,0.483
2649,22,2,2,379,0.107,269,213,0.792,0.38,Average,98,71,169,0.42,0.47,0.26,0.138,0.112,0.372
2650,22,2,2,387,0.091,229,178,0.777,0.72,Very Good,74,65,139,0.468,0.468,0.236,0.192,0.131,0.406
2651,22,2,2,109,0.081,205,278,1.356,0.01,Poor,48,116,164,0.707,0.707,0.054,0.22,0.215,0.698
2652,22,2,2,216,0.063,158,190,1.203,0.1,Poor,47,73,120,0.608,0.621,0.089,0.222,0.196,0.589
2653,22,2,2,9,0.058,146,126,0.863,0.57,Good,78,45,123,0.366,0.455,0.11,0.075,0.048,0.356
2654,22,2,2,383,0.047,119,96,0.807,0.46,Average,55,36,91,0.396,0.429,0.151,0.109,0.076,0.378
2655,22,2,2,68,0.039,98,101,1.031,0.37,Average,44,40,84,0.476,0.542,0.092,0.122,0.112,0.449
2656,22,2,2,215,0.029,72,59,0.819,0.47,Average,38,18,56,0.321,0.402,0.111,0.111,0.069,0.347
2657,22,2,2,214,0.063,158,87,0.551,0.39,Average,14,9,23,0.391,0.435,0.538,0.323,0.019,0.304
2658,22,2,3,112,0.06,152,144,0.947,0.11,Poor,68,52,120,0.433,0.508,0.132,0.099,0.072,0.414
2659,22,2,3,385,0.254,640,576,0.9,0.34,Average,288,207,495,0.418,0.503,0.155,0.098,0.083,0.391
2660,22,2,3,393,0.121,304,260,0.855,0.64,Good,108,96,204,0.471,0.502,0.194,0.168,0.118,0.424
2661,22,2,4,108,0.013,33,48,1.455,0,Poor,13,16,29,0.552,0.759,0.061,0.061,0.061,0.545
2662,22,2,4,377,0.171,430,371,0.863,0.39,Average,190,136,326,0.417,0.52,0.193,0.072,0.053,0.358
2663,22,2,4,388,0.03,75,82,1.093,0.41,Average,34,31,65,0.477,0.577,0.067,0.093,0.08,0.48
2664,22,2,5,378,0.004,9,2,0.222,-,-,5,1,6,0.167,0.167,0.333,0,0,0.111
2665,22,2,5,389,0.026,65,36,0.554,0.93,Excellent,22,12,34,0.353,0.382,0.323,0.185,0.138,0.277
2666,22,2,7,8,0.377,605,648,1.071,0.31,Average,384,221,605,0.365,0.535,0,0.002,0.002,0.365
2667,22,2,7,67,0.577,349,341,0.977,0.57,Good,233,116,349,0.332,0.487,0,0.003,0.003,0.332
2668,22,2,7,520,0.423,256,307,1.199,0.23,Below Average,151,105,256,0.41,0.6,0,0,0,0.41
2669,22,2,8,4,0.131,210,164,0.781,0.56,Good,139,71,210,0.338,0.39,0,0.005,0.005,0.338
2670,22,2,9,492,0.116,100,76,0.76,0.44,Average,62,38,100,0.38,0.38,0,0,0,0.38
2671,22,2,9,213,0.11,95,66,0.695,0.49,Average,62,33,95,0.347,0.347,0,0,0,0.347
2672,22,2,9,210,0.774,668,712,1.066,0.33,Average,431,237,668,0.355,0.532,0,0.003,0.003,0.355
2673,32,1,1,523,1,2381,2035,0.855,0.35,Average,1008,773,1781,0.434,0.479,0.16,0.118,0.081,0.399
2674,32,1,1,518,0.18,428,453,1.058,0.83,Excellent,143,173,316,0.547,0.603,0.15,0.143,0.112,0.5
2675,32,1,1,220,0.82,1953,1582,0.81,0.27,Below Average,865,600,1465,0.41,0.452,0.162,0.113,0.075,0.377
2676,32,1,1,494,0.03,71,23,0.324,0.02,Poor,52,9,61,0.148,0.172,0.113,0.042,0.028,0.141
2677,32,1,1,217,0.083,163,111,0.681,0.13,Poor,84,45,129,0.349,0.399,0.178,0.043,0.043,0.301
2678,32,1,1,218,0.044,85,70,0.824,0.53,Good,34,27,61,0.443,0.475,0.176,0.118,0.094,0.412
2679,32,1,1,1,0.102,199,152,0.764,0.25,Below Average,93,63,156,0.404,0.439,0.146,0.101,0.085,0.357
2680,32,1,1,212,0.955,1866,1483,0.795,0.24,Below Average,828,562,1390,0.404,0.444,0.166,0.115,0.076,0.372
2681,32,1,1,522,0.045,87,99,1.138,0.96,Excellent,37,38,75,0.507,0.613,0.092,0.057,0.046,0.471
2682,32,1,1,525,0.056,110,85,0.773,0.34,Average,36,32,68,0.471,0.5,0.218,0.182,0.036,0.382
2683,32,1,2,495,0.189,449,403,0.898,0.43,Average,241,143,384,0.372,0.488,0.102,0.056,0.042,0.352
2684,32,1,2,518,0.18,428,453,1.058,0.83,Excellent,143,173,316,0.547,0.603,0.15,0.143,0.112,0.5
2685,32,1,2,379,0.122,291,222,0.763,0.29,Below Average,139,91,230,0.396,0.396,0.127,0.107,0.069,0.385
2686,32,1,2,387,0.1,238,254,1.067,0.46,Average,92,113,205,0.551,0.551,0.071,0.109,0.101,0.521
2687,32,1,2,9,0.098,233,163,0.7,0.33,Average,99,69,168,0.411,0.426,0.21,0.099,0.077,0.352
2688,32,1,2,216,0.073,174,178,1.023,0.41,Average,69,64,133,0.481,0.481,0.075,0.19,0.155,0.511
2689,32,1,2,215,0.05,118,102,0.864,0.48,Average,65,39,104,0.375,0.457,0.085,0.059,0.059,0.356
2690,32,1,2,109,0.047,111,69,0.622,0.11,Poor,60,25,85,0.294,0.318,0.162,0.099,0.081,0.288
2691,32,1,2,383,0.039,93,84,0.903,0.43,Average,47,32,79,0.405,0.449,0.108,0.097,0.086,0.387
2692,32,1,2,68,0.026,62,35,0.565,0.07,Poor,32,11,43,0.256,0.291,0.145,0.194,0.194,0.29
2693,32,1,2,214,0.077,184,72,0.391,0.24,Below Average,21,13,34,0.382,0.382,0.587,0.234,0.011,0.234
2694,32,1,3,112,0.055,131,78,0.595,0.04,Poor,76,28,104,0.269,0.288,0.137,0.099,0.084,0.275
2695,32,1,3,385,0.189,451,361,0.8,0.37,Average,213,141,354,0.398,0.448,0.157,0.089,0.075,0.361
2696,32,1,3,393,0.15,358,299,0.835,0.35,Average,169,120,289,0.415,0.439,0.112,0.103,0.07,0.405
2697,32,1,4,108,0.008,20,9,0.45,0.01,Poor,16,3,19,0.158,0.158,0,0.1,0.1,0.2
2698,32,1,4,377,0.108,258,198,0.767,0.38,Average,114,72,186,0.387,0.468,0.24,0.066,0.062,0.314
2699,32,1,4,388,0.028,67,77,1.149,0.74,Very Good,30,29,59,0.492,0.61,0.045,0.09,0.075,0.493
2700,32,1,5,378,0.002,4,0,0,-,-,3,0,3,0,0,0.25,0,0,0
2701,32,1,5,389,0.017,40,33,0.825,0.54,Good,14,10,24,0.417,0.521,0.275,0.125,0.075,0.375
2702,32,1,7,8,0.283,415,396,0.954,0.27,Below Average,274,141,415,0.34,0.477,0,0,0,0.34
2703,32,1,7,67,0.658,273,255,0.934,0.34,Average,181,92,273,0.337,0.467,0,0,0,0.337
2704,32,1,7,520,0.342,142,141,0.993,0.25,Below Average,93,49,142,0.345,0.496,0,0,0,0.345
2705,32,1,8,4,0.102,150,89,0.593,0.06,Poor,109,41,150,0.273,0.297,0,0,0,0.273
2706,32,1,9,492,0.196,120,82,0.683,0.29,Below Average,79,41,120,0.342,0.342,0,0,0,0.342
2707,32,1,9,213,0.146,89,52,0.584,0.19,Below Average,63,26,89,0.292,0.292,0,0,0,0.292
2708,32,1,9,210,0.658,402,375,0.933,0.21,Below Average,277,125,402,0.311,0.466,0,0,0,0.311
2709,32,2,30,523,1,2402,2211,0.92,0.28,Below Average,1001,833,1834,0.454,0.517,0.15,0.107,0.08,0.42
2710,32,2,30,518,0.19,456,484,1.061,0.17,Below Average,171,191,362,0.528,0.575,0.125,0.107,0.094,0.496
2711,32,2,30,220,0.81,1946,1727,0.887,0.37,Average,830,642,1472,0.436,0.502,0.156,0.107,0.077,0.402
2712,32,2,30,494,0.022,52,32,0.615,0.73,Very Good,34,12,46,0.261,0.326,0.077,0.038,0.019,0.25
2713,32,2,30,217,0.081,157,126,0.803,0.64,Good,68,47,115,0.409,0.457,0.191,0.083,0.076,0.369
2714,32,2,30,218,0.04,78,70,0.897,0.28,Below Average,32,28,60,0.467,0.533,0.167,0.103,0.064,0.397
2715,32,2,30,1,0.103,201,161,0.801,0.71,Very Good,101,63,164,0.384,0.433,0.129,0.09,0.075,0.358
2716,32,2,30,2,0.935,1819,1609,0.885,0.37,Average,777,599,1376,0.435,0.5,0.156,0.107,0.078,0.402
2717,32,2,30,3,0.065,127,118,0.929,0.43,Average,53,43,96,0.448,0.536,0.165,0.102,0.071,0.402
2718,32,2,30,524,0.022,43,32,0.744,0.83,Excellent,11,7,18,0.389,0.444,0.279,0.302,0.047,0.395
2719,32,2,2,495,0.263,631,606,0.96,0.31,Average,355,218,573,0.38,0.499,0.062,0.038,0.035,0.371
2720,32,2,2,518,0.19,456,484,1.061,0.17,Below Average,171,191,362,0.528,0.575,0.125,0.107,0.094,0.496
2721,32,2,2,387,0.095,229,191,0.834,0.25,Below Average,95,72,167,0.431,0.485,0.179,0.1,0.087,0.397
2722,32,2,2,9,0.09,215,183,0.851,0.52,Good,82,71,153,0.464,0.464,0.172,0.149,0.112,0.437
2723,32,2,2,379,0.073,176,189,1.074,0.55,Good,56,75,131,0.573,0.573,0.125,0.188,0.17,0.545
2724,32,2,2,216,0.066,158,169,1.07,0.43,Average,50,71,121,0.587,0.587,0.101,0.171,0.146,0.551
2725,32,2,2,215,0.056,135,117,0.867,0.59,Good,77,46,123,0.374,0.455,0.059,0.03,0.03,0.363
2726,32,2,2,109,0.041,99,69,0.697,0.79,Very Good,46,27,73,0.37,0.397,0.182,0.121,0.111,0.343
2727,32,2,2,383,0.032,78,83,1.064,0.29,Below Average,32,33,65,0.508,0.569,0.09,0.077,0.051,0.487
2728,32,2,2,68,0.021,51,39,0.765,0.66,Very Good,26,14,40,0.35,0.413,0.137,0.078,0.078,0.333
2729,32,2,2,214,0.072,174,81,0.466,0.55,Good,11,15,26,0.577,0.654,0.626,0.247,0.046,0.247
2730,32,2,3,112,0.056,134,98,0.731,0.85,Excellent,67,38,105,0.362,0.4,0.142,0.104,0.097,0.351
2731,32,2,3,385,0.194,466,429,0.921,0.2,Below Average,216,164,380,0.432,0.503,0.12,0.077,0.067,0.41
2732,32,2,3,393,0.116,279,250,0.896,0.49,Average,116,95,211,0.45,0.483,0.143,0.129,0.1,0.434
2733,32,2,4,108,0.015,35,29,0.829,0.75,Very Good,21,11,32,0.344,0.406,0.029,0.057,0.057,0.371
2734,32,2,4,377,0.111,266,240,0.902,0.23,Below Average,121,92,213,0.432,0.516,0.162,0.053,0.041,0.38
2735,32,2,4,388,0.027,64,67,1.047,0.47,Average,34,24,58,0.414,0.534,0.047,0.063,0.063,0.422
2736,32,2,5,378,0.002,5,9,1.8,-,-,0,3,3,1,1.167,0.2,0.2,0.2,0.8
2737,32,2,5,389,0.016,38,30,0.789,0.57,Good,12,9,21,0.429,0.476,0.289,0.158,0.105,0.395
2738,32,2,7,8,0.357,525,544,1.036,0.47,Average,337,188,525,0.358,0.517,0,0.002,0.002,0.358
2739,32,2,7,67,0.638,335,335,1,0.42,Average,219,116,335,0.346,0.499,0,0.003,0.003,0.346
2740,32,2,7,520,0.362,190,209,1.1,0.5,Average,118,72,190,0.379,0.55,0,0,0,0.379
2741,32,2,8,4,0.141,207,168,0.812,0.4,Average,134,73,207,0.353,0.403,0,0.005,0.005,0.353
2742,32,2,9,492,0.144,110,91,0.827,0.27,Below Average,65,45,110,0.409,0.409,0,0.009,0.009,0.409
2743,32,2,9,213,0.125,96,68,0.708,0.56,Good,62,34,96,0.354,0.354,0,0,0,0.354
2744,32,2,9,210,0.731,560,586,1.046,0.41,Average,365,195,560,0.348,0.522,0,0.002,0.002,0.348
2745,21,1,1,523,1,2052,1873,0.913,0.68,Very Good,813,701,1514,0.463,0.515,0.163,0.117,0.079,0.43
2746,21,1,1,518,0.162,333,341,1.024,0.7,Very Good,128,125,253,0.494,0.575,0.15,0.114,0.108,0.456
2747,21,1,1,220,0.838,1719,1532,0.891,0.66,Very Good,685,576,1261,0.457,0.503,0.165,0.118,0.073,0.425
2748,21,1,1,494,0.04,82,39,0.476,0.09,Poor,59,14,73,0.192,0.24,0.061,0.049,0.024,0.195
2749,21,1,1,217,0.083,142,107,0.754,0.27,Below Average,65,42,107,0.393,0.411,0.169,0.113,0.085,0.366
2750,21,1,1,218,0.049,84,70,0.833,0.57,Good,36,26,62,0.419,0.444,0.167,0.119,0.06,0.393
2751,21,1,1,1,0.123,212,191,0.901,0.72,Very Good,83,73,156,0.468,0.513,0.184,0.099,0.071,0.425
2752,21,1,1,212,0.861,1480,1321,0.893,0.69,Very Good,591,492,1083,0.454,0.499,0.164,0.123,0.074,0.427
2753,21,1,1,522,0.139,239,211,0.883,0.43,Average,94,84,178,0.472,0.528,0.176,0.084,0.067,0.414
2754,21,1,1,525,0.082,141,114,0.809,0.46,Average,45,37,82,0.451,0.506,0.248,0.17,0.05,0.404
2755,21,1,2,495,0.231,474,435,0.918,0.52,Good,238,165,403,0.409,0.5,0.108,0.057,0.046,0.388
2756,21,1,2,518,0.162,333,341,1.024,0.7,Very Good,128,125,253,0.494,0.575,0.15,0.114,0.108,0.456
2757,21,1,2,379,0.146,299,320,1.07,0.47,Average,102,134,236,0.568,0.568,0.097,0.134,0.13,0.542
2758,21,1,2,387,0.108,221,189,0.855,0.53,Good,95,74,169,0.438,0.438,0.118,0.131,0.077,0.448
2759,21,1,2,9,0.088,180,172,0.956,0.69,Very Good,86,68,154,0.442,0.513,0.111,0.061,0.056,0.411
2760,21,1,2,216,0.06,124,135,1.089,0.64,Good,43,48,91,0.527,0.538,0.073,0.21,0.161,0.565
2761,21,1,2,215,0.049,100,68,0.68,0.27,Below Average,47,28,75,0.373,0.413,0.2,0.06,0.03,0.32
2762,21,1,2,109,0.046,95,88,0.926,0.86,Excellent,37,32,69,0.464,0.493,0.147,0.158,0.126,0.463
2763,21,1,2,383,0.016,32,39,1.219,0.99,Excellent,13,13,26,0.5,0.673,0.125,0.063,0.063,0.469
2764,21,1,2,68,0.013,27,22,0.815,0.27,Below Average,12,10,22,0.455,0.455,0.148,0.074,0.037,0.407
2765,21,1,2,214,0.081,167,64,0.383,0.23,Below Average,12,4,16,0.25,0.25,0.641,0.263,0,0.24
2766,21,1,3,112,0.06,124,112,0.903,0.72,Very Good,54,43,97,0.443,0.474,0.121,0.121,0.097,0.444
2767,21,1,3,385,0.088,181,140,0.773,0.27,Below Average,84,61,145,0.421,0.452,0.16,0.055,0.033,0.37
2768,21,1,3,393,0.125,256,222,0.867,0.47,Average,111,85,196,0.434,0.446,0.121,0.125,0.078,0.441
2769,21,1,4,108,0.014,29,24,0.828,0.27,Below Average,17,11,28,0.393,0.429,0.034,0,0,0.379
2770,21,1,4,377,0.049,100,72,0.72,0.25,Below Average,37,33,70,0.471,0.493,0.28,0.04,0.03,0.35
2771,21,1,4,388,0.017,35,33,0.943,0.36,Average,16,11,27,0.407,0.5,0.143,0.086,0.086,0.4
2772,21,1,5,378,0.001,3,5,1.667,-,-,1,2,3,0.667,0.833,0,0,0,0.667
2773,21,1,5,389,0.014,29,23,0.793,0.48,Average,12,9,21,0.429,0.476,0.207,0.069,0.034,0.379
2774,21,1,7,8,0.262,331,330,0.997,0.42,Average,209,122,331,0.369,0.498,0,0,0,0.369
2775,21,1,7,67,0.619,205,213,1.039,0.71,Very Good,125,80,205,0.39,0.52,0,0,0,0.39
2776,21,1,7,520,0.381,126,117,0.929,0.12,Poor,84,42,126,0.333,0.464,0,0,0,0.333
2777,21,1,8,4,0.143,180,178,0.989,0.98,Excellent,104,76,180,0.422,0.492,0,0.006,0.006,0.422
2778,21,1,9,492,0.153,83,62,0.747,0.5,Average,52,31,83,0.373,0.373,0,0,0,0.373
2779,21,1,9,213,0.251,136,125,0.919,0.94,Excellent,74,62,136,0.456,0.456,0,0.007,0.007,0.456
2780,21,1,9,210,0.595,322,348,1.081,0.71,Very Good,206,116,322,0.36,0.54,0,0,0,0.36
2781,21,2,30,523,1,2092,1812,0.866,0.69,Very Good,919,665,1584,0.42,0.485,0.155,0.103,0.073,0.391
2782,21,2,30,518,0.145,303,301,0.993,0.44,Average,125,114,239,0.477,0.523,0.102,0.142,0.122,0.469
2783,21,2,30,220,0.855,1789,1511,0.845,0.69,Very Good,794,551,1345,0.41,0.478,0.164,0.097,0.064,0.378
2784,21,2,30,494,0.043,90,68,0.756,0.36,Average,49,26,75,0.347,0.4,0.1,0.078,0.078,0.356
2785,21,2,30,217,0.088,157,129,0.822,0.58,Good,74,48,122,0.393,0.43,0.14,0.096,0.057,0.389
2786,21,2,30,218,0.05,90,58,0.644,0.89,Excellent,43,20,63,0.317,0.373,0.222,0.089,0.056,0.289
2787,21,2,30,1,0.123,220,181,0.823,0.63,Good,103,67,170,0.394,0.462,0.15,0.091,0.064,0.364
2788,21,2,30,2,0.984,1761,1472,0.836,0.72,Very Good,784,537,1321,0.407,0.474,0.165,0.097,0.064,0.375
2789,21,2,30,3,0.016,28,39,1.393,0.02,Poor,10,14,24,0.583,0.729,0.071,0.107,0.071,0.571
2790,21,2,30,524,0.007,13,14,1.077,0.1,Poor,3,0,3,0,0,0.077,0.692,0.154,0.615
2791,21,2,2,495,0.274,574,546,0.951,0.36,Average,315,187,502,0.373,0.499,0.077,0.056,0.045,0.368
2792,21,2,2,518,0.145,303,301,0.993,0.44,Average,125,114,239,0.477,0.523,0.102,0.142,0.122,0.469
2793,21,2,2,9,0.092,192,186,0.969,0.86,Excellent,75,78,153,0.51,0.51,0.115,0.115,0.109,0.49
2794,21,2,2,387,0.086,180,129,0.717,0.71,Very Good,79,45,124,0.363,0.423,0.217,0.1,0.061,0.328
2795,21,2,2,215,0.077,162,127,0.784,0.77,Very Good,50,54,104,0.519,0.519,0.241,0.123,0.093,0.407
2796,21,2,2,216,0.071,148,90,0.608,0.93,Excellent,72,33,105,0.314,0.338,0.216,0.081,0.054,0.291
2797,21,2,2,379,0.062,130,139,1.069,0.43,Average,46,51,97,0.526,0.526,0.085,0.223,0.162,0.538
2798,21,2,2,109,0.061,128,92,0.719,0.9,Excellent,73,38,111,0.342,0.396,0.102,0.039,0.023,0.313
2799,21,2,2,68,0.035,73,68,0.932,0.59,Good,36,26,62,0.419,0.516,0.096,0.055,0.041,0.397
2800,21,2,2,383,0.033,70,61,0.871,0.39,Average,38,23,61,0.377,0.467,0.086,0.057,0.043,0.371
2801,21,2,2,214,0.063,132,73,0.553,0.25,Below Average,10,16,26,0.615,0.654,0.606,0.205,0.03,0.288
2802,21,2,3,112,0.099,208,157,0.755,0.79,Very Good,99,56,155,0.361,0.419,0.178,0.087,0.067,0.337
2803,21,2,3,385,0.177,370,313,0.846,0.55,Good,171,113,284,0.398,0.488,0.157,0.078,0.046,0.365
2804,21,2,3,393,0.116,243,207,0.852,0.68,Very Good,93,81,174,0.466,0.52,0.185,0.103,0.082,0.399
2805,21,2,4,108,0.029,60,67,1.117,0.25,Below Average,27,23,50,0.46,0.59,0.083,0.1,0.1,0.45
2806,21,2,4,377,0.106,222,185,0.833,0.48,Average,92,68,160,0.425,0.538,0.221,0.059,0.027,0.347
2807,21,2,4,388,0.039,81,80,0.988,0.57,Good,43,27,70,0.386,0.521,0.074,0.062,0.062,0.383
2808,21,2,5,378,0.007,14,7,0.5,0.87,Excellent,6,3,9,0.333,0.333,0.286,0.071,0,0.286
2809,21,2,5,389,0.04,83,58,0.699,0.71,Very Good,35,20,55,0.364,0.436,0.253,0.096,0.096,0.313
2810,21,2,7,8,0.341,458,489,1.068,0.33,Average,290,168,458,0.367,0.534,0,0.004,0.004,0.367
2811,21,2,7,67,0.651,298,292,0.98,0.52,Good,197,101,298,0.339,0.49,0,0.007,0.007,0.339
2812,21,2,7,520,0.349,160,197,1.231,0.18,Below Average,93,67,160,0.419,0.616,0,0,0,0.419
2813,21,2,8,4,0.17,229,185,0.808,0.43,Average,149,80,229,0.349,0.404,0,0.004,0.004,0.349
2814,21,2,9,492,0.171,124,84,0.677,0.79,Very Good,82,42,124,0.339,0.339,0,0.008,0.008,0.339
2815,21,2,9,213,0.119,86,64,0.744,0.44,Average,54,32,86,0.372,0.372,0,0,0,0.372
2816,21,2,9,210,0.71,515,552,1.072,0.28,Below Average,331,184,515,0.357,0.536,0,0.004,0.004,0.357
