team_name,player_name,gp,team_ast,team_fg,team_id,player_id,MP,PTS,3P,AST,TO,FG,FT,FGA,STL,PF,FTA,TRB,ORB,DRB,BLK,pace_factor,factors,VOP,DRB%,uPER,Pace_Adjustment,aPER,aPER_Weights,PER
Albion,Adam_Davis,18,15,27,13,1,11.6111,3,0.22,0.44,0.56,1,0.78,2.5,0.28,1.28,1.06,1.72,0.5,1.22,0.06,88.41304348,0.59963225,0.979272097,0.732420171,0.089892999,0.936215773,0.084159243,0.000238644,7.033424015
Albion,Aquavius_Burks,23,15,27,13,2,17.3478,5.87,0.65,1.48,1.43,2,1.22,5.04,0.48,1.48,1.83,3,0.65,2.35,0,88.41304348,0.59963225,0.979272097,0.732420171,0.143558638,0.936215773,0.134401861,0.00056941,11.23234047
Albion,Arshawn_Parker,18,15,27,13,3,10.6667,4.78,0.83,0.78,0.5,1.61,0.72,4.28,0.33,0.39,0.94,0.89,0.22,0.67,0,88.41304348,0.59963225,0.979272097,0.732420171,0.223245282,0.936215773,0.209005754,0.000544457,17.46719708
Albion,Austin_Thompson,5,15,27,13,4,2.6,0.4,0,0.6,0,0,0.4,0.2,0,0.2,0.4,0.2,0,0.2,0,88.41304348,0.59963225,0.979272097,0.732420171,0.149081024,0.936215773,0.139572006,8.86E-05,11.66442404
Albion,Caden_Ebeling,25,15,27,13,5,14.84,5.48,0.32,0.64,0.8,2.04,1.08,5.32,0.08,1.84,1.4,3.84,1.16,2.68,0.12,88.41304348,0.59963225,0.979272097,0.732420171,0.135505134,0.936215773,0.126862044,0.000459771,10.60221682
Albion,Corey_Wheeler,22,15,27,13,6,23.6364,13.14,0.86,2.64,1.77,4.41,3.45,9.55,0.95,1.95,4.68,4.68,1.5,3.18,0.18,88.41304348,0.59963225,0.979272097,0.732420171,0.343610929,0.936215773,0.321693972,0.001856948,26.88486746
Albion,Dylan_Bennett,19,15,27,13,7,14.8421,2.95,0.89,0.47,0.21,1,0.05,3,0.32,1.42,0.11,1.26,0,1.26,0.05,88.41304348,0.59963225,0.979272097,0.732420171,0.057728865,0.936215773,0.054046674,0.000195902,4.516832131
Albion,Jaylen_Fordham,25,15,27,13,9,18.48,6.52,1.36,1.52,1.72,2.28,0.6,5.92,0.32,2.08,0.88,3.76,0.68,3.08,0.2,88.41304348,0.59963225,0.979272097,0.732420171,0.131542395,0.936215773,0.123152065,0.000555801,10.29216348
Albion,Juwan_Perry,14,15,27,13,10,11.9286,5,0.64,1.07,0.79,1.71,0.93,3.86,0.21,1.36,1.5,1,0.43,0.57,0,88.41304348,0.59963225,0.979272097,0.732420171,0.166794128,0.936215773,0.156155294,0.000454906,13.05033585
Albion,Nathaniel_Collins,20,15,27,13,11,19.2,8.5,1.15,0.7,1.05,2.8,1.75,6.9,0.5,2.1,2.3,1.85,0.2,1.65,0.15,88.41304348,0.59963225,0.979272097,0.732420171,0.156574255,0.936215773,0.146587287,0.000687342,12.25071072
Albion,Nathan_Kellum,17,15,27,13,12,6.7647,1.59,0,0.18,0.53,0.65,0.29,1.53,0.29,0.47,0.41,1.12,0.29,0.82,0.41,88.41304348,0.59963225,0.979272097,0.732420171,0.121588707,0.936215773,0.113833265,0.000188059,9.513365234
Albion,Ojani_Echevarria,6,15,27,13,13,8.1667,1.5,0.5,0.67,0.67,0.5,0,2.33,0.17,0.33,0,1.5,0.5,1,0,88.41304348,0.59963225,0.979272097,0.732420171,0.036374965,0.936215773,0.034054816,6.79E-05,2.846056472
Albion,Quinton_Armstrong,23,15,27,13,14,16.913,8.43,0.26,0.57,1.22,3.7,0.78,6.78,0.17,2.09,1.52,4.48,2.04,2.43,0.7,88.41304348,0.59963225,0.979272097,0.732420171,0.291477715,0.936215773,0.272886034,0.001127139,22.80585121
Albion,Robert_Ryan,25,15,27,13,15,18.04,3.56,0.52,2.12,1.28,1,1.04,3.32,0.48,1.04,1.32,1.6,0.44,1.16,0,88.41304348,0.59963225,0.979272097,0.732420171,0.089849662,0.936215773,0.084118671,0.000370599,7.03003326
Albion,Ryan_Lowe,23,15,27,13,16,14.3913,7.17,0,0.96,1.22,3,1.17,4.43,0.17,2.35,1.91,5,1.91,3.09,0.35,88.41304348,0.59963225,0.979272097,0.732420171,0.338507807,0.936215773,0.316916348,0.001113833,26.48558806
Carthage,Adam_Radcliffe,5,13,26,7,17,2.2,0.4,0,0,0,0.2,0,0.6,0,0.2,0.2,0,0,0,0,80.44,0.59963225,0.979272097,0.732420171,-0.121543565,1.029011509,-0.125069727,-6.72E-05,-10.45242787
Carthage,Brad_Kruse,25,13,26,7,18,36.76,16.12,1.2,2.92,2.48,5.96,3,10.52,2.08,2.44,4.48,7.12,2.64,4.48,1.48,80.44,0.59963225,0.979272097,0.732420171,0.370899876,1.029011509,0.381660241,0.00342632,31.89641682
Carthage,Brad_Perry,25,13,26,7,19,23.52,10.04,0,0.6,1.72,4.4,1.24,7.8,0.28,2.16,2.36,5.92,1.32,4.6,1.64,80.44,0.59963225,0.979272097,0.732420171,0.266019777,1.029011509,0.273737412,0.001572342,22.8770033
Carthage,Dan_Messina,5,13,26,7,21,1.8,0.4,0,0.2,0.2,0,0.4,0.4,0,0,0.4,0.2,0,0.2,0,80.44,0.59963225,0.979272097,0.732420171,-0.057703493,1.029011509,-0.059377559,-2.61E-05,-4.962349113
Carthage,Derek_Mason_II,24,13,26,7,22,23.5833,8.88,1.13,1.79,2.25,3,1.75,8,0.92,2.67,2.08,1.58,0.46,1.13,0.08,80.44,0.59963225,0.979272097,0.732420171,0.102879091,1.029011509,0.105863769,0.000609716,8.847332091
Carthage,Dimitrije_Kastratovic,8,13,26,7,23,3,0,0,0,0.38,0,0,0,0,0.25,0,0.38,0,0.38,0,80.44,0.59963225,0.979272097,0.732420171,-0.184976452,1.029011509,-0.190342898,-0.000139455,-15.90748985
Carthage,Jacob_Polglase,13,13,26,7,24,9.3077,2.23,0.54,0.62,0.15,0.69,0.31,2.38,0.15,0.38,0.54,1.31,0.23,1.08,0,80.44,0.59963225,0.979272097,0.732420171,0.122144603,1.029011509,0.125688202,0.000285701,10.50411559
Carthage,Jordan_Thomas,24,13,26,7,25,33.9167,17.75,2.63,2.13,1.21,5.75,3.63,13.33,0.96,1.42,4.21,5.5,0.96,4.54,0,80.44,0.59963225,0.979272097,0.732420171,0.336971644,1.029011509,0.3467477,0.002872121,28.97867778
Carthage,Jordan_Vedder,12,13,26,7,26,8.5833,2.58,0.75,0.25,0.67,0.92,0,2.83,0,1.17,0,1.08,0.17,0.92,0.17,80.44,0.59963225,0.979272097,0.732420171,0.001026274,1.029011509,0.001056048,2.21E-06,0.088256868
Carthage,Kamal_Shasi,18,13,26,7,27,26.3889,5,0.78,3.44,1.44,1.56,1.11,4.28,1,2.44,1.28,4.33,0.72,3.61,0.33,80.44,0.59963225,0.979272097,0.732420171,0.151319903,1.029011509,0.155709921,0.00100349,13.01311484
Carthage,Kienan_Baltimore,13,13,26,7,28,27.4615,16.69,1.46,2.15,2.92,5.15,4.92,11.31,0.62,3.54,6.15,3.31,1.08,2.23,0.15,80.44,0.59963225,0.979272097,0.732420171,0.258270097,1.029011509,0.265762902,0.001782355,22.21055112
Carthage,Mike_Canady,19,13,26,7,29,8.4211,1.79,0.32,0.53,0.47,0.58,0.32,1.58,0.16,0.63,0.47,1,0.11,0.89,0,80.44,0.59963225,0.979272097,0.732420171,0.069659944,1.029011509,0.071680884,0.000147417,5.990572492
Carthage,Sean_Johnson,23,13,26,7,30,15.7826,3.83,0,0.39,0.57,1.48,0.87,2.57,0.17,1.65,1.61,3.83,1.3,2.52,2,80.44,0.59963225,0.979272097,0.732420171,0.237522923,1.029011509,0.244413822,0.000942063,20.42634858
Carthage,Steve_Leazer,25,13,26,7,31,16.48,3.04,0.56,0.96,0.4,0.92,0.64,3.48,0.4,1.84,1.24,1.96,0.4,1.56,0.16,80.44,0.59963225,0.979272097,0.732420171,0.036406262,1.029011509,0.037462462,0.000150775,3.130843052
Carthage,Tj_Best,16,13,26,7,32,7.6875,1.25,0.19,0.19,0.44,0.38,0.31,1.19,0.19,0.44,0.38,0.19,0,0.19,0,80.44,0.59963225,0.979272097,0.732420171,-0.002884686,1.029011509,-0.002968375,-5.57E-06,-0.24807543
Chicago,Cole_Schmitz,20,15,21,12,34,7.95,2,0,0.9,0.2,0.95,0.1,2.35,0.3,0.8,0.1,2.1,0.85,1.25,0.05,81.62,0.59963225,0.979272097,0.732420171,0.213656814,1.014134842,0.216676819,0.000420683,18.10828949
Chicago,Collin_Barthel,23,15,21,12,35,31.1304,13.39,0.87,2.3,2.04,4.48,3.57,10.52,1.09,2.04,4.65,8.74,2.43,6.3,0.3,81.62,0.59963225,0.979272097,0.732420171,0.266514157,1.014134842,0.270281292,0.002054831,22.58816564
Chicago,Dominic_Laravie,25,15,21,12,36,7.72,2.56,0.12,0.2,0.36,0.96,0.52,2.44,0.12,0.64,1,2.28,1.12,1.16,0.08,81.62,0.59963225,0.979272097,0.732420171,0.1781583,1.014134842,0.180676539,0.000340639,15.09964515
Chicago,Jake_Berhorst,24,15,21,12,38,9.8333,2.71,0.58,0.83,1,0.92,0.29,2.46,0.04,0.58,0.42,1.17,0.13,1.04,0,81.62,0.59963225,0.979272097,0.732420171,0.067931739,1.014134842,0.068891944,0.000165441,5.757492966
Chicago,Jake_Fenlon,25,15,21,12,39,31,17.44,4,1.44,1.76,5.6,2.24,13.8,0.56,1.36,2.72,2,0.32,1.68,0.12,81.62,0.59963225,0.979272097,0.732420171,0.251810244,1.014134842,0.255369542,0.001933331,21.3419489
Chicago,Jordan_Baum,25,15,21,12,40,30.08,7.4,1.96,5.68,2.16,2.44,0.56,6.2,1.4,1.88,0.68,4.68,0.24,4.44,0.44,81.62,0.59963225,0.979272097,0.732420171,0.226854914,1.014134842,0.230061473,0.001690041,19.22688252
Chicago,Justin_Jackson,25,15,21,12,41,15.08,6.08,0.12,0.88,0.96,2,1.96,4.4,0.2,1.64,3.28,2.6,1.52,1.08,0.08,81.62,0.59963225,0.979272097,0.732420171,0.164194103,1.014134842,0.16651496,0.000613239,13.91612226
Chicago,Mattia_Colangelo,24,15,21,12,43,6.2917,0.96,0.29,0.42,0.38,0.33,0,1.33,0.13,0.33,0,1.08,0.29,0.79,0.17,81.62,0.59963225,0.979272097,0.732420171,0.074359714,1.014134842,0.075410777,0.000115872,6.302290109
Chicago,Max_Jacobs,25,15,21,12,44,13.6,3.68,0.12,0.96,0.92,1.28,1,2.4,0.6,1.52,1.48,2.36,0.68,1.68,0,81.62,0.59963225,0.979272097,0.732420171,0.1484471,1.014134842,0.150545376,0.000500014,12.5814993
Chicago,Noah_Karras,25,15,21,12,45,23.84,9.36,1.84,1.08,1.04,3.4,0.72,9.08,0.32,2,0.92,2.2,0.32,1.88,0.28,81.62,0.59963225,0.979272097,0.732420171,0.128739178,1.014134842,0.130558886,0.000760131,10.91117227
Chicago,Ryan_Jacobsen,22,15,21,12,47,20.8636,7.27,0.14,1.09,1.36,2.73,1.68,5,0.45,2.68,3.27,6.09,2.45,3.64,0.32,81.62,0.59963225,0.979272097,0.732420171,0.202775614,1.014134842,0.205641815,0.001047795,17.18606323
Chicago,Sam_Sustacek,25,15,21,12,49,10.44,4,0,0.68,0.6,1.56,0.88,2.64,0.24,1.48,1.68,2.72,1.08,1.64,0.04,81.62,0.59963225,0.979272097,0.732420171,0.218451127,1.014134842,0.221538899,0.000564841,18.51462714
CornellCollege,Austin_Dyer,7,16,24,11,50,5.4286,0.57,0,0.29,0.57,0.29,0,1.14,0,0.43,0,1.57,0.86,0.71,0.14,81.07142857,0.59963225,0.979272097,0.732420171,0.017537729,1.020997006,0.017905969,2.37E-05,1.496452046
CornellCollege,Brad_Hund,14,16,24,11,51,22.0714,8.64,0.43,1.07,1.57,3.57,1.07,6.86,0.29,2,2.29,5.71,1.86,3.86,0.64,81.07142857,0.59963225,0.979272097,0.732420171,0.222525839,1.020997006,0.227198216,0.001224645,18.98759211
CornellCollege,Cody_Carter,13,16,24,11,53,11,2.62,0.62,0.62,0.92,0.92,0.15,2.92,0.31,0.46,0.31,1.69,0.38,1.31,0.15,81.07142857,0.59963225,0.979272097,0.732420171,0.083619032,1.020997006,0.085374782,0.000229349,7.135009951
CornellCollege,Cooper_Kabela,14,16,24,11,54,10.8571,3,0.14,0.43,0.57,1.07,0.71,2.07,0.14,0.43,1,1.86,0.36,1.5,0.14,81.07142857,0.59963225,0.979272097,0.732420171,0.16779171,1.020997006,0.171314833,0.000454239,14.31726108
CornellCollege,Corey_Davis,14,16,24,11,55,24.1429,12.71,0.21,4.14,3.79,4.43,3.64,9.79,2.86,2,5.64,4.79,0.79,4,0.21,81.07142857,0.59963225,0.979272097,0.732420171,0.304994451,1.020997006,0.311398421,0.001836037,26.02443942
CornellCollege,Craig_Engle,12,16,24,11,56,18.5,4.33,0.83,1.17,1.08,1.25,1,4,0.17,1.08,1.08,1.08,0.08,1,0,81.07142857,0.59963225,0.979272097,0.732420171,0.05132623,1.020997006,0.052403927,0.000236761,4.379543191
CornellCollege,Dylan_Murdock,5,16,24,11,57,3.8,0.4,0,0.2,0.2,0.2,0,0.4,0.2,0,0,0.6,0,0.6,0,81.07142857,0.59963225,0.979272097,0.732420171,0.124055102,1.020997006,0.126659888,0.000117543,10.58532205
CornellCollege,Jan_Siegien,12,16,24,11,59,12.75,4,0.83,0.33,0.83,1.42,0.33,4,0.33,0.75,0.67,1.17,0,1.17,0.08,81.07142857,0.59963225,0.979272097,0.732420171,0.072104755,1.020997006,0.073618739,0.000229231,6.15252446
CornellCollege,Jon_Anderson,14,16,24,11,60,20.7857,12.79,0,0.29,1.36,4.64,3.5,7.79,0.71,3.14,5.29,6.93,1.71,5.21,0.64,81.07142857,0.59963225,0.979272097,0.732420171,0.348955929,1.020997006,0.356282959,0.00180857,29.77556613
CornellCollege,Jordan_Venters,5,16,24,11,62,3.2,3,0.8,0.2,0.4,1,0.2,2.4,0.4,0,0.4,0.2,0,0.2,0,81.07142857,0.59963225,0.979272097,0.732420171,0.514430053,1.020997006,0.525231544,0.000410465,43.89507325
CornellCollege,Keegan_Van_Kooten,14,16,24,11,64,11.1429,1.93,0.21,0.5,0.93,0.64,0.43,3.5,0.43,1.5,0.79,1.43,0.5,0.93,0.36,81.07142857,0.59963225,0.979272097,0.732420171,-0.090373002,1.020997006,-0.092270564,-0.000251094,-7.711309824
CornellCollege,Michael_Drew,14,16,24,11,65,19.2857,5.29,0.29,1,1.29,1.79,1.43,4.36,0.71,1.14,1.86,4,0.64,3.36,0,81.07142857,0.59963225,0.979272097,0.732420171,0.142539854,1.020997006,0.145532764,0.000685444,12.16258126
CornellCollege,Michael_Fiorito,14,16,24,11,66,15.5,5.07,1.14,1.36,1.5,1.5,0.93,4.29,0.5,1.14,1.57,1.64,0.14,1.5,0,81.07142857,0.59963225,0.979272097,0.732420171,0.099971743,1.020997006,0.10207085,0.000386375,8.530347196
CornellCollege,Scott_Gasik,6,16,24,11,67,7,3.5,1,0.17,0.17,1.17,0.17,2.5,0.17,0.67,0.67,0.83,0.5,0.33,0,81.07142857,0.59963225,0.979272097,0.732420171,0.277259175,1.020997006,0.283080788,0.000483932,23.65785541
DominicanIL,Andrew_Wojcik,16,12,24,3,68,6.9375,2.69,0.25,0.88,0.94,0.88,0.69,2.13,0.19,0.88,0.94,0.75,0.06,0.69,0,81.86,0.59963225,0.979272097,0.732420171,0.090362542,1.011161566,0.09137113,0.000154806,7.636141599
DominicanIL,Antonio_Amoah,22,12,24,3,69,14.0909,5.45,0.41,0.64,1.14,2.14,0.77,4.64,0.64,1.27,1.18,2.95,1,1.95,0.05,81.86,0.59963225,0.979272097,0.732420171,0.204755901,1.011161566,0.207041297,0.000712478,17.30302192
DominicanIL,Arrin_Westbrook,10,12,24,3,70,4.6,2.1,0.1,0.4,0.3,1,0,2.4,0,0.4,0,0.8,0.2,0.6,0,81.86,0.59963225,0.979272097,0.732420171,0.148241437,1.011161566,0.149896043,0.000168393,12.52723277
DominicanIL,Connor_Dartt,25,12,24,3,71,14.32,2.6,0.12,0.36,1.28,0.88,0.72,3.2,0.44,2.12,1.2,3.4,1.08,2.32,0.2,81.86,0.59963225,0.979272097,0.732420171,-0.023432496,1.011161566,-0.023694039,-8.29E-05,-1.980177327
DominicanIL,Dennis_Handy,23,12,24,3,72,13.3478,2.7,0.3,0.7,0.83,1.04,0.3,3.35,0.48,1.61,0.61,1.35,0.57,0.78,0.17,81.86,0.59963225,0.979272097,0.732420171,0.01083751,1.011161566,0.010958474,3.57E-05,0.915830396
DominicanIL,Domenic_Aiello,25,12,24,3,73,17.96,7.4,1.64,1.92,1.8,2.44,0.88,6.36,1.28,2.04,1.52,1.4,0.12,1.28,0.04,81.86,0.59963225,0.979272097,0.732420171,0.171729034,1.011161566,0.173645799,0.000761634,14.51206644
DominicanIL,Isaac_Moore,19,12,24,3,74,17.2632,5.68,1.21,0.47,0.74,2,0.47,5.79,0.68,2.47,0.63,3.89,0.42,3.47,0.05,81.86,0.59963225,0.979272097,0.732420171,0.106923521,1.011161566,0.108116955,0.000455817,9.03563713
DominicanIL,Jackson_Smith,25,12,24,3,75,13.48,5.56,0.84,0.56,0.96,2,0.72,5.32,0.32,1.32,1.28,1.56,0.72,0.84,0.12,81.86,0.59963225,0.979272097,0.732420171,0.128306615,1.011161566,0.129738718,0.000427105,10.84262852
DominicanIL,Jonny_Woolf,23,12,24,3,76,28.4348,14.7,1.3,2.57,2.43,5.39,2.61,10.78,2.04,2.78,3.43,6.3,1.13,5.17,0.96,81.86,0.59963225,0.979272097,0.732420171,0.365105155,1.011161566,0.3691803,0.002563682,30.85343314
DominicanIL,Nick_LaVere,24,12,24,3,78,18.1667,4.92,0.29,0.88,0.63,1.96,0.71,4.79,0.46,1.08,1.33,1.71,0.67,1.04,0.08,81.86,0.59963225,0.979272097,0.732420171,0.124595091,1.011161566,0.125985768,0.00055895,10.52898396
DominicanIL,Rory_Cunningham,12,12,24,3,79,7.25,1.83,0.17,0.25,0.42,0.75,0.17,2.08,0.25,1,0.33,2.33,0.42,1.92,0.5,81.86,0.59963225,0.979272097,0.732420171,0.12575016,1.011161566,0.127153728,0.000225135,10.6265937
DominicanIL,Sean_Ek,17,12,24,3,80,13.1176,2.41,0.47,1.35,1.12,0.76,0.41,1.94,0.35,1.06,0.47,0.88,0.18,0.71,0,81.86,0.59963225,0.979272097,0.732420171,0.061652697,1.011161566,0.062340838,0.000199711,5.209998662
DominicanIL,Tim_Robertson,24,12,24,3,81,25.625,14.79,0.42,1.71,1.96,5.63,3.13,13.63,0.29,1.54,4.25,4.58,0.96,3.63,0.75,81.86,0.59963225,0.979272097,0.732420171,0.260797466,1.011161566,0.263708374,0.001650302,22.03884847
EastWest,Ahmad_Eshftari,5,7,16,1,83,2.4,1.2,0,0.4,0.2,0.4,0.4,1.4,0.4,1.6,1.2,2,1,1,0,93.11764706,0.59963225,0.979272097,0.732420171,0.069667396,0.888915135,0.061928403,3.63E-05,5.175530303
EastWest,Amare_Thurman,12,7,16,1,84,8.3333,3.42,0.42,1.08,1.25,1.25,0.5,3.67,0.75,1.17,1,1.92,0.83,1.08,0,93.11764706,0.59963225,0.979272097,0.732420171,0.14461829,0.888915135,0.128553387,0.000261623,10.74356712
EastWest,Brian_Ashberry,13,7,16,1,86,12.1538,5,0.08,0.15,1.15,1.92,1.08,4.92,0.77,1.85,2.38,3.85,1.46,2.38,0.31,93.11764706,0.59963225,0.979272097,0.732420171,0.148792578,0.888915135,0.132263975,0.000392581,11.05367131
EastWest,Carl_Moore,15,7,16,1,87,25.6667,12.47,1.73,2.13,3.07,4.47,1.8,12.6,1.2,2,2.27,5.67,1.2,4.47,0.6,93.11764706,0.59963225,0.979272097,0.732420171,0.210336953,0.888915135,0.186971701,0.001171983,15.62574945
EastWest,Cortland_Gillespie,15,7,16,1,88,11,7.07,0.73,0.87,2.4,2.33,1.67,6.13,0.47,1.4,3,1.73,0.53,1.2,0,93.11764706,0.59963225,0.979272097,0.732420171,0.102169627,0.888915135,0.090820128,0.000243978,7.590092792
EastWest,Eric_Spencer,12,7,16,1,90,6.0833,4,0.08,0.58,0.83,1.42,1.08,4.5,0.42,2,2.17,2.08,0.75,1.33,0.33,93.11764706,0.59963225,0.979272097,0.732420171,0.055633754,0.888915135,0.049453686,7.35E-05,4.132983238
EastWest,Jeremy_Hargrove,13,7,16,1,91,9.8462,3.46,0.62,0.85,1.62,1,0.85,3.08,0.31,1.54,1.23,1.38,0.23,1.15,0.08,93.11764706,0.59963225,0.979272097,0.732420171,-0.003206308,0.888915135,-0.002850136,-6.85E-06,-0.238193821
EastWest,Markus_Johnson,15,7,16,1,94,20,9.47,0.07,0.6,1.4,3.53,2.33,7.13,0.8,3.2,4.27,6.73,3.2,3.53,0.87,93.11764706,0.59963225,0.979272097,0.732420171,0.299645713,0.888915135,0.26635961,0.00130099,22.26041966
EastWest,Patrick_Rucker,16,7,16,1,95,21.375,12.06,1.44,2.81,2.44,4,2.63,9.38,1.44,3.06,3.38,4.5,0.69,3.81,0.13,93.11764706,0.59963225,0.979272097,0.732420171,0.303882121,0.888915135,0.270125416,0.001410091,22.57513866
EastWest,Roland_Watkins,12,7,16,1,96,4.9167,1.25,0,0.25,0.33,0.42,0.42,1.25,0.17,1.33,0.58,0.92,0.25,0.67,0.17,93.11764706,0.59963225,0.979272097,0.732420171,-0.038947152,0.888915135,-0.034620713,-4.16E-05,-2.893350071
EastWest,Scherone_Clarke,9,7,16,1,97,1.7778,0.44,0,0.11,0.33,0.22,0,0.89,0,2.22,0.22,1.11,0.33,0.78,0.22,93.11764706,0.59963225,0.979272097,0.732420171,-0.86453672,0.888915135,-0.768499776,-0.000333658,-64.22568167
EastWest,Sherman_Brown,11,7,16,1,98,6.0909,2.45,0,0.36,0.73,1,0.45,2.55,0.36,2.82,0.73,1.73,0.73,1,0.18,93.11764706,0.59963225,0.979272097,0.732420171,-0.075701223,0.888915135,-0.067291963,-0.000100097,-5.623778065
EastWest,Sherman_Carter,14,7,16,1,99,22.7143,15.93,1.79,2.29,3.71,5.21,3.71,15.07,1.14,3.14,5,3.07,1.29,1.79,0.14,93.11764706,0.59963225,0.979272097,0.732420171,0.191335751,0.888915135,0.170081245,0.000943477,14.2141667
Fontbonne,Anthony_Loper,6,16,27,10,101,10.8333,2.17,0,0.67,0.83,0.83,0.5,2.67,0.5,2.17,1,2.17,0.83,1.33,0,101.3,0.59963225,0.979272097,0.732420171,-0.026277872,0.817114371,-0.021472027,-5.68E-05,-1.794477536
Fontbonne,Brian_Wacha,5,16,27,10,102,2,0.6,0.2,0,0.2,0.2,0,0.2,0,0.4,0,0.2,0.2,0,0,101.3,0.59963225,0.979272097,0.732420171,0.075281081,0.817114371,0.061513253,3.00E-05,5.140835094
Fontbonne,Erich_Schark,16,16,27,10,103,21,7.81,0.19,2.13,1.81,3.25,1.13,5.56,0.44,2.38,1.94,4.75,1.44,3.31,0.88,101.3,0.59963225,0.979272097,0.732420171,0.250972555,0.817114371,0.205073281,0.001051729,17.13854927
Fontbonne,Garrett_Goodnight,7,16,27,10,104,9.1429,0.14,0,0.86,0.57,0,0.14,0.86,0.86,1.29,0.29,0.57,0,0.57,0,101.3,0.59963225,0.979272097,0.732420171,-0.056589854,0.817114371,-0.046240383,-0.000103248,-3.864438477
Fontbonne,Jack_Lake,5,16,27,10,105,14.6,4.8,0.4,0.4,1.6,2,0.4,5.8,0,2.2,0.4,2.2,0.8,1.4,0.4,101.3,0.59963225,0.979272097,0.732420171,-0.028565739,0.817114371,-0.023341476,-8.32E-05,-1.950712602
Fontbonne,Jahmad_Wilburn,11,16,27,10,107,10.3636,2.73,0.09,0.55,1,1.09,0.45,2.36,0.27,1.64,0.91,2.82,0.73,2.09,0.09,101.3,0.59963225,0.979272097,0.732420171,0.068603629,0.817114371,0.056057012,0.000141878,4.684841677
Fontbonne,James_Wiggins,16,16,27,10,108,23.9375,6.81,0.13,2.19,2.44,2.38,1.94,5.19,0.69,3.06,2.56,3.25,1.19,2.06,0.13,101.3,0.59963225,0.979272097,0.732420171,0.092165995,0.817114371,0.075310159,0.000440259,6.293881246
Fontbonne,Jared_Woodcock,16,16,27,10,109,23.25,9.94,0.94,0.94,1.75,3.25,2.5,7.5,0.44,1.69,3.19,3.75,1.31,2.44,0.25,101.3,0.59963225,0.979272097,0.732420171,0.198443287,0.817114371,0.162150861,0.000920699,13.55140227
Fontbonne,Kris_Mccann,16,16,27,10,111,31,18,1.19,4.75,3.13,6.69,3.44,15,0.88,1.69,4.88,3.69,1.25,2.44,0,101.3,0.59963225,0.979272097,0.732420171,0.303011027,0.817114371,0.247594665,0.00187447,20.69218055
Fontbonne,Logan_KelleyWolff,8,16,27,10,112,6.625,1.25,0,0.75,0.5,0.63,0,1.63,0.25,1.25,0.13,1.38,0.38,1,0.13,101.3,0.59963225,0.979272097,0.732420171,0.03495029,0.817114371,0.028558384,4.62E-05,2.386704257
Fontbonne,Luke_Deline,12,16,27,10,114,27.75,16.33,2.58,2.33,3.5,6,1.75,12.08,1.5,1.67,2.58,6.33,0.92,5.42,0,101.3,0.59963225,0.979272097,0.732420171,0.341233756,0.817114371,0.278827006,0.001889615,23.30235495
Fontbonne,Maguire_Scheer,8,16,27,10,115,7.875,2.13,0.63,0.75,0.5,0.75,0,2.25,0.25,0.5,0,0.88,0.13,0.75,0,101.3,0.59963225,0.979272097,0.732420171,0.118909765,0.817114371,0.097162878,0.000186864,8.120174243
Fontbonne,Noah_Coddington,14,16,27,10,116,17.4286,7,0.21,1.93,1.64,2.71,1.36,5.36,0.43,2.14,1.86,5.5,1.29,4.21,0.79,101.3,0.59963225,0.979272097,0.732420171,0.269063414,0.817114371,0.219855582,0.000935784,18.37394766
Fontbonne,Thomas_Ritter,16,16,27,10,117,16.875,7.19,1.31,1,1.25,2.56,0.75,5.25,0.31,1.38,1.06,1.94,0.44,1.5,0.06,101.3,0.59963225,0.979272097,0.732420171,0.206755175,0.817114371,0.168942625,0.000696239,14.11900902
Fontbonne,Tristan_Baker,16,16,27,10,118,18.0625,9.19,0.94,1.38,1.25,2.88,2.5,5,0.5,1.88,3.63,3.56,1.06,2.5,0,101.3,0.59963225,0.979272097,0.732420171,0.317633366,0.817114371,0.259542788,0.001144886,21.69071874
Knox,Aaron_Crose,12,11,20,9,119,10.1667,2.92,0.25,0.42,0.83,0.83,1,2.33,0.08,2.42,1.83,1.17,0.5,0.67,0.08,80.32352941,0.59963225,0.979272097,0.732420171,-0.064337774,1.030503595,-0.066300307,-0.000164616,-5.540902627
Knox,Alik_Airapetyan,11,11,20,9,120,5.0909,1.09,0.18,0.45,0.91,0.45,0,1.36,0.09,0.55,0.09,0.91,0.09,0.82,0,80.32352941,0.59963225,0.979272097,0.732420171,-0.085902432,1.030503595,-0.088522765,-0.000110059,-7.398095728
Knox,Blake_Godbold,17,11,20,9,121,29.7059,8.12,0.76,1.29,1.71,3.06,1.24,7,0.76,1.94,1.35,6.06,1.24,4.82,0.29,80.32352941,0.59963225,0.979272097,0.732420171,0.160173445,1.030503595,0.165059311,0.001197452,13.79446953
Knox,Bryce_Wilkinson,16,11,20,9,122,9.375,3.75,0.81,0.5,0.81,1.06,0.81,2.69,0.19,1.25,0.88,1.31,0.56,0.75,0,80.32352941,0.59963225,0.979272097,0.732420171,0.143589598,1.030503595,0.147969597,0.000338781,12.36623419
Knox,Danny_Serrano,8,11,20,9,123,2.125,0,0,0.25,0,0,0,0,0.25,0.13,0,0.25,0,0.25,0,80.32352941,0.59963225,0.979272097,0.732420171,0.146916888,1.030503595,0.151398382,7.86E-05,12.65278738
Knox,Deryk_Ruple,17,11,20,9,124,27.4118,10.06,2.12,1.82,1.65,3.76,0.41,10.71,0.88,1.24,0.94,2.88,0.35,2.53,0,80.32352941,0.59963225,0.979272097,0.732420171,0.144004181,1.030503595,0.148396826,0.000993431,12.40193897
Knox,Dj_Lewis,17,11,20,9,125,23.8235,7.35,0.94,2.35,2,2.76,0.88,7,1.18,2.82,1.59,2.53,0.29,2.24,0.18,80.32352941,0.59963225,0.979272097,0.732420171,0.105815256,1.030503595,0.109043001,0.000634423,9.113029461
Knox,Eric_Pillath,10,11,20,9,126,7.4,1.9,0.3,0.3,0.4,0.7,0.2,1.7,0.2,1.2,0.2,1,0.1,0.9,0,80.32352941,0.59963225,0.979272097,0.732420171,0.039536848,1.030503595,0.040742864,7.36E-05,3.404995376
Knox,Eric_Thompson,9,11,20,9,127,11.6667,4.33,0,0.44,0.89,2,0.33,3.67,0.78,2,0.56,2.22,0.67,1.56,0.11,80.32352941,0.59963225,0.979272097,0.732420171,0.168953007,1.030503595,0.174106681,0.000496065,14.55058362
Knox,Garrett_Stone,14,11,20,9,128,8.5,0.57,0.07,0.43,0.57,0.14,0.21,0.71,0.21,0.86,0.36,0.5,0.14,0.36,0.07,80.32352941,0.59963225,0.979272097,0.732420171,-0.059521604,1.030503595,-0.061337227,-0.000127326,-5.126124052
Knox,Ikenna_Ozor,9,11,20,9,129,11.2222,4.11,0,0.67,0.56,1.78,0.56,2.33,0.22,1.44,0.89,1.89,0.67,1.22,0,80.32352941,0.59963225,0.979272097,0.732420171,0.23997154,1.030503595,0.247291535,0.000677739,20.66684713
Knox,Jacob_Kampf,11,11,20,9,130,19.4545,7.18,1.64,2.45,1.45,2.27,1,6.91,0.64,1.18,1.64,0.64,0.09,0.55,0,80.32352941,0.59963225,0.979272097,0.732420171,0.140879243,1.030503595,0.145176566,0.000689751,12.13281281
Knox,Jeremiah_Horton,10,11,20,9,131,3.9,1.9,0.3,0.2,0.3,0.8,0,1.2,0,0.1,0.1,0.6,0.1,0.5,0,80.32352941,0.59963225,0.979272097,0.732420171,0.310562868,1.030503595,0.320036152,0.000304817,26.74631883
Knox,John_Tsahageas,10,11,20,9,132,2.1,0.4,0,0.2,0.1,0.2,0,0.3,0,0.3,0,0.2,0.2,0,0,80.32352941,0.59963225,0.979272097,0.732420171,0.074771739,1.030503595,0.077052546,3.95E-05,6.43949737
Knox,Jonathan_Damota,17,11,20,9,133,27.7647,12.06,0.53,1.29,3.18,4.71,2.12,10.35,1.24,2,2.82,3.24,1.12,2.12,0.24,80.32352941,0.59963225,0.979272097,0.732420171,0.167315804,1.030503595,0.172419537,0.001169109,14.40958432
Knox,Marko_Protic,17,11,20,9,134,22.6471,5.41,0.18,0.88,1.71,2.06,1.12,4.88,0.24,2.24,2,5.76,2.47,3.29,0.41,80.32352941,0.59963225,0.979272097,0.732420171,0.111109965,1.030503595,0.114499219,0.000633272,9.569020856
Knox,Sean_Pollock,10,11,20,9,135,2.1,0.4,0,0,0,0.2,0,0.4,0,0.1,0.4,0.1,0,0.1,0,80.32352941,0.59963225,0.979272097,0.732420171,-0.034981809,1.030503595,-0.03604888,-1.85E-05,-3.012706042
Knox,Tyre_Dukes,15,11,20,9,136,10.2,1.4,0.13,0.93,0.87,0.53,0.2,1.2,0.2,0.6,0.6,0.8,0.13,0.67,0,80.32352941,0.59963225,0.979272097,0.732420171,0.026573148,1.030503595,0.027383724,6.82E-05,2.288534648
MoodyBible,David_Arabis,5,11,17,4,138,20.8,9.8,2.6,4.8,4.2,3.6,0,9.8,1.2,1.6,0.8,4.4,1,3.4,0,87.1,0.59963225,0.979272097,0.732420171,0.211608407,0.950329344,0.201097679,0.001021518,16.80629705
MoodyBible,Jonah_Wilson,5,11,17,4,141,9.8,3.4,0.6,0.4,1,1.4,0,3.6,0.8,0.8,0.4,1.6,0.8,0.8,0,87.1,0.59963225,0.979272097,0.732420171,0.144499429,0.950329344,0.137322047,0.000328656,11.47638865
MoodyBible,Joshua_Wedeven,5,11,17,4,144,20.4,17.6,2.6,1.6,4,5.8,3.4,14.8,0.6,3,4.2,6,0.8,5.2,1.2,87.1,0.59963225,0.979272097,0.732420171,0.2902218,0.950329344,0.275806293,0.001374073,23.04990545
MoodyBible,Keynan_Carter,5,11,17,4,146,9.4,5.4,0,1.2,1.8,1.8,1.8,4.6,1.8,1.6,4.2,1.2,0,1.2,0.8,87.1,0.59963225,0.979272097,0.732420171,0.190202125,0.950329344,0.18075466,0.000414947,15.10617394
MoodyBible,Levi_Miller,5,11,17,4,147,21,12.4,2.8,2,2,4.4,0.8,12.2,0.4,2.4,1,3,0.2,2.8,0.2,87.1,0.59963225,0.979272097,0.732420171,0.183786682,0.950329344,0.174657877,0.000895742,14.59664863
MSOE,Bailey_Mcdaniel,23,13,22,2,151,7.7391,2.96,0.17,0.35,0.65,1,0.78,2.09,0.13,1.17,1.09,1.3,0.22,1.09,0.09,80.15384615,0.59963225,0.979272097,0.732420171,0.107457865,1.03268514,0.11097014,0.000209736,9.274085851
MSOE,Brian_Dorn,26,13,22,2,152,10.9615,2.31,0.04,0.77,1.04,0.88,0.5,1.85,0.19,1.19,0.85,1.35,0.5,0.85,0,80.15384615,0.59963225,0.979272097,0.732420171,0.036226423,1.03268514,0.037410489,0.000100147,3.126499467
MSOE,David_Llorente,11,13,22,2,153,2,0.45,0,0,0.36,0.18,0.09,0.64,0,0.45,0.18,0.09,0,0.09,0,80.15384615,0.59963225,0.979272097,0.732420171,-0.347206707,1.03268514,-0.358555207,-0.00017513,-29.96546429
MSOE,Eddie_Harwick,5,13,22,2,154,1.4,0.6,0,0.2,0,0.2,0.2,0.4,0,0,0.4,0.4,0,0.4,0,80.15384615,0.59963225,0.979272097,0.732420171,0.318020812,1.03268514,0.328415367,0.000112286,27.44659333
MSOE,Gabe_Wear,26,13,22,2,155,16.6538,4.58,0.62,0.85,1.23,1.58,0.81,3.54,0.19,1.54,0.96,1.58,0.5,1.08,0,80.15384615,0.59963225,0.979272097,0.732420171,0.083613362,1.03268514,0.086346277,0.000351182,7.216200509
MSOE,Jake_Gebert,26,13,22,2,156,20.8846,7.65,0.19,1.58,0.88,2.77,1.92,5.27,0.5,1.31,2.46,6.15,1.46,4.69,0.58,80.15384615,0.59963225,0.979272097,0.732420171,0.312079646,1.03268514,0.322280013,0.001643747,26.93384459
MSOE,Jason_Palesse,26,13,22,2,157,28.4231,12.46,0.77,4.96,2.65,3.96,3.77,9.5,1.04,1.54,5.35,4.31,1.42,2.88,0.19,80.15384615,0.59963225,0.979272097,0.732420171,0.278130106,1.03268514,0.287220827,0.001993714,24.0038501
MSOE,Josh_Herzog,10,13,22,2,158,5.2,1.4,0.1,1.1,0.9,0.4,0.5,1.1,0.6,0.3,0.9,0.4,0,0.4,0,80.15384615,0.59963225,0.979272097,0.732420171,0.144122419,1.03268514,0.14883308,0.000189007,12.43839797
MSOE,Luke_Nelson,19,13,22,2,160,5.6316,0.68,0.05,0.47,0.53,0.26,0.11,1.11,0.47,1.05,0.11,1.16,0.26,0.89,0,80.15384615,0.59963225,0.979272097,0.732420171,-0.028558981,1.03268514,-0.029492435,-4.06E-05,-2.464765542
MSOE,Matthew_Kirmse,26,13,22,2,161,28.4615,16.08,3.31,1.15,0.85,5.46,1.85,12.88,0.58,1.15,2.38,4.69,0.58,4.12,0.12,80.15384615,0.59963225,0.979272097,0.732420171,0.327121025,1.03268514,0.337813021,0.002348063,28.23198165
MSOE,Nolan_Henton,26,13,22,2,163,23.7308,4.65,0.65,1.04,1.31,1.54,0.92,3.46,0.77,1.77,1.5,2.58,0.38,2.19,0.04,80.15384615,0.59963225,0.979272097,0.732420171,0.084120561,1.03268514,0.086870053,0.000503452,7.259974015
MSOE,Sammy_Linn,24,13,22,2,164,12.5833,5.13,0.29,1.38,2.13,2.13,0.58,4.83,0.75,2.92,0.96,3.04,0.5,2.54,0.58,80.15384615,0.59963225,0.979272097,0.732420171,0.082697754,1.03268514,0.085400742,0.000262441,7.137179531
MSOE,Tegan_Miles,26,13,22,2,165,27.3846,10.38,0,1.5,1.77,4.19,2,7.15,0.88,1.73,3,5.62,1.69,3.92,0.92,80.15384615,0.59963225,0.979272097,0.732420171,0.276961608,1.03268514,0.286014137,0.001912799,23.90300362
MSOE,Travis_Ballard,26,13,22,2,166,11.3462,5.65,0.12,0.08,0.35,2.42,0.69,5.12,0.19,1.35,0.92,2.12,0.58,1.54,0.42,80.15384615,0.59963225,0.979272097,0.732420171,0.228377348,1.03268514,0.235841894,0.000653502,19.70996851
Roosevelt,Adam_Alexander,33,10,23,6,167,26.2727,9.24,0.48,1.76,1.73,3.33,2.09,6.79,0.64,2.82,3.18,5.42,1.64,3.79,0.33,73.58823529,0.59963225,0.979272097,0.732420171,0.205753809,1.124822269,0.231436467,0.001484951,19.34179464
Roosevelt,Andre_Raiford_Jr.,13,10,23,6,168,8.0769,1.69,0,0.15,0.77,0.69,0.31,1.54,0,1.31,0.62,1.77,0.62,1.15,0.08,73.58823529,0.59963225,0.979272097,0.732420171,-0.024910123,1.124822269,-0.028019461,-5.53E-05,-2.34166494
Roosevelt,Carson_Hughes,33,10,23,6,169,24.0303,8.91,1.97,1.18,1.27,2.88,1.18,7.58,0.7,1.7,1.58,3.15,0.45,2.7,0.06,73.58823529,0.59963225,0.979272097,0.732420171,0.180728691,1.124822269,0.203287656,0.001193014,16.98931958
Roosevelt,Chandler_Fuzak,30,10,23,6,170,13,6.3,0.8,0.47,1.27,2.47,0.57,4.17,0.43,2.23,0.77,2.47,0.37,2.1,0.63,73.58823529,0.59963225,0.979272097,0.732420171,0.253217391,1.124822269,0.28482456,0.000904266,23.80358736
Roosevelt,Grant_Gibson,33,10,23,6,171,23.7879,7.64,1.33,1.76,1.06,2.58,1.15,6.36,1.15,1.36,1.61,3.03,0.79,2.24,0.15,73.58823529,0.59963225,0.979272097,0.732420171,0.220917091,1.124822269,0.248492464,0.001443593,20.76721216
Roosevelt,Jake_Asquini,33,10,23,6,172,18.7273,6.09,1.79,1.06,0.97,2.09,0.12,4.97,0.58,1.36,0.15,1.97,0.24,1.73,0.03,73.58823529,0.59963225,0.979272097,0.732420171,0.176690731,1.124822269,0.198745669,0.000908967,16.60973295
Roosevelt,Jake_Ludwig,32,10,23,6,173,28.3125,17.16,1.22,5.44,2.53,5.41,5.13,11.09,1.34,2,5.84,3.88,0.75,3.13,0.06,73.58823529,0.59963225,0.979272097,0.732420171,0.445679213,1.124822269,0.501309904,0.003466251,41.89587467
Roosevelt,Jordan_Radcliff,12,10,23,6,174,7.75,2.5,0.33,0.67,0.58,1,0.17,2.5,0.58,1,0.25,0.83,0.08,0.75,0.17,73.58823529,0.59963225,0.979272097,0.732420171,0.137709478,1.124822269,0.154898688,0.000293174,12.94531778
Roosevelt,Joshua_Dillingham,21,10,23,6,175,19.8571,8.71,0,1.1,2,3.52,1.67,5.81,1.48,3.29,3.33,7.52,2.24,5.29,0.86,73.58823529,0.59963225,0.979272097,0.732420171,0.329835706,1.124822269,0.371006547,0.001799173,31.00605773
Roosevelt,Kevin_Day,33,10,23,6,176,13.7273,5.36,0.7,1.39,1.21,1.94,0.79,4.55,0.33,1,1.09,2.27,0.3,1.97,0.33,73.58823529,0.59963225,0.979272097,0.732420171,0.210612917,1.124822269,0.236902099,0.000794199,19.79857288
Roosevelt,Kyle_Bumbalough,33,10,23,6,177,23.3636,5.33,0.64,1.88,0.94,1.64,1.42,4.06,0.48,1.82,2.12,2.06,0.33,1.73,0.03,73.58823529,0.59963225,0.979272097,0.732420171,0.115472705,1.124822269,0.129886271,0.000741103,10.85495992
Roosevelt,Tomas_Cutts,6,10,23,6,179,4,1.5,0.17,0.17,0.5,0.67,0,1.5,0,0.5,0,0.33,0.17,0.17,0.17,73.58823529,0.59963225,0.979272097,0.732420171,0.037030264,1.124822269,0.041652465,4.07E-05,3.481013351
Wabash,Alex_Eberhard,26,9,26,8,180,27.5,9.69,0.69,1.19,1.92,3.19,2.62,7.54,0.58,2.5,3.12,4.88,1.27,3.62,0.62,79.69230769,0.59963225,0.979272097,0.732420171,0.185063575,1.038665942,0.192219233,0.001290937,16.06430039
Wabash,Ben_Stachowski,8,9,26,8,181,16.625,5.5,0.88,1,0.88,2,0.63,4.75,0.38,1,0.75,4.38,0.75,3.63,0,79.69230769,0.59963225,0.979272097,0.732420171,0.22400596,1.038665942,0.232667361,0.000944654,19.44466394
Wabash,Colten_Garland,24,9,26,8,183,25,7.63,1.54,1.25,0.88,2.38,1.33,8.63,0.38,1.13,1.67,2.5,0.42,2.08,0.13,79.69230769,0.59963225,0.979272097,0.732420171,0.103157664,1.038665942,0.107146352,0.000654173,8.954521129
Wabash,Conner_Brens,15,9,26,8,184,12.0667,3.33,0,0.27,0.4,1.53,0.27,2.8,0,2.07,0.67,3.27,0.8,2.47,0.2,79.69230769,0.59963225,0.979272097,0.732420171,0.115879538,1.038665942,0.12036013,0.000354688,10.05883361
Wabash,Connor_Rotterman,24,9,26,8,185,30.9167,12,1.96,1.46,2.5,4,2.04,11.46,0.33,1.29,2.58,2.63,0.58,2.04,0.04,79.69230769,0.59963225,0.979272097,0.732420171,0.128839981,1.038665942,0.1338217,0.001010404,11.18385482
Wabash,Dalton_Vachon,16,9,26,8,186,10.75,1.06,0,0.06,0.5,0.44,0.19,1.13,0,1.13,0.56,1.88,0.75,1.13,0.25,79.69230769,0.59963225,0.979272097,0.732420171,-0.011509298,1.038665942,-0.011954316,-3.14E-05,-0.999055719
Wabash,Duncan_Roy,18,9,26,8,187,5.3889,1.56,0.33,0.06,0.22,0.44,0.33,1.11,0.28,0.33,0.39,0.61,0.22,0.39,0,79.69230769,0.59963225,0.979272097,0.732420171,0.149689033,1.038665942,0.1554769,0.000204617,12.99364059
Wabash,Harrison_Hallstrom,26,9,26,8,188,24.3462,11.08,0,1.04,1.35,4.62,1.85,7.92,0.23,3,2.46,8.58,2.81,5.77,0.73,79.69230769,0.59963225,0.979272097,0.732420171,0.351280157,1.038665942,0.364862735,0.002169383,30.49260209
Wabash,Jack_Davidson,26,9,26,8,189,35.9231,18.19,2.23,3.19,2.73,4.58,6.81,11.08,0.62,1.65,8.35,4.73,0.42,4.31,0.04,79.69230769,0.59963225,0.979272097,0.732420171,0.3061081,1.038665942,0.317944058,0.002789331,26.5714767
Wabash,Logan_White,24,9,26,8,190,18.2083,3.79,0,0.58,0.83,1.67,0.46,3.63,0.33,1.79,1.08,5.5,1.96,3.54,0.42,79.69230769,0.59963225,0.979272097,0.732420171,0.15412452,1.038665942,0.16008389,0.000711857,13.37865966
Wabash,Max_Kurkowski,7,9,26,8,193,4,0.86,0,0.14,0.29,0.29,0.29,0.71,0,0.71,0.57,0.71,0.57,0.14,0.29,79.69230769,0.59963225,0.979272097,0.732420171,0.027689038,1.038665942,0.02875966,2.81E-05,2.403525476
Wabash,Parker_Manges,19,9,26,8,194,23.6842,5.58,1.05,0.84,1.11,2.16,0.21,5.74,0.53,1.95,0.37,3.21,0.63,2.58,0.21,79.69230769,0.59963225,0.979272097,0.732420171,0.09124411,1.038665942,0.094772149,0.00054817,7.920374332
Wabash,Rhett_Helt,13,9,26,8,195,9.6154,2,0.38,0.31,0.31,0.69,0.23,1.54,0.08,0.54,0.54,2.15,0.46,1.69,0.15,79.69230769,0.59963225,0.979272097,0.732420171,0.141127742,1.038665942,0.146584579,0.000344216,12.2504844
Wabash,Ronald_Ryan,6,9,26,8,196,4.3333,0.5,0,0.5,0.33,0,0.5,0.5,0,0.17,0.67,0.33,0,0.33,0,79.69230769,0.59963225,0.979272097,0.732420171,-0.055284045,1.038665942,-0.057421655,-6.08E-05,-4.798888754
WheatonIL,Aston_Francis,26,18,33,5,198,34.6154,27.38,4.65,4.42,3.69,8.62,5.5,20.73,1.42,1.65,6.69,4.77,0.69,4.08,0.23,81.5,0.59963225,0.979272097,0.732420171,0.438147147,1.015628047,0.444994531,0.003761833,37.18944101
WheatonIL,Cade_Alioth,22,18,33,5,199,7.0455,1.5,0,0.41,0.09,0.64,0.23,0.86,0.23,1.36,0.5,1.77,0.64,1.14,0.09,81.5,0.59963225,0.979272097,0.732420171,0.167478273,1.015628047,0.170095631,0.000292672,14.21536896
WheatonIL,Jay_Spencer,26,18,33,5,202,19.5385,5.62,0.58,0.85,0.73,1.88,1.27,4.5,0.23,3.27,1.73,4.31,1.19,3.12,1.31,81.5,0.59963225,0.979272097,0.732420171,0.14926213,1.015628047,0.151594806,0.000723354,12.66920309
WheatonIL,Kobe_Eichelberger,26,18,33,5,203,23.8462,12.31,0.81,1.35,1.35,4.42,2.65,8.12,0.62,2.62,4.38,6.42,1.81,4.62,0.23,81.5,0.59963225,0.979272097,0.732420171,0.326439959,1.015628047,0.331541578,0.00193078,27.70785952
WheatonIL,Luke_Peters,26,18,33,5,204,31.5769,6.31,0.12,4.38,2.12,2.35,1.5,4.92,1.15,2.73,3.42,4.96,1.42,3.54,0.62,81.5,0.59963225,0.979272097,0.732420171,0.157180636,1.015628047,0.159637062,0.001231059,13.341317
WheatonIL,Mark_Champion,9,18,33,5,205,2.4444,1.56,0.22,0.22,0.11,0.67,0,2.22,0,0.22,0,0.56,0.11,0.44,0,81.5,0.59963225,0.979272097,0.732420171,0.095682723,1.015628047,0.097178058,5.80E-05,8.121442825
WheatonIL,Reagan_Jones,8,18,33,5,206,3.75,1.13,0.13,0.13,0.13,0.5,0,1.13,0.25,0.25,0.13,1,0.25,0.75,0,81.5,0.59963225,0.979272097,0.732420171,0.211978963,1.015628047,0.21529178,0.000197167,17.9925379
WheatonIL,Ricky_Samuelson,26,18,33,5,207,32.2308,15.65,2.27,0.92,1.04,5.46,2.46,10.31,0.73,1.15,2.77,3.77,1.08,2.69,0.04,81.5,0.59963225,0.979272097,0.732420171,0.326864139,1.015628047,0.331972387,0.002613055,27.74386344
WheatonIL,Spencer_Peterson,24,18,33,5,208,14.4583,4.96,0.46,0.42,0.88,1.75,1,3.92,0.21,2.63,1.46,2.79,1.08,1.71,0.25,81.5,0.59963225,0.979272097,0.732420171,0.10325065,1.015628047,0.104864256,0.000370271,8.763799987
WheatonIL,Trevor_Gunter,24,18,33,5,209,17.7917,4.67,0,0.58,0.75,1.88,0.92,3.04,0.29,1.88,1.33,3.08,1.08,2,0.83,81.5,0.59963225,0.979272097,0.732420171,0.183553177,1.015628047,0.186421755,0.000810008,15.57978889
WheatonIL,Tyrel_Derrick,14,18,33,5,210,4.5,1.29,0.14,0.36,0.43,0.36,0.43,0.5,0.29,0.36,0.71,0.86,0.07,0.79,0.14,81.5,0.59963225,0.979272097,0.732420171,0.218493958,1.015628047,0.221908592,0.000243872,18.54552341
WheatonIL,Zack_Kvam,26,18,33,5,211,16.9231,2.58,0.42,2.42,1.23,0.85,0.46,1.92,0.27,1.5,0.65,1.27,0.23,1.04,0.15,81.5,0.59963225,0.979272097,0.732420171,0.0843876,1.015628047,0.085706413,0.000354216,7.162725333
WheatonIL,Zac_Holman,11,18,33,5,212,5.3636,1.09,0.27,0.45,0.36,0.27,0.27,1,0.09,0.55,0.36,0.82,0.27,0.55,0.09,81.5,0.59963225,0.979272097,0.732420171,0.062778759,1.015628047,0.063759869,8.35E-05,5.328591065
Kalamazoo,Andrew_Sheckell,25,8,20,16,214,9.56,1.92,0.44,0.12,0.96,0.64,0.2,1.6,0.24,1.76,0.32,1.24,0.28,0.96,0.08,81.34,0.59963225,0.979272097,0.732420171,-0.055494794,1.01762584,-0.056472936,-0.000131848,-4.719601651
Kalamazoo,Ben_Reiter,25,8,20,16,215,25.36,10.8,1.68,1.44,1.76,3.52,2.08,8.36,1.32,2.4,2.8,4.52,0.44,4.08,0.12,81.34,0.59963225,0.979272097,0.732420171,0.2344586,1.01762584,0.23859113,0.001477675,19.93972988
Kalamazoo,Brennen_Buszka,22,8,20,16,216,11.8636,1.77,0,1.09,1.18,0.45,0.86,1.14,0.36,0.82,1.23,2.09,0.86,1.23,0.14,81.34,0.59963225,0.979272097,0.732420171,0.089652585,1.01762584,0.091232787,0.000264328,7.624579906
Kalamazoo,Charlie_Carson,17,8,20,16,217,5.7059,1.76,0.24,0.53,0.47,0.59,0.35,1.82,0.24,0.41,0.35,0.47,0,0.47,0.06,81.34,0.59963225,0.979272097,0.732420171,0.089239995,1.01762584,0.090812925,0.000126546,7.589490876
Kalamazoo,Dan_Black,13,8,20,16,218,2.7692,0.15,0,0.15,0.38,0.08,0,0.38,0,0.23,0,0.54,0.08,0.46,0,81.34,0.59963225,0.979272097,0.732420171,-0.181847573,1.01762584,-0.185052789,-0.000125148,-15.46538061
Kalamazoo,Jack_Smith,25,8,20,16,219,22,5.96,0.88,1.56,1.68,2.16,0.76,5.12,0.36,1.8,1.04,1.64,0.36,1.28,0.12,81.34,0.59963225,0.979272097,0.732420171,0.093367194,1.01762584,0.095012869,0.000510482,7.940491975
Kalamazoo,Jarnard_Smith,16,8,20,16,220,11.0625,4.19,0.38,0.75,1.69,1.56,0.69,4.44,0.38,1.25,1.13,0.88,0.13,0.75,0,81.34,0.59963225,0.979272097,0.732420171,-0.008425841,1.01762584,-0.008574353,-2.32E-05,-0.716582767
Kalamazoo,Jeremiah_Vincent,13,8,20,16,221,26.0769,9.08,0.62,1.38,1.62,3.46,1.54,8.31,0.23,1.15,2.38,4.23,0.92,3.31,0.46,81.34,0.59963225,0.979272097,0.732420171,0.176048676,1.01762584,0.179151682,0.001140913,14.97220851
Kalamazoo,Jimmy_Paprocki,25,8,20,16,222,27.52,12.64,0,0.92,2.6,4.88,2.88,7.4,0.6,3.12,4.76,4.8,1.64,3.16,0.72,81.34,0.59963225,0.979272097,0.732420171,0.26194994,1.01762584,0.266567028,0.001791556,22.27775414
Kalamazoo,Jordan_Currie,16,8,20,16,223,13.625,1.88,0.25,0.63,1.06,0.63,0.38,1.44,0.13,0.75,0.5,1.88,0.25,1.63,0.25,81.34,0.59963225,0.979272097,0.732420171,0.046450834,1.01762584,0.047269569,0.000157287,3.950450457
Kalamazoo,KaLeif_Gaines,12,8,20,16,224,10.3333,3.17,0.33,0.58,1.67,0.83,1.17,3.08,0.58,1.08,1.42,1.25,0.08,1.17,0,81.34,0.59963225,0.979272097,0.732420171,-0.021968234,1.01762584,-0.022355442,-5.64E-05,-1.868307011
Kalamazoo,Merritt_Hamann,23,8,20,16,225,10.4348,2.7,0.04,0.39,0.96,1.22,0.22,2.39,0.17,1.7,0.3,2.04,0.52,1.52,0.17,81.34,0.59963225,0.979272097,0.732420171,0.048624923,1.01762584,0.049481978,0.000126098,4.135347651
Kalamazoo,Owen_Jozefowicz,6,8,20,16,226,2.1667,0.67,0,0,0.17,0.17,0.33,0.33,0,0,0.83,0.33,0.17,0.17,0.17,81.34,0.59963225,0.979272097,0.732420171,0.097427708,1.01762584,0.099144953,5.25E-05,8.285821771
Kalamazoo,Roger_Hood,25,8,20,16,227,20.92,7.6,0.64,0.88,2.6,2.52,1.92,6,0.64,2.36,2.68,3.8,0.96,2.84,0.32,81.34,0.59963225,0.979272097,0.732420171,0.111676,1.01762584,0.113644383,0.000580611,9.497579834
Kalamazoo,Tanner_Blyly,25,8,20,16,228,30.2,9.52,0.96,3.2,2.52,3.68,1.2,9.36,1.44,2.88,1.88,4.2,0.64,3.56,0,81.34,0.59963225,0.979272097,0.732420171,0.143919998,1.01762584,0.146456709,0.001080169,12.23979796
Kalamazoo,Thomas_Cook,16,8,20,16,229,5.5625,1.19,0.13,0.06,0.44,0.44,0.19,1.38,0,1.06,0.69,0.94,0.38,0.56,0.13,81.34,0.59963225,0.979272097,0.732420171,-0.107322894,1.01762584,-0.10921455,-0.000148363,-9.127366238
NorthPark,Aaron_Reed,26,13,26,18,230,15.0385,3.04,0.35,0.85,1,1.12,0.46,2.54,0.62,1.46,0.73,2,0.5,1.5,0.31,79.74,0.59963225,0.979272097,0.732420171,0.100972343,1.038044718,0.104813807,0.000384945,8.759583832
NorthPark,Antonio_Gardner,20,13,26,18,231,7.9,2.6,0.55,0.45,0.4,0.9,0.25,2.4,0.1,0.85,0.45,0.55,0.2,0.35,0,79.74,0.59963225,0.979272097,0.732420171,0.08307473,1.038044718,0.086235285,0.000166375,7.206924618
NorthPark,Billy_Kirby,26,13,26,18,232,29.0385,11.04,1.12,2.04,1.73,4,1.92,9.04,0.5,1.54,2.62,3.58,0.77,2.81,0.12,79.74,0.59963225,0.979272097,0.732420171,0.200819974,1.038044718,0.208460113,0.001478334,17.42159635
NorthPark,Colin_Lake,26,13,26,18,234,34.5,19.96,3,2.08,2,6.62,3.73,16.88,1.27,1.77,4.54,3.31,0.73,2.58,0,79.74,0.59963225,0.979272097,0.732420171,0.287507497,1.038044718,0.298445639,0.002514547,24.9419391
NorthPark,Dyron_Woods,20,13,26,18,235,9.55,3.85,0,0.4,0.8,1.8,0.25,4.15,0.4,1.4,0.4,1.55,0.6,0.95,0.05,79.74,0.59963225,0.979272097,0.732420171,0.105516937,1.038044718,0.109531299,0.000255457,9.153837893
NorthPark,Isaiah_Webster,9,13,26,18,236,4,0.89,0,0.56,0,0.44,0,1,0.11,0.44,0,0.11,0.11,0,0,79.74,0.59963225,0.979272097,0.732420171,0.122650302,1.038044718,0.127316499,0.000124371,10.64019687
NorthPark,Jack_Gurvey,25,13,26,18,237,21.24,3.16,0.8,2.16,1.28,1.08,0.2,3.24,0.8,1.24,0.24,2.24,0.64,1.6,0.08,79.74,0.59963225,0.979272097,0.732420171,0.101246637,1.038044718,0.105098537,0.000545163,8.783379472
NorthPark,Jarrod_Coleman,11,13,26,18,238,5.9091,0.55,0.09,0.09,0.18,0.18,0.09,0.91,0.09,0.64,0.27,1.73,0.09,1.64,0.27,79.74,0.59963225,0.979272097,0.732420171,-0.003786501,1.038044718,-0.003930558,-5.67E-06,-0.328487732
NorthPark,Jason_Hines,23,13,26,18,239,10.3478,3.65,0.65,0.26,0.83,1.3,0.39,3.17,0.22,1.61,0.78,1.57,0.35,1.22,0.13,79.74,0.59963225,0.979272097,0.732420171,0.064878829,1.038044718,0.067347126,0.000170193,5.628388227
NorthPark,Josh_Washburn,8,13,26,18,242,14,3.75,0.5,0.5,1,1.25,0.75,3.38,1.25,1.25,1,0.75,0,0.75,0,79.74,0.59963225,0.979272097,0.732420171,0.097045837,1.038044718,0.100737918,0.000344426,8.418950381
NorthPark,Matt_Mohr,13,13,26,18,244,19.3846,3.23,0.15,1.46,0.69,1.38,0.31,4,0.54,2.38,0.38,5.46,1.38,4.08,1,79.74,0.59963225,0.979272097,0.732420171,0.136638639,1.038044718,0.141837018,0.000671463,11.85371739
NorthPark,Matt_Szuba,25,13,26,18,245,26.24,7.96,1.88,2.28,1.68,2.64,0.8,6.36,0.4,1.96,0.92,4.72,0.8,3.92,0.52,79.74,0.59963225,0.979272097,0.732420171,0.191078775,1.038044718,0.198348313,0.001271065,16.57652485
NorthPark,Quinn_Williams,10,13,26,18,246,6.5,1.4,0.2,0.5,1,0.5,0.2,2.1,0.2,0.8,0.7,0.5,0.1,0.4,0,79.74,0.59963225,0.979272097,0.732420171,-0.16503414,1.038044718,-0.171312817,-0.000271944,-14.31709259
NorthPark,Scott_Olsen,22,13,26,18,248,9.5909,1.59,0.41,0.23,0.23,0.59,0,2,0.05,0.77,0.09,1.05,0.18,0.86,0.14,79.74,0.59963225,0.979272097,0.732420171,0.01625693,1.038044718,0.016875421,3.95E-05,1.410326248
NorthPark,Toby_Marek,16,13,26,18,249,11.75,2.75,0.31,0.81,0.63,0.94,0.56,2.94,0.44,1.31,0.81,0.81,0.56,0.25,0.06,79.74,0.59963225,0.979272097,0.732420171,0.054439027,1.038044718,0.056510145,0.000162159,4.72271129
NorthPark,Vegard_Tangen,23,13,26,18,250,15.913,3.7,0.57,0.52,0.74,1.43,0.26,3.35,0.26,1.57,0.57,2.35,0.65,1.7,0.04,79.74,0.59963225,0.979272097,0.732420171,0.082538725,1.038044718,0.085678888,0.000332967,7.160424959
UWPlatteville,Alex_Ranney,29,25,35,14,251,15.5517,4.45,0.66,0.93,1.07,1.59,0.62,3.28,0.59,1.28,0.9,2.07,0.45,1.62,0.03,76.77586207,0.59963225,0.979272097,0.732420171,0.147823332,1.078121217,0.159371471,0.000605291,13.3191208
UWPlatteville,Carter_Voelker,29,25,35,14,252,28.8966,10.21,1.45,2.21,1.21,3.41,1.93,7.41,1.1,2.14,2.48,3.69,0.76,2.93,0.14,76.77586207,0.59963225,0.979272097,0.732420171,0.217747777,1.078121217,0.234758498,0.001656699,19.61942613
UWPlatteville,Clay_Gerds,29,25,35,14,253,25.3793,7.9,0.31,1.03,1.1,3.31,0.97,5.83,0.38,2.14,1.38,5.97,1.69,4.28,1.14,76.77586207,0.59963225,0.979272097,0.732420171,0.230291961,1.078121217,0.248282649,0.001538869,20.74967734
UWPlatteville,Cole_Hake,10,25,35,14,254,2.2,0.5,0.1,0.1,0.2,0.1,0.2,0.6,0.1,0.6,0.2,0.4,0.1,0.3,0,76.77586207,0.59963225,0.979272097,0.732420171,-0.108662757,1.078121217,-0.117151624,-6.29E-05,-9.790689811
UWPlatteville,Colin_Connelly,21,25,35,14,255,7.3333,2.29,0.38,0.62,0.43,0.71,0.48,1.81,0.24,0.62,0.62,1.33,0.29,1.05,0.1,76.77586207,0.59963225,0.979272097,0.732420171,0.183333659,1.078121217,0.197655908,0.000353985,16.51865858
UWPlatteville,Colin_Kramper,15,25,35,14,256,4.3333,0.6,0.07,0.13,0.27,0.27,0,0.67,0.27,0.47,0.07,0.6,0.07,0.53,0,76.77586207,0.59963225,0.979272097,0.732420171,0.037751636,1.078121217,0.040700839,4.31E-05,3.40148329
UWPlatteville,Dan_Lowe,21,25,35,14,257,6.381,1.81,0.1,0.24,0.67,0.67,0.38,1.62,0.19,1.19,0.57,1.38,0.33,1.05,0.14,76.77586207,0.59963225,0.979272097,0.732420171,0.023357453,1.078121217,0.025182166,3.92E-05,2.104544233
UWPlatteville,Drew_Gunnink,13,25,35,14,258,3.3077,0.38,0.08,0.15,0.08,0.08,0.15,0.85,0.08,0.38,0.15,0.46,0.08,0.38,0,76.77586207,0.59963225,0.979272097,0.732420171,-0.067706009,1.078121217,-0.072995285,-5.90E-05,-6.100420694
UWPlatteville,Grayson_Knowlton,11,25,35,14,259,2,0.64,0.09,0.09,0.09,0.18,0.18,0.55,0.18,0.27,0.18,0.36,0.09,0.27,0,76.77586207,0.59963225,0.979272097,0.732420171,0.176556053,1.078121217,0.190348826,9.30E-05,15.90798528
UWPlatteville,Harold_Fay,15,25,35,14,260,3.5333,1.67,0.2,0.27,0.4,0.6,0.27,1.4,0.07,0.27,0.33,0.47,0.07,0.4,0,76.77586207,0.59963225,0.979272097,0.732420171,0.163901558,1.078121217,0.176705747,0.000152478,14.7677949
UWPlatteville,Jake_Showalter,28,25,35,14,261,21.4643,6.64,0.93,1.29,1.04,2.21,1.29,4.75,0.64,2.43,1.57,2.39,0.71,1.68,0.18,76.77586207,0.59963225,0.979272097,0.732420171,0.148392609,1.078121217,0.15998522,0.000838633,13.37041353
UWPlatteville,Justin_Jarvensivu,11,25,35,14,262,2.7273,0.27,0,0.27,0.36,0.09,0.09,0.09,0.18,0.36,0.18,0.64,0.36,0.27,0,76.77586207,0.59963225,0.979272097,0.732420171,0.104460829,1.078121217,0.112621437,7.50E-05,9.412089324
UWPlatteville,Justin_Stovall,19,25,35,14,263,8.3158,3.16,0.32,0.42,0.79,0.95,0.95,1.84,0.16,1.95,1.26,1.74,0.26,1.47,0.21,76.77586207,0.59963225,0.979272097,0.732420171,0.087402122,1.078121217,0.094230082,0.000191368,7.875072252
UWPlatteville,Nathan_Cokenour,11,25,35,14,265,2.5455,0.55,0,0.18,0.18,0.27,0,0.36,0,0.18,0.18,0.55,0.27,0.27,0.27,76.77586207,0.59963225,0.979272097,0.732420171,0.238814562,1.078121217,0.257471046,0.000160058,21.51757746
UWPlatteville,Quentin_Shields,29,25,35,14,266,20.5517,10.17,0.86,1.66,1.52,3.1,3.1,6.62,0.97,2.03,4,3.24,0.41,2.83,0.1,76.77586207,0.59963225,0.979272097,0.732420171,0.250923786,1.078121217,0.270526257,0.00135779,22.60863808
UWPlatteville,Robert_Duax,29,25,35,14,267,27,15.79,1.24,2.17,1.79,5.86,2.83,11.31,1.28,2.17,3.62,4.55,0.72,3.83,0.34,76.77586207,0.59963225,0.979272097,0.732420171,0.344245333,1.078121217,0.371138197,0.002447231,31.01706004
OlivetCollege,Aaron_Washington,25,18,37,15,269,8.52,3.84,1.08,0.32,0.56,1.32,0.12,4,0.4,0.4,0.28,0.52,0.16,0.36,0,93.01785714,0.59963225,0.979272097,0.732420171,0.154222861,0.889868767,0.137238107,0.000285555,11.46937352
OlivetCollege,Angus_Bennett,28,18,37,15,270,10.9643,2.32,0,0.32,0.32,1,0.32,2,0.43,2.21,0.5,2.5,1.21,1.29,0.14,93.01785714,0.59963225,0.979272097,0.732420171,0.102800952,0.889868767,0.091479356,0.000244951,7.645186388
OlivetCollege,Blake_Siersma,28,18,37,15,271,13.0357,2.89,0,0.21,0.64,1.07,0.75,1.71,0.36,2.54,1.21,2.93,1.46,1.46,0.39,93.01785714,0.59963225,0.979272097,0.732420171,0.110972968,0.889868767,0.098751378,0.000314379,8.252929615
OlivetCollege,Brent_Davis,7,18,37,15,272,4.1429,0.29,0,0.14,0.14,0.14,0,1,0.29,0.29,0,0.71,0.14,0.57,0,93.01785714,0.59963225,0.979272097,0.732420171,-0.04999871,0.889868767,-0.044492291,-4.50E-05,-3.718345524
OlivetCollege,Chase_Brocker,28,18,37,15,273,15.1071,5.64,0.79,0.54,0.61,1.79,1.29,4.36,0.39,1.04,1.46,1.64,0.43,1.21,0.29,93.01785714,0.59963225,0.979272097,0.732420171,0.201922783,0.889868767,0.179684778,0.00066293,15.01676086
OlivetCollege,Delbert_Redfield,17,18,37,15,274,3.2941,0.71,0.24,0.35,0.59,0.24,0,1.41,0.06,0.18,0,0.41,0,0.41,0,93.01785714,0.59963225,0.979272097,0.732420171,-0.185079062,0.889868767,-0.164696077,-0.000132494,-13.76411305
OlivetCollege,Diangelo_Carlton,24,18,37,15,275,13.625,3.08,0.04,0.75,0.83,1.25,0.54,2.83,0.83,1.92,0.83,1.83,0.71,1.13,0.04,93.01785714,0.59963225,0.979272097,0.732420171,0.088959219,0.889868767,0.07916203,0.000263408,6.615792883
OlivetCollege,Eldridge_Mason,28,18,37,15,276,25.6071,11.29,1.71,0.71,1.11,3.89,1.79,9.46,0.93,1.93,2.46,3.82,1,2.82,0.18,93.01785714,0.59963225,0.979272097,0.732420171,0.229656003,0.889868767,0.204363704,0.001278026,17.07924795
OlivetCollege,Griffin_Lewis,19,18,37,15,277,6.7368,0.79,0.05,0.32,0.21,0.26,0.21,0.74,0.37,1.37,0.37,1.53,0.53,1,0.05,93.01785714,0.59963225,0.979272097,0.732420171,0.032732171,0.889868767,0.029127337,4.79E-05,2.434253228
OlivetCollege,Jalen_Adams,29,18,37,15,278,34.2069,24.93,0.76,1.34,2.59,9.45,5.28,19.14,1.76,2.38,6.76,10.24,3.14,7.1,0.48,93.01785714,0.59963225,0.979272097,0.732420171,0.472341593,0.889868767,0.420322031,0.003511328,35.127491
OlivetCollege,John_Mcadoo,27,18,37,15,279,24.1111,3.74,0.67,1.19,0.52,1.11,0.85,3.81,1.07,2.63,1.11,3.37,1,2.37,0.04,93.01785714,0.59963225,0.979272097,0.732420171,0.079389858,0.889868767,0.070646555,0.000415991,5.904130736
OlivetCollege,Kylen_Brown,5,18,37,15,280,4,0,0,0.6,1.4,0,0,0.4,0.2,0.4,0,0.4,0,0.4,0,93.01785714,0.59963225,0.979272097,0.732420171,-0.338477403,0.889868767,-0.301200469,-0.000294233,-25.17216796
OlivetCollege,Mike_Williams,8,18,37,15,281,7.625,0.75,0,0.25,1.25,0.25,0.25,1.63,0.38,1.5,0.25,2,1.25,0.75,0.13,93.01785714,0.59963225,0.979272097,0.732420171,-0.136591853,0.889868767,-0.121548824,-0.000226343,-10.1581761
OlivetCollege,Quintin_Way,18,18,37,15,282,4.2778,0.61,0.11,0.11,0.28,0.22,0.06,0.67,0.11,0.5,0.11,0.39,0.17,0.22,0,93.01785714,0.59963225,0.979272097,0.732420171,-0.044490038,0.889868767,-0.039590295,-4.14E-05,-3.308672
OlivetCollege,Sirafino_Davis,23,18,37,15,283,13.9565,2.17,0,0.22,0.74,0.78,0.61,1.83,0.39,2.52,0.87,3.09,1.57,1.52,1.13,93.01785714,0.59963225,0.979272097,0.732420171,0.085936312,0.889868767,0.07647204,0.000260648,6.39098288
Rose-Hulman,Charlie_Aimone,27,13,22,17,284,25,11.81,1.67,1.56,1.3,4.15,1.85,9,0.48,1.07,2.41,3.26,0.56,2.7,0.15,80.71153846,0.59963225,0.979272097,0.732420171,0.271017791,1.025549598,0.277942187,0.001696954,23.2284081
Rose-Hulman,Eli_Combs,26,13,22,17,286,13.2692,4.46,0.27,0.31,1,1.85,0.5,3.5,0.12,0.92,1,2.31,0.81,1.5,0.19,80.71153846,0.59963225,0.979272097,0.732420171,0.155487023,1.025549598,0.159459654,0.000516739,13.32649054
Rose-Hulman,Jacob_Back,24,13,22,17,287,7.1667,0.71,0,0.33,0.67,0.29,0.13,1.08,0.33,1.25,0.58,0.96,0.46,0.5,0.25,80.71153846,0.59963225,0.979272097,0.732420171,-0.078025072,1.025549598,-0.080018582,-0.000140051,-6.687377291
Rose-Hulman,John_Czarnecki,27,13,22,17,288,24.6296,10.33,0.22,0.81,1.19,3.96,2.19,6.52,0.22,1.85,3.04,4.89,1.37,3.52,1.07,80.71153846,0.59963225,0.979272097,0.732420171,0.286229898,1.025549598,0.293542957,0.00176565,24.5322082
Rose-Hulman,Joshua_Richey,6,13,22,17,289,2.3333,0.33,0,0.17,0,0.17,0,0.67,0,0.17,0,0.5,0.33,0.17,0,80.71153846,0.59963225,0.979272097,0.732420171,0.064332563,1.025549598,0.065976234,3.76E-05,5.513818951
Rose-Hulman,JT_Whitaker,22,13,22,17,290,4.9091,1.32,0,0.14,0.23,0.5,0.32,0.77,0.09,0.77,0.68,0.68,0.32,0.36,0.18,80.71153846,0.59963225,0.979272097,0.732420171,0.111036747,1.025549598,0.113873692,0.000136521,9.5167438
Rose-Hulman,Kyle_Steckel,25,13,22,17,291,9.64,1.56,0.24,1.12,0.68,0.48,0.36,1.04,0.12,0.6,0.4,0.6,0,0.6,0,80.71153846,0.59963225,0.979272097,0.732420171,0.078344736,1.025549598,0.080346413,0.000189156,6.714775042
Rose-Hulman,Luke_Callahan,11,13,22,17,292,15.7273,8.64,0.09,0.36,1.45,3.36,1.82,5.27,0.64,1.55,2.73,4.36,1.45,2.91,0.73,80.71153846,0.59963225,0.979272097,0.732420171,0.37112899,1.025549598,0.380611186,0.001461878,31.80874433
Rose-Hulman,Michael_Lake,26,13,22,17,293,12.6154,2.92,0.35,0.81,0.77,0.85,0.88,1.77,0.27,1.04,1.04,1.35,0.31,1.04,0.08,80.71153846,0.59963225,0.979272097,0.732420171,0.117041879,1.025549598,0.120032252,0.000369806,10.03143197
Rose-Hulman,Nick_McGrail,27,13,22,17,294,20.1852,6.11,0.96,0.67,0.7,2.22,0.7,4.7,0.41,2.22,0.93,4.11,1.37,2.74,0.04,80.71153846,0.59963225,0.979272097,0.732420171,0.174912175,1.025549598,0.17938111,0.000884271,14.9913825
Rose-Hulman,Ryuji_Aoki,27,13,22,17,295,15.2963,9.74,1.81,0.85,1.41,3.04,1.85,7.3,0.26,1.26,1.93,1.33,0.15,1.19,0.04,80.71153846,0.59963225,0.979272097,0.732420171,0.260625504,1.025549598,0.26728438,0.000998471,22.33770533
Rose-Hulman,Stephen_Schueth,27,13,22,17,296,24.4444,5.67,1.04,2.11,0.93,1.74,1.15,4.78,0.56,1.93,1.44,2.7,0.67,2.04,0.07,80.71153846,0.59963225,0.979272097,0.732420171,0.128160154,1.025549598,0.131434594,0.000784629,10.98435765
Rose-Hulman,Trey_Sykes,20,13,22,17,298,3.9,1.65,0,0.35,0.2,0.55,0.55,1.1,0.05,0.7,0.95,0.7,0.2,0.5,0.1,80.71153846,0.59963225,0.979272097,0.732420171,0.165777077,1.025549598,0.170012615,0.000161928,14.20843105
GustavusAdolphus,Austin_Goetz,24,19,27,19,299,26.7083,2.5,0.17,2.42,1.04,0.92,0.5,2.79,0.88,1.29,0.75,2.42,0.92,1.5,0.08,73.34,0.59963225,0.979272097,0.732420171,0.08249281,1.128629477,0.093103817,0.00060728,7.780947108
GustavusAdolphus,Brandon_Snoberger,19,19,27,19,300,12.9474,4.84,0.16,0.84,0.79,2.05,0.58,3.84,0.47,1.58,1.16,2.05,0.95,1.11,0.11,73.34,0.59963225,0.979272097,0.732420171,0.1922679,1.128629477,0.216999219,0.000686146,18.13523336
GustavusAdolphus,Charlie_Krambeer,19,19,27,19,301,11.0526,2.26,0.63,0.47,0.58,0.79,0.05,1.84,0.58,0.95,0.11,1.63,0.37,1.26,0,73.34,0.59963225,0.979272097,0.732420171,0.127102417,1.128629477,0.143451534,0.000387209,11.98864703
GustavusAdolphus,CJ_Woda,21,19,27,19,302,9.2381,2.48,0.1,0.43,0.48,1,0.38,2.81,0.43,1.1,0.86,1.67,0.52,1.14,0.1,73.34,0.59963225,0.979272097,0.732420171,0.074764029,1.128629477,0.084380887,0.000190372,7.051947369
GustavusAdolphus,Jason_Faul,24,19,27,19,303,26.0833,10.13,0.08,2,1.13,4.5,1.04,7.88,0.96,2.79,1.29,5.08,1.79,3.29,0.17,73.34,0.59963225,0.979272097,0.732420171,0.262399548,1.128629477,0.296151864,0.001886481,24.75024193
GustavusAdolphus,Kelsey_Thomas,23,19,27,19,304,23.087,11.39,0.87,3.04,2.52,4.48,1.57,8.13,1.17,2.57,1.96,5.78,1,4.78,0.43,73.34,0.59963225,0.979272097,0.732420171,0.320691759,1.128629477,0.361942172,0.002040714,30.24852244
GustavusAdolphus,Peter_Lundquist,13,19,27,19,306,6.1538,3,0.31,0.38,0.08,1.08,0.54,2.23,0.08,0.54,0.69,1.69,0.54,1.15,0.08,73.34,0.59963225,0.979272097,0.732420171,0.346726515,1.128629477,0.391325765,0.000588108,32.70419171
GustavusAdolphus,Riley_Sharbono,24,19,27,19,307,30.0417,14.21,1.46,1.04,1.83,4.63,3.5,10.21,0.5,1.38,4.33,4.67,0.67,4,0.29,73.34,0.59963225,0.979272097,0.732420171,0.230221416,1.128629477,0.259834676,0.001906326,21.71511263
GustavusAdolphus,Sam_DuBois,17,19,27,19,308,8.5294,1.24,0.12,0.76,0.47,0.53,0.06,1.12,0.06,0.59,0.24,0.65,0.12,0.53,0,73.34,0.59963225,0.979272097,0.732420171,0.052871933,1.128629477,0.059672822,0.0001243,4.987025082
GustavusAdolphus,Schuyler_Thompson,16,19,27,19,309,9.3125,2.31,0.06,0.56,0.75,1.06,0.13,2.69,0.06,1,0.31,1.56,0.31,1.25,0.06,73.34,0.59963225,0.979272097,0.732420171,0.021407269,1.128629477,0.024160875,5.49E-05,2.0191921
GustavusAdolphus,Spencer_Tollefson,24,19,27,19,310,16.625,4.13,0.5,1.29,1.04,1.42,0.79,3.63,0.58,1.17,1.38,2,0.29,1.71,0.04,73.34,0.59963225,0.979272097,0.732420171,0.105469395,1.128629477,0.119035868,0.000483298,9.948161314
GustavusAdolphus,Vannis_Smith,24,19,27,19,311,21.4583,8.42,0.92,1.33,1.71,3.38,0.75,8.58,0.58,1.96,0.92,2.17,0.67,1.5,0.21,73.34,0.59963225,0.979272097,0.732420171,0.112083501,1.128629477,0.126500743,0.000662924,10.5720219
GustavusAdolphus,Zach_Bloemker,21,19,27,19,312,15.8095,6.05,1.19,1.33,1.76,2.05,0.76,5.33,0.33,1.24,1.19,1,0.24,0.76,0,73.34,0.59963225,0.979272097,0.732420171,0.090037985,1.128629477,0.101619524,0.000392347,8.492628636
IllinoisTech,Anthony_Mosley,15,11.47368421,24.31578947,20,313,35.2,14.93,0.47,4.27,2.93,5.6,3.27,12.67,1.8,2.13,4.6,3.2,0.53,2.67,0.53,80.36842105,0.59963225,0.979272097,0.732420171,0.244456665,1.029927983,0.25177276,0.002164347,21.0413557
IllinoisTech,Brett_Ott,10,11.47368421,24.31578947,20,314,3.9,0.7,0.2,0.5,0.3,0.2,0.1,1.2,0.2,0.5,0.2,0.4,0.3,0.1,0.1,80.36842105,0.59963225,0.979272097,0.732420171,-0.015950475,1.029927983,-0.016427841,-1.56E-05,-1.372920715
IllinoisTech,Brinden_Carlson,5,11.47368421,24.31578947,20,315,2.2,0,0,0.2,0,0,0,1.2,0,0,0,0,0,0,0,80.36842105,0.59963225,0.979272097,0.732420171,-0.387712949,1.029927983,-0.399316416,-0.000214543,-33.37199285
IllinoisTech,Calvin_Schmitz,18,11.47368421,24.31578947,20,316,10.1111,2.11,0.28,0.39,0.56,0.83,0.17,2.61,0.22,0.72,0.28,0.94,0.39,0.56,0.06,80.36842105,0.59963225,0.979272097,0.732420171,0.027778697,1.029927983,0.028610057,7.06E-05,2.391022741
IllinoisTech,Capriest_Gardner,17,11.47368421,24.31578947,20,317,15.4706,3.47,0.06,0.53,0.71,1.47,0.47,4,0.82,1.94,0.76,2.82,0.94,1.88,0.18,80.36842105,0.59963225,0.979272097,0.732420171,0.083491025,1.029927983,0.085989743,0.000324885,7.186404013
IllinoisTech,Jake_Digiorgio,19,11.47368421,24.31578947,20,318,33.8421,13.11,0.05,0.63,2.26,5.32,2.42,11.42,1.42,2,4.05,10.95,4.84,6.11,0.63,80.36842105,0.59963225,0.979272097,0.732420171,0.285250568,1.029927983,0.293787542,0.002428098,24.55264887
IllinoisTech,Jake_Bruns,19,11.47368421,24.31578947,20,319,18.4737,6.58,1.74,1.21,1.32,2.21,0.42,4.95,0.58,1.42,0.47,1.53,0.26,1.26,0,80.36842105,0.59963225,0.979272097,0.732420171,0.181379084,1.029927983,0.186807394,0.000842798,15.61201784
IllinoisTech,Kohl_Linder,19,11.47368421,24.31578947,20,321,9.1053,1,0,0.21,0.47,0.37,0.26,0.89,0.11,2,0.37,1.58,0.74,0.84,0.21,80.36842105,0.59963225,0.979272097,0.732420171,-0.046141941,1.029927983,-0.047522877,-0.000105675,-3.971620098
IllinoisTech,Malik_Howze,16,11.47368421,24.31578947,20,322,33.25,14.69,1.88,3.19,2.69,4.13,4.56,12,0.69,1.81,5.44,4.13,0.5,3.63,0.13,80.36842105,0.59963225,0.979272097,0.732420171,0.200401282,1.029927983,0.206398888,0.001676002,17.24933399
IllinoisTech,Max_Hisatake,19,11.47368421,24.31578947,20,323,26.8947,11.47,0,1.21,2.84,4.37,2.74,8.53,0.95,3.79,5.05,9.95,3.42,6.53,2,80.36842105,0.59963225,0.979272097,0.732420171,0.280167076,1.029927983,0.288551911,0.001895249,24.11509253
IllinoisTech,Parker_Joncus,19,11.47368421,24.31578947,20,324,28.4211,5.95,1.32,1.16,0.74,1.95,0.74,4.89,0.74,0.89,1.11,2.68,0.53,2.16,0.11,80.36842105,0.59963225,0.979272097,0.732420171,0.141962031,1.029927983,0.146210668,0.001014835,12.21923561
IllinoisTech,Quentin_Forberg,12,11.47368421,24.31578947,20,325,5.5,0.83,0.08,0.08,0.17,0.25,0.25,0.83,0.25,0.67,0.33,0.58,0.08,0.5,0,80.36842105,0.59963225,0.979272097,0.732420171,-0.003812042,1.029927983,-0.003926129,-5.27E-06,-0.328117607
