,team_name,team_ast,team_fg,team_id,player_id,player_name,MP,PTS,3P,AST,TO,FG,FT,FGA,STL,PF,FTA,TRB,ORB,DRB,BLK
0,Albion,15,27,13,1,Adam_Davis,11.6111,3,0.22,0.44,0.56,1,0.78,2.5,0.28,1.28,1.06,1.72,0.5,1.22,0.06
1,Albion,15,27,13,2,Aquavius_Burks,17.3478,5.87,0.65,1.48,1.43,2,1.22,5.04,0.48,1.48,1.83,3,0.65,2.35,0
2,Albion,15,27,13,3,Arshawn_Parker,10.6667,4.78,0.83,0.78,0.5,1.61,0.72,4.28,0.33,0.39,0.94,0.89,0.22,0.67,0
3,Albion,15,27,13,4,Austin_Thompson,2.6,0.4,0,0.6,0,0,0.4,0.2,0,0.2,0.4,0.2,0,0.2,0
4,Albion,15,27,13,5,Caden_Ebeling,14.84,5.48,0.32,0.64,0.8,2.04,1.08,5.32,0.08,1.84,1.4,3.84,1.16,2.68,0.12
5,Albion,15,27,13,6,Corey_Wheeler,23.6364,13.14,0.86,2.64,1.77,4.41,3.45,9.55,0.95,1.95,4.68,4.68,1.5,3.18,0.18
6,Albion,15,27,13,7,Dylan_Bennett,14.8421,2.95,0.89,0.47,0.21,1,0.05,3,0.32,1.42,0.11,1.26,0,1.26,0.05
7,Albion,15,27,13,9,Jaylen_Fordham,18.48,6.52,1.36,1.52,1.72,2.28,0.6,5.92,0.32,2.08,0.88,3.76,0.68,3.08,0.2
8,Albion,15,27,13,10,Juwan_Perry,11.9286,5,0.64,1.07,0.79,1.71,0.93,3.86,0.21,1.36,1.5,1,0.43,0.57,0
9,Albion,15,27,13,11,Nathaniel_Collins,19.2,8.5,1.15,0.7,1.05,2.8,1.75,6.9,0.5,2.1,2.3,1.85,0.2,1.65,0.15
10,Albion,15,27,13,12,Nathan_Kellum,6.7647,1.59,0,0.18,0.53,0.65,0.29,1.53,0.29,0.47,0.41,1.12,0.29,0.82,0.41
11,Albion,15,27,13,13,Ojani_Echevarria,8.1667,1.5,0.5,0.67,0.67,0.5,0,2.33,0.17,0.33,0,1.5,0.5,1,0
12,Albion,15,27,13,14,Quinton_Armstrong,16.913,8.43,0.26,0.57,1.22,3.7,0.78,6.78,0.17,2.09,1.52,4.48,2.04,2.43,0.7
13,Albion,15,27,13,15,Robert_Ryan,18.04,3.56,0.52,2.12,1.28,1,1.04,3.32,0.48,1.04,1.32,1.6,0.44,1.16,0
14,Albion,15,27,13,16,Ryan_Lowe,14.3913,7.17,0,0.96,1.22,3,1.17,4.43,0.17,2.35,1.91,5,1.91,3.09,0.35
15,Carthage,13,26,7,17,Adam_Radcliffe,2.2,0.4,0,0,0,0.2,0,0.6,0,0.2,0.2,0,0,0,0
16,Carthage,13,26,7,18,Brad_Kruse,36.76,16.12,1.2,2.92,2.48,5.96,3,10.52,2.08,2.44,4.48,7.12,2.64,4.48,1.48
17,Carthage,13,26,7,19,Brad_Perry,23.52,10.04,0,0.6,1.72,4.4,1.24,7.8,0.28,2.16,2.36,5.92,1.32,4.6,1.64
18,Carthage,13,26,7,20,Brett_Czerak,4.3333,1.33,0,0.33,0.33,0.67,0,1.67,0,0,0,0.67,0,0.67,0
19,Carthage,13,26,7,21,Dan_Messina,1.8,0.4,0,0.2,0.2,0,0.4,0.4,0,0,0.4,0.2,0,0.2,0
20,Carthage,13,26,7,22,Derek_Mason_II,23.5833,8.88,1.13,1.79,2.25,3,1.75,8,0.92,2.67,2.08,1.58,0.46,1.13,0.08
21,Carthage,13,26,7,23,Dimitrije_Kastratovic,3,0,0,0,0.38,0,0,0,0,0.25,0,0.38,0,0.38,0
22,Carthage,13,26,7,24,Jacob_Polglase,9.3077,2.23,0.54,0.62,0.15,0.69,0.31,2.38,0.15,0.38,0.54,1.31,0.23,1.08,0
23,Carthage,13,26,7,25,Jordan_Thomas,33.9167,17.75,2.63,2.13,1.21,5.75,3.63,13.33,0.96,1.42,4.21,5.5,0.96,4.54,0
24,Carthage,13,26,7,26,Jordan_Vedder,8.5833,2.58,0.75,0.25,0.67,0.92,0,2.83,0,1.17,0,1.08,0.17,0.92,0.17
25,Carthage,13,26,7,27,Kamal_Shasi,26.3889,5,0.78,3.44,1.44,1.56,1.11,4.28,1,2.44,1.28,4.33,0.72,3.61,0.33
26,Carthage,13,26,7,28,Kienan_Baltimore,27.4615,16.69,1.46,2.15,2.92,5.15,4.92,11.31,0.62,3.54,6.15,3.31,1.08,2.23,0.15
27,Carthage,13,26,7,29,Mike_Canady,8.4211,1.79,0.32,0.53,0.47,0.58,0.32,1.58,0.16,0.63,0.47,1,0.11,0.89,0
28,Carthage,13,26,7,30,Sean_Johnson,15.7826,3.83,0,0.39,0.57,1.48,0.87,2.57,0.17,1.65,1.61,3.83,1.3,2.52,2
29,Carthage,13,26,7,31,Steve_Leazer,16.48,3.04,0.56,0.96,0.4,0.92,0.64,3.48,0.4,1.84,1.24,1.96,0.4,1.56,0.16
30,Carthage,13,26,7,32,Tj_Best,7.6875,1.25,0.19,0.19,0.44,0.38,0.31,1.19,0.19,0.44,0.38,0.19,0,0.19,0
31,Chicago,15,21,12,33,Brennan_Mcdaniel,1,0,0,0,0.5,0,0,0,0,0.5,0,1,0.5,0.5,0
32,Chicago,15,21,12,34,Cole_Schmitz,7.95,2,0,0.9,0.2,0.95,0.1,2.35,0.3,0.8,0.1,2.1,0.85,1.25,0.05
33,Chicago,15,21,12,35,Collin_Barthel,31.1304,13.39,0.87,2.3,2.04,4.48,3.57,10.52,1.09,2.04,4.65,8.74,2.43,6.3,0.3
34,Chicago,15,21,12,36,Dominic_Laravie,7.72,2.56,0.12,0.2,0.36,0.96,0.52,2.44,0.12,0.64,1,2.28,1.12,1.16,0.08
35,Chicago,15,21,12,37,Ezra_Swell,2,3,0,0,0,1,1,2,0,0,1,0,0,0,0
36,Chicago,15,21,12,38,Jake_Berhorst,9.8333,2.71,0.58,0.83,1,0.92,0.29,2.46,0.04,0.58,0.42,1.17,0.13,1.04,0
37,Chicago,15,21,12,39,Jake_Fenlon,31,17.44,4,1.44,1.76,5.6,2.24,13.8,0.56,1.36,2.72,2,0.32,1.68,0.12
38,Chicago,15,21,12,40,Jordan_Baum,30.08,7.4,1.96,5.68,2.16,2.44,0.56,6.2,1.4,1.88,0.68,4.68,0.24,4.44,0.44
39,Chicago,15,21,12,41,Justin_Jackson,15.08,6.08,0.12,0.88,0.96,2,1.96,4.4,0.2,1.64,3.28,2.6,1.52,1.08,0.08
40,Chicago,15,21,12,42,Louis_Mehaffey,0.6667,0,0,0,0.67,0,0,0,0,0.33,0,0.67,0.67,0,0
41,Chicago,15,21,12,43,Mattia_Colangelo,6.2917,0.96,0.29,0.42,0.38,0.33,0,1.33,0.13,0.33,0,1.08,0.29,0.79,0.17
42,Chicago,15,21,12,44,Max_Jacobs,13.6,3.68,0.12,0.96,0.92,1.28,1,2.4,0.6,1.52,1.48,2.36,0.68,1.68,0
43,Chicago,15,21,12,45,Noah_Karras,23.84,9.36,1.84,1.08,1.04,3.4,0.72,9.08,0.32,2,0.92,2.2,0.32,1.88,0.28
44,Chicago,15,21,12,46,Porter_Veach,1,0,0,0,0,0,0,0,0,0,0,0,0,0,0
45,Chicago,15,21,12,47,Ryan_Jacobsen,20.8636,7.27,0.14,1.09,1.36,2.73,1.68,5,0.45,2.68,3.27,6.09,2.45,3.64,0.32
46,Chicago,15,21,12,48,Ryan_Shearmire,1,0,0,0,0,0,0,1,0,0,0,0,0,0,0
47,Chicago,15,21,12,49,Sam_Sustacek,10.44,4,0,0.68,0.6,1.56,0.88,2.64,0.24,1.48,1.68,2.72,1.08,1.64,0.04
48,CornellCollege,16,24,11,50,Austin_Dyer,5.4286,0.57,0,0.29,0.57,0.29,0,1.14,0,0.43,0,1.57,0.86,0.71,0.14
49,CornellCollege,16,24,11,51,Brad_Hund,22.0714,8.64,0.43,1.07,1.57,3.57,1.07,6.86,0.29,2,2.29,5.71,1.86,3.86,0.64
50,CornellCollege,16,24,11,52,Carron_Watt,1.5,0,0,0,0.5,0,0,0,0,0.5,0,0,0,0,0
51,CornellCollege,16,24,11,53,Cody_Carter,11,2.62,0.62,0.62,0.92,0.92,0.15,2.92,0.31,0.46,0.31,1.69,0.38,1.31,0.15
52,CornellCollege,16,24,11,54,Cooper_Kabela,10.8571,3,0.14,0.43,0.57,1.07,0.71,2.07,0.14,0.43,1,1.86,0.36,1.5,0.14
53,CornellCollege,16,24,11,55,Corey_Davis,24.1429,12.71,0.21,4.14,3.79,4.43,3.64,9.79,2.86,2,5.64,4.79,0.79,4,0.21
54,CornellCollege,16,24,11,56,Craig_Engle,18.5,4.33,0.83,1.17,1.08,1.25,1,4,0.17,1.08,1.08,1.08,0.08,1,0
55,CornellCollege,16,24,11,57,Dylan_Murdock,3.8,0.4,0,0.2,0.2,0.2,0,0.4,0.2,0,0,0.6,0,0.6,0
56,CornellCollege,16,24,11,58,Eric_Medenblik,1,0,0,0,0,0,0,1,0,0,0,0,0,0,0
57,CornellCollege,16,24,11,59,Jan_Siegien,12.75,4,0.83,0.33,0.83,1.42,0.33,4,0.33,0.75,0.67,1.17,0,1.17,0.08
58,CornellCollege,16,24,11,60,Jon_Anderson,20.7857,12.79,0,0.29,1.36,4.64,3.5,7.79,0.71,3.14,5.29,6.93,1.71,5.21,0.64
59,CornellCollege,16,24,11,61,Jordan_Heien,2,0.5,0,0,0,0,0.5,0.5,0,0,1,0,0,0,0
60,CornellCollege,16,24,11,62,Jordan_Venters,3.2,3,0.8,0.2,0.4,1,0.2,2.4,0.4,0,0.4,0.2,0,0.2,0
61,CornellCollege,16,24,11,63,Kameron_Williams,8.3333,1.67,0.33,0,0,0.67,0,3,0.33,0.33,0.33,1,0.33,0.67,0
62,CornellCollege,16,24,11,64,Keegan_Van_Kooten,11.1429,1.93,0.21,0.5,0.93,0.64,0.43,3.5,0.43,1.5,0.79,1.43,0.5,0.93,0.36
63,CornellCollege,16,24,11,65,Michael_Drew,19.2857,5.29,0.29,1,1.29,1.79,1.43,4.36,0.71,1.14,1.86,4,0.64,3.36,0
64,CornellCollege,16,24,11,66,Michael_Fiorito,15.5,5.07,1.14,1.36,1.5,1.5,0.93,4.29,0.5,1.14,1.57,1.64,0.14,1.5,0
65,CornellCollege,16,24,11,67,Scott_Gasik,7,3.5,1,0.17,0.17,1.17,0.17,2.5,0.17,0.67,0.67,0.83,0.5,0.33,0
66,DominicanIL,12,24,3,68,Andrew_Wojcik,6.9375,2.69,0.25,0.88,0.94,0.88,0.69,2.13,0.19,0.88,0.94,0.75,0.06,0.69,0
67,DominicanIL,12,24,3,69,Antonio_Amoah,14.0909,5.45,0.41,0.64,1.14,2.14,0.77,4.64,0.64,1.27,1.18,2.95,1,1.95,0.05
68,DominicanIL,12,24,3,70,Arrin_Westbrook,4.6,2.1,0.1,0.4,0.3,1,0,2.4,0,0.4,0,0.8,0.2,0.6,0
69,DominicanIL,12,24,3,71,Connor_Dartt,14.32,2.6,0.12,0.36,1.28,0.88,0.72,3.2,0.44,2.12,1.2,3.4,1.08,2.32,0.2
70,DominicanIL,12,24,3,72,Dennis_Handy,13.3478,2.7,0.3,0.7,0.83,1.04,0.3,3.35,0.48,1.61,0.61,1.35,0.57,0.78,0.17
71,DominicanIL,12,24,3,73,Domenic_Aiello,17.96,7.4,1.64,1.92,1.8,2.44,0.88,6.36,1.28,2.04,1.52,1.4,0.12,1.28,0.04
72,DominicanIL,12,24,3,74,Isaac_Moore,17.2632,5.68,1.21,0.47,0.74,2,0.47,5.79,0.68,2.47,0.63,3.89,0.42,3.47,0.05
73,DominicanIL,12,24,3,75,Jackson_Smith,13.48,5.56,0.84,0.56,0.96,2,0.72,5.32,0.32,1.32,1.28,1.56,0.72,0.84,0.12
74,DominicanIL,12,24,3,76,Jonny_Woolf,28.4348,14.7,1.3,2.57,2.43,5.39,2.61,10.78,2.04,2.78,3.43,6.3,1.13,5.17,0.96
75,DominicanIL,12,24,3,77,Marin_Bandalo,3,2,0,0,0,1,0,1.5,0,0.5,0,0,0,0,0
76,DominicanIL,12,24,3,78,Nick_LaVere,18.1667,4.92,0.29,0.88,0.63,1.96,0.71,4.79,0.46,1.08,1.33,1.71,0.67,1.04,0.08
77,DominicanIL,12,24,3,79,Rory_Cunningham,7.25,1.83,0.17,0.25,0.42,0.75,0.17,2.08,0.25,1,0.33,2.33,0.42,1.92,0.5
78,DominicanIL,12,24,3,80,Sean_Ek,13.1176,2.41,0.47,1.35,1.12,0.76,0.41,1.94,0.35,1.06,0.47,0.88,0.18,0.71,0
79,DominicanIL,12,24,3,81,Tim_Robertson,25.625,14.79,0.42,1.71,1.96,5.63,3.13,13.63,0.29,1.54,4.25,4.58,0.96,3.63,0.75
80,EastWest,7,16,1,82,Adonis_Bell,12,3,0,0,1,1.5,0,4.5,0,1,0,1.5,0.5,1,0
81,EastWest,7,16,1,83,Ahmad_Eshftari,2.4,1.2,0,0.4,0.2,0.4,0.4,1.4,0.4,1.6,1.2,2,1,1,0
82,EastWest,7,16,1,84,Amare_Thurman,8.3333,3.42,0.42,1.08,1.25,1.25,0.5,3.67,0.75,1.17,1,1.92,0.83,1.08,0
83,EastWest,7,16,1,86,Brian_Ashberry,12.1538,5,0.08,0.15,1.15,1.92,1.08,4.92,0.77,1.85,2.38,3.85,1.46,2.38,0.31
84,EastWest,7,16,1,87,Carl_Moore,25.6667,12.47,1.73,2.13,3.07,4.47,1.8,12.6,1.2,2,2.27,5.67,1.2,4.47,0.6
85,EastWest,7,16,1,88,Cortland_Gillespie,11,7.07,0.73,0.87,2.4,2.33,1.67,6.13,0.47,1.4,3,1.73,0.53,1.2,0
86,EastWest,7,16,1,90,Eric_Spencer,6.0833,4,0.08,0.58,0.83,1.42,1.08,4.5,0.42,2,2.17,2.08,0.75,1.33,0.33
87,EastWest,7,16,1,91,Jeremy_Hargrove,9.8462,3.46,0.62,0.85,1.62,1,0.85,3.08,0.31,1.54,1.23,1.38,0.23,1.15,0.08
88,EastWest,7,16,1,92,Kinsley_Shaw,8.25,6.75,0,0.25,1.25,3,0.75,6.5,0.5,1.5,0.75,2.5,1.25,1.25,0
89,EastWest,7,16,1,93,Manny_Coleman,9,1.75,0,0.5,0.5,0.5,0.75,3.5,0.5,2,1.75,2.5,0.75,1.75,0
90,EastWest,7,16,1,94,Markus_Johnson,20,9.47,0.07,0.6,1.4,3.53,2.33,7.13,0.8,3.2,4.27,6.73,3.2,3.53,0.87
91,EastWest,7,16,1,95,Patrick_Rucker,21.375,12.06,1.44,2.81,2.44,4,2.63,9.38,1.44,3.06,3.38,4.5,0.69,3.81,0.13
92,EastWest,7,16,1,96,Roland_Watkins,4.9167,1.25,0,0.25,0.33,0.42,0.42,1.25,0.17,1.33,0.58,0.92,0.25,0.67,0.17
93,EastWest,7,16,1,97,Scherone_Clarke,1.7778,0.44,0,0.11,0.33,0.22,0,0.89,0,2.22,0.22,1.11,0.33,0.78,0.22
94,EastWest,7,16,1,98,Sherman_Brown,6.0909,2.45,0,0.36,0.73,1,0.45,2.55,0.36,2.82,0.73,1.73,0.73,1,0.18
95,EastWest,7,16,1,99,Sherman_Carter,22.7143,15.93,1.79,2.29,3.71,5.21,3.71,15.07,1.14,3.14,5,3.07,1.29,1.79,0.14
96,EastWest,7,16,1,100,Stanley_Thomas,14,3,0,0.5,0.5,0,3,2,0.5,3,5,2.5,1,1.5,1
97,Fontbonne,16,27,10,101,Anthony_Loper,10.8333,2.17,0,0.67,0.83,0.83,0.5,2.67,0.5,2.17,1,2.17,0.83,1.33,0
98,Fontbonne,16,27,10,102,Brian_Wacha,2,0.6,0.2,0,0.2,0.2,0,0.2,0,0.4,0,0.2,0.2,0,0
99,Fontbonne,16,27,10,103,Erich_Schark,21,7.81,0.19,2.13,1.81,3.25,1.13,5.56,0.44,2.38,1.94,4.75,1.44,3.31,0.88
100,Fontbonne,16,27,10,104,Garrett_Goodnight,9.1429,0.14,0,0.86,0.57,0,0.14,0.86,0.86,1.29,0.29,0.57,0,0.57,0
101,Fontbonne,16,27,10,105,Jack_Lake,14.6,4.8,0.4,0.4,1.6,2,0.4,5.8,0,2.2,0.4,2.2,0.8,1.4,0.4
102,Fontbonne,16,27,10,106,Jacob_Mueller,2.5,1.5,0.5,0.25,0.75,0.5,0,0.5,0,0.5,0,0.25,0.25,0,0
103,Fontbonne,16,27,10,107,Jahmad_Wilburn,10.3636,2.73,0.09,0.55,1,1.09,0.45,2.36,0.27,1.64,0.91,2.82,0.73,2.09,0.09
104,Fontbonne,16,27,10,108,James_Wiggins,23.9375,6.81,0.13,2.19,2.44,2.38,1.94,5.19,0.69,3.06,2.56,3.25,1.19,2.06,0.13
105,Fontbonne,16,27,10,109,Jared_Woodcock,23.25,9.94,0.94,0.94,1.75,3.25,2.5,7.5,0.44,1.69,3.19,3.75,1.31,2.44,0.25
106,Fontbonne,16,27,10,110,Kalin_Mitchell,5.6667,0.33,0,0,2.33,0,0.33,0,0,0.67,0.67,0.67,0,0.67,0
107,Fontbonne,16,27,10,111,Kris_Mccann,31,18,1.19,4.75,3.13,6.69,3.44,15,0.88,1.69,4.88,3.69,1.25,2.44,0
108,Fontbonne,16,27,10,112,Logan_KelleyWolff,6.625,1.25,0,0.75,0.5,0.63,0,1.63,0.25,1.25,0.13,1.38,0.38,1,0.13
109,Fontbonne,16,27,10,113,Luke_Darst,4,2,0,0,0,0,2,1,2,0,4,1,0,1,0
110,Fontbonne,16,27,10,114,Luke_Deline,27.75,16.33,2.58,2.33,3.5,6,1.75,12.08,1.5,1.67,2.58,6.33,0.92,5.42,0
111,Fontbonne,16,27,10,115,Maguire_Scheer,7.875,2.13,0.63,0.75,0.5,0.75,0,2.25,0.25,0.5,0,0.88,0.13,0.75,0
112,Fontbonne,16,27,10,116,Noah_Coddington,17.4286,7,0.21,1.93,1.64,2.71,1.36,5.36,0.43,2.14,1.86,5.5,1.29,4.21,0.79
113,Fontbonne,16,27,10,117,Thomas_Ritter,16.875,7.19,1.31,1,1.25,2.56,0.75,5.25,0.31,1.38,1.06,1.94,0.44,1.5,0.06
114,Fontbonne,16,27,10,118,Tristan_Baker,18.0625,9.19,0.94,1.38,1.25,2.88,2.5,5,0.5,1.88,3.63,3.56,1.06,2.5,0
115,Knox,11,20,9,119,Aaron_Crose,10.1667,2.92,0.25,0.42,0.83,0.83,1,2.33,0.08,2.42,1.83,1.17,0.5,0.67,0.08
116,Knox,11,20,9,120,Alik_Airapetyan,5.0909,1.09,0.18,0.45,0.91,0.45,0,1.36,0.09,0.55,0.09,0.91,0.09,0.82,0
117,Knox,11,20,9,121,Blake_Godbold,29.7059,8.12,0.76,1.29,1.71,3.06,1.24,7,0.76,1.94,1.35,6.06,1.24,4.82,0.29
118,Knox,11,20,9,122,Bryce_Wilkinson,9.375,3.75,0.81,0.5,0.81,1.06,0.81,2.69,0.19,1.25,0.88,1.31,0.56,0.75,0
119,Knox,11,20,9,123,Danny_Serrano,2.125,0,0,0.25,0,0,0,0,0.25,0.13,0,0.25,0,0.25,0
120,Knox,11,20,9,124,Deryk_Ruple,27.4118,10.06,2.12,1.82,1.65,3.76,0.41,10.71,0.88,1.24,0.94,2.88,0.35,2.53,0
121,Knox,11,20,9,125,Dj_Lewis,23.8235,7.35,0.94,2.35,2,2.76,0.88,7,1.18,2.82,1.59,2.53,0.29,2.24,0.18
122,Knox,11,20,9,126,Eric_Pillath,7.4,1.9,0.3,0.3,0.4,0.7,0.2,1.7,0.2,1.2,0.2,1,0.1,0.9,0
123,Knox,11,20,9,127,Eric_Thompson,11.6667,4.33,0,0.44,0.89,2,0.33,3.67,0.78,2,0.56,2.22,0.67,1.56,0.11
124,Knox,11,20,9,128,Garrett_Stone,8.5,0.57,0.07,0.43,0.57,0.14,0.21,0.71,0.21,0.86,0.36,0.5,0.14,0.36,0.07
125,Knox,11,20,9,129,Ikenna_Ozor,11.2222,4.11,0,0.67,0.56,1.78,0.56,2.33,0.22,1.44,0.89,1.89,0.67,1.22,0
126,Knox,11,20,9,130,Jacob_Kampf,19.4545,7.18,1.64,2.45,1.45,2.27,1,6.91,0.64,1.18,1.64,0.64,0.09,0.55,0
127,Knox,11,20,9,131,Jeremiah_Horton,3.9,1.9,0.3,0.2,0.3,0.8,0,1.2,0,0.1,0.1,0.6,0.1,0.5,0
128,Knox,11,20,9,132,John_Tsahageas,2.1,0.4,0,0.2,0.1,0.2,0,0.3,0,0.3,0,0.2,0.2,0,0
129,Knox,11,20,9,133,Jonathan_Damota,27.7647,12.06,0.53,1.29,3.18,4.71,2.12,10.35,1.24,2,2.82,3.24,1.12,2.12,0.24
130,Knox,11,20,9,134,Marko_Protic,22.6471,5.41,0.18,0.88,1.71,2.06,1.12,4.88,0.24,2.24,2,5.76,2.47,3.29,0.41
131,Knox,11,20,9,135,Sean_Pollock,2.1,0.4,0,0,0,0.2,0,0.4,0,0.1,0.4,0.1,0,0.1,0
132,Knox,11,20,9,136,Tyre_Dukes,10.2,1.4,0.13,0.93,0.87,0.53,0.2,1.2,0.2,0.6,0.6,0.8,0.13,0.67,0
133,MoodyBible,11,17,4,137,Aaron_Brown,0.3333,0.67,0,0,0.33,0.33,0,1.33,0,0.33,0,0.33,0,0.33,0
134,MoodyBible,11,17,4,138,David_Arabis,20.8,9.8,2.6,4.8,4.2,3.6,0,9.8,1.2,1.6,0.8,4.4,1,3.4,0
135,MoodyBible,11,17,4,139,Jacob_Kim,18.75,4.5,1,0.5,1,1.75,0,3.75,1,1,1,3.25,0.75,2.5,0
136,MoodyBible,11,17,4,140,Jeremiah_Ransom,1.75,0,0,0.5,0.5,0,0,0,0,0,0,0.5,0,0.5,0
137,MoodyBible,11,17,4,141,Jonah_Wilson,9.8,3.4,0.6,0.4,1,1.4,0,3.6,0.8,0.8,0.4,1.6,0.8,0.8,0
138,MoodyBible,11,17,4,142,Jonathan_Raub,13.75,4.75,0.25,1.5,1.75,1.75,1,4.5,0,3,1.25,3.25,1,2.25,0.5
139,MoodyBible,11,17,4,143,Joseph_Shidler,7.5,2.75,0.75,1,1.5,1,0,5.25,0,0.75,0,0.75,0.25,0.5,0
140,MoodyBible,11,17,4,144,Joshua_Wedeven,20.4,17.6,2.6,1.6,4,5.8,3.4,14.8,0.6,3,4.2,6,0.8,5.2,1.2
141,MoodyBible,11,17,4,145,Kent_Hinrichsen,7.6667,4,0,0.33,0.67,1.33,1.33,3,1,1.67,1.33,3.67,1.33,2.33,1.67
142,MoodyBible,11,17,4,146,Keynan_Carter,9.4,5.4,0,1.2,1.8,1.8,1.8,4.6,1.8,1.6,4.2,1.2,0,1.2,0.8
143,MoodyBible,11,17,4,147,Levi_Miller,21,12.4,2.8,2,2,4.4,0.8,12.2,0.4,2.4,1,3,0.2,2.8,0.2
144,MoodyBible,11,17,4,148,Mitchell_Giedd,0.3333,0,0,0,0,0,0,0,0,0,0,0.33,0,0.33,0
145,MoodyBible,11,17,4,149,Zachary_Daniels,0.3333,0,0,0,0.33,0,0,0,0,0,0,0,0,0,0
146,MSOE,13,22,2,150,Anthony_Bartman,2.5,0.5,0,0,0,0.25,0,0.5,0.25,0.5,0,0,0,0,0.25
147,MSOE,13,22,2,151,Bailey_Mcdaniel,7.7391,2.96,0.17,0.35,0.65,1,0.78,2.09,0.13,1.17,1.09,1.3,0.22,1.09,0.09
148,MSOE,13,22,2,152,Brian_Dorn,10.9615,2.31,0.04,0.77,1.04,0.88,0.5,1.85,0.19,1.19,0.85,1.35,0.5,0.85,0
149,MSOE,13,22,2,153,David_Llorente,2,0.45,0,0,0.36,0.18,0.09,0.64,0,0.45,0.18,0.09,0,0.09,0
150,MSOE,13,22,2,154,Eddie_Harwick,1.4,0.6,0,0.2,0,0.2,0.2,0.4,0,0,0.4,0.4,0,0.4,0
151,MSOE,13,22,2,155,Gabe_Wear,16.6538,4.58,0.62,0.85,1.23,1.58,0.81,3.54,0.19,1.54,0.96,1.58,0.5,1.08,0
152,MSOE,13,22,2,156,Jake_Gebert,20.8846,7.65,0.19,1.58,0.88,2.77,1.92,5.27,0.5,1.31,2.46,6.15,1.46,4.69,0.58
153,MSOE,13,22,2,157,Jason_Palesse,28.4231,12.46,0.77,4.96,2.65,3.96,3.77,9.5,1.04,1.54,5.35,4.31,1.42,2.88,0.19
154,MSOE,13,22,2,158,Josh_Herzog,5.2,1.4,0.1,1.1,0.9,0.4,0.5,1.1,0.6,0.3,0.9,0.4,0,0.4,0
155,MSOE,13,22,2,159,Lennart_Rieckmann,1,1.33,0,0,0.33,0.67,0,1,0,0,0,0.33,0.33,0,0
156,MSOE,13,22,2,160,Luke_Nelson,5.6316,0.68,0.05,0.47,0.53,0.26,0.11,1.11,0.47,1.05,0.11,1.16,0.26,0.89,0
157,MSOE,13,22,2,161,Matthew_Kirmse,28.4615,16.08,3.31,1.15,0.85,5.46,1.85,12.88,0.58,1.15,2.38,4.69,0.58,4.12,0.12
158,MSOE,13,22,2,162,Matt_Powers,1.5,0,0,0,1,0,0,0,0,0.5,0,0.25,0.25,0,0
159,MSOE,13,22,2,163,Nolan_Henton,23.7308,4.65,0.65,1.04,1.31,1.54,0.92,3.46,0.77,1.77,1.5,2.58,0.38,2.19,0.04
160,MSOE,13,22,2,164,Sammy_Linn,12.5833,5.13,0.29,1.38,2.13,2.13,0.58,4.83,0.75,2.92,0.96,3.04,0.5,2.54,0.58
161,MSOE,13,22,2,165,Tegan_Miles,27.3846,10.38,0,1.5,1.77,4.19,2,7.15,0.88,1.73,3,5.62,1.69,3.92,0.92
162,MSOE,13,22,2,166,Travis_Ballard,11.3462,5.65,0.12,0.08,0.35,2.42,0.69,5.12,0.19,1.35,0.92,2.12,0.58,1.54,0.42
163,Roosevelt,10,23,6,167,Adam_Alexander,26.2727,9.24,0.48,1.76,1.73,3.33,2.09,6.79,0.64,2.82,3.18,5.42,1.64,3.79,0.33
164,Roosevelt,10,23,6,168,Andre_Raiford_Jr.,8.0769,1.69,0,0.15,0.77,0.69,0.31,1.54,0,1.31,0.62,1.77,0.62,1.15,0.08
165,Roosevelt,10,23,6,169,Carson_Hughes,24.0303,8.91,1.97,1.18,1.27,2.88,1.18,7.58,0.7,1.7,1.58,3.15,0.45,2.7,0.06
166,Roosevelt,10,23,6,170,Chandler_Fuzak,13,6.3,0.8,0.47,1.27,2.47,0.57,4.17,0.43,2.23,0.77,2.47,0.37,2.1,0.63
167,Roosevelt,10,23,6,171,Grant_Gibson,23.7879,7.64,1.33,1.76,1.06,2.58,1.15,6.36,1.15,1.36,1.61,3.03,0.79,2.24,0.15
168,Roosevelt,10,23,6,172,Jake_Asquini,18.7273,6.09,1.79,1.06,0.97,2.09,0.12,4.97,0.58,1.36,0.15,1.97,0.24,1.73,0.03
169,Roosevelt,10,23,6,173,Jake_Ludwig,28.3125,17.16,1.22,5.44,2.53,5.41,5.13,11.09,1.34,2,5.84,3.88,0.75,3.13,0.06
170,Roosevelt,10,23,6,174,Jordan_Radcliff,7.75,2.5,0.33,0.67,0.58,1,0.17,2.5,0.58,1,0.25,0.83,0.08,0.75,0.17
171,Roosevelt,10,23,6,175,Joshua_Dillingham,19.8571,8.71,0,1.1,2,3.52,1.67,5.81,1.48,3.29,3.33,7.52,2.24,5.29,0.86
172,Roosevelt,10,23,6,176,Kevin_Day,13.7273,5.36,0.7,1.39,1.21,1.94,0.79,4.55,0.33,1,1.09,2.27,0.3,1.97,0.33
173,Roosevelt,10,23,6,177,Kyle_Bumbalough,23.3636,5.33,0.64,1.88,0.94,1.64,1.42,4.06,0.48,1.82,2.12,2.06,0.33,1.73,0.03
174,Roosevelt,10,23,6,178,Tariq_Archibald,3,2,0,0,1,1,0,1,1,0,1,0,0,0,0
175,Roosevelt,10,23,6,179,Tomas_Cutts,4,1.5,0.17,0.17,0.5,0.67,0,1.5,0,0.5,0,0.33,0.17,0.17,0.17
176,Wabash,9,26,8,180,Alex_Eberhard,27.5,9.69,0.69,1.19,1.92,3.19,2.62,7.54,0.58,2.5,3.12,4.88,1.27,3.62,0.62
177,Wabash,9,26,8,181,Ben_Stachowski,16.625,5.5,0.88,1,0.88,2,0.63,4.75,0.38,1,0.75,4.38,0.75,3.63,0
178,Wabash,9,26,8,182,Blake_Miller,1,0,0,0,0.5,0,0,0.5,0,1,0,0,0,0,0
179,Wabash,9,26,8,183,Colten_Garland,25,7.63,1.54,1.25,0.88,2.38,1.33,8.63,0.38,1.13,1.67,2.5,0.42,2.08,0.13
180,Wabash,9,26,8,184,Conner_Brens,12.0667,3.33,0,0.27,0.4,1.53,0.27,2.8,0,2.07,0.67,3.27,0.8,2.47,0.2
181,Wabash,9,26,8,185,Connor_Rotterman,30.9167,12,1.96,1.46,2.5,4,2.04,11.46,0.33,1.29,2.58,2.63,0.58,2.04,0.04
182,Wabash,9,26,8,186,Dalton_Vachon,10.75,1.06,0,0.06,0.5,0.44,0.19,1.13,0,1.13,0.56,1.88,0.75,1.13,0.25
183,Wabash,9,26,8,187,Duncan_Roy,5.3889,1.56,0.33,0.06,0.22,0.44,0.33,1.11,0.28,0.33,0.39,0.61,0.22,0.39,0
184,Wabash,9,26,8,188,Harrison_Hallstrom,24.3462,11.08,0,1.04,1.35,4.62,1.85,7.92,0.23,3,2.46,8.58,2.81,5.77,0.73
185,Wabash,9,26,8,189,Jack_Davidson,35.9231,18.19,2.23,3.19,2.73,4.58,6.81,11.08,0.62,1.65,8.35,4.73,0.42,4.31,0.04
186,Wabash,9,26,8,190,Logan_White,18.2083,3.79,0,0.58,0.83,1.67,0.46,3.63,0.33,1.79,1.08,5.5,1.96,3.54,0.42
187,Wabash,9,26,8,191,Matt_Chinn,2.5,0,0,0,0,0,0,0.5,0,0,0,0,0,0,0
188,Wabash,9,26,8,192,Max_Flinchum,1,3,1,0,0,1,0,1,0,0,0,0,0,0,0
189,Wabash,9,26,8,193,Max_Kurkowski,4,0.86,0,0.14,0.29,0.29,0.29,0.71,0,0.71,0.57,0.71,0.57,0.14,0.29
190,Wabash,9,26,8,194,Parker_Manges,23.6842,5.58,1.05,0.84,1.11,2.16,0.21,5.74,0.53,1.95,0.37,3.21,0.63,2.58,0.21
191,Wabash,9,26,8,195,Rhett_Helt,9.6154,2,0.38,0.31,0.31,0.69,0.23,1.54,0.08,0.54,0.54,2.15,0.46,1.69,0.15
192,Wabash,9,26,8,196,Ronald_Ryan,4.3333,0.5,0,0.5,0.33,0,0.5,0.5,0,0.17,0.67,0.33,0,0.33,0
193,Wabash,9,26,8,197,Zach_Anderson,4.75,0,0,0.25,0,0,0,1.25,0.5,0,0,0,0,0,0
194,WheatonIL,18,33,5,198,Aston_Francis,34.6154,27.38,4.65,4.42,3.69,8.62,5.5,20.73,1.42,1.65,6.69,4.77,0.69,4.08,0.23
195,WheatonIL,18,33,5,199,Cade_Alioth,7.0455,1.5,0,0.41,0.09,0.64,0.23,0.86,0.23,1.36,0.5,1.77,0.64,1.14,0.09
196,WheatonIL,18,33,5,200,Gavin_Hawkins,3.3333,1.67,0.33,0,0,0.67,0,1.67,0,0,0,0.33,0.33,0,0
197,WheatonIL,18,33,5,201,Jack_Bennett,3.6667,1.33,0,0.67,0.33,0.67,0,1,0,0.33,0,1,0.67,0.33,0
198,WheatonIL,18,33,5,202,Jay_Spencer,19.5385,5.62,0.58,0.85,0.73,1.88,1.27,4.5,0.23,3.27,1.73,4.31,1.19,3.12,1.31
199,WheatonIL,18,33,5,203,Kobe_Eichelberger,23.8462,12.31,0.81,1.35,1.35,4.42,2.65,8.12,0.62,2.62,4.38,6.42,1.81,4.62,0.23
200,WheatonIL,18,33,5,204,Luke_Peters,31.5769,6.31,0.12,4.38,2.12,2.35,1.5,4.92,1.15,2.73,3.42,4.96,1.42,3.54,0.62
201,WheatonIL,18,33,5,205,Mark_Champion,2.4444,1.56,0.22,0.22,0.11,0.67,0,2.22,0,0.22,0,0.56,0.11,0.44,0
202,WheatonIL,18,33,5,206,Reagan_Jones,3.75,1.13,0.13,0.13,0.13,0.5,0,1.13,0.25,0.25,0.13,1,0.25,0.75,0
203,WheatonIL,18,33,5,207,Ricky_Samuelson,32.2308,15.65,2.27,0.92,1.04,5.46,2.46,10.31,0.73,1.15,2.77,3.77,1.08,2.69,0.04
204,WheatonIL,18,33,5,208,Spencer_Peterson,14.4583,4.96,0.46,0.42,0.88,1.75,1,3.92,0.21,2.63,1.46,2.79,1.08,1.71,0.25
205,WheatonIL,18,33,5,209,Trevor_Gunter,17.7917,4.67,0,0.58,0.75,1.88,0.92,3.04,0.29,1.88,1.33,3.08,1.08,2,0.83
206,WheatonIL,18,33,5,210,Tyrel_Derrick,4.5,1.29,0.14,0.36,0.43,0.36,0.43,0.5,0.29,0.36,0.71,0.86,0.07,0.79,0.14
207,WheatonIL,18,33,5,211,Zack_Kvam,16.9231,2.58,0.42,2.42,1.23,0.85,0.46,1.92,0.27,1.5,0.65,1.27,0.23,1.04,0.15
208,WheatonIL,18,33,5,212,Zac_Holman,5.3636,1.09,0.27,0.45,0.36,0.27,0.27,1,0.09,0.55,0.36,0.82,0.27,0.55,0.09
209,Kalamazoo,8,20,16,213,Alex_Dykema,8,1,0,0,0,0.5,0,0.5,0,0.5,0,2,0,2,0
210,Kalamazoo,8,20,16,214,Andrew_Sheckell,9.56,1.92,0.44,0.12,0.96,0.64,0.2,1.6,0.24,1.76,0.32,1.24,0.28,0.96,0.08
211,Kalamazoo,8,20,16,215,Ben_Reiter,25.36,10.8,1.68,1.44,1.76,3.52,2.08,8.36,1.32,2.4,2.8,4.52,0.44,4.08,0.12
212,Kalamazoo,8,20,16,216,Brennen_Buszka,11.8636,1.77,0,1.09,1.18,0.45,0.86,1.14,0.36,0.82,1.23,2.09,0.86,1.23,0.14
213,Kalamazoo,8,20,16,217,Charlie_Carson,5.7059,1.76,0.24,0.53,0.47,0.59,0.35,1.82,0.24,0.41,0.35,0.47,0,0.47,0.06
214,Kalamazoo,8,20,16,218,Dan_Black,2.7692,0.15,0,0.15,0.38,0.08,0,0.38,0,0.23,0,0.54,0.08,0.46,0
215,Kalamazoo,8,20,16,219,Jack_Smith,22,5.96,0.88,1.56,1.68,2.16,0.76,5.12,0.36,1.8,1.04,1.64,0.36,1.28,0.12
216,Kalamazoo,8,20,16,220,Jarnard_Smith,11.0625,4.19,0.38,0.75,1.69,1.56,0.69,4.44,0.38,1.25,1.13,0.88,0.13,0.75,0
217,Kalamazoo,8,20,16,221,Jeremiah_Vincent,26.0769,9.08,0.62,1.38,1.62,3.46,1.54,8.31,0.23,1.15,2.38,4.23,0.92,3.31,0.46
218,Kalamazoo,8,20,16,222,Jimmy_Paprocki,27.52,12.64,0,0.92,2.6,4.88,2.88,7.4,0.6,3.12,4.76,4.8,1.64,3.16,0.72
219,Kalamazoo,8,20,16,223,Jordan_Currie,13.625,1.88,0.25,0.63,1.06,0.63,0.38,1.44,0.13,0.75,0.5,1.88,0.25,1.63,0.25
220,Kalamazoo,8,20,16,224,KaLeif_Gaines,10.3333,3.17,0.33,0.58,1.67,0.83,1.17,3.08,0.58,1.08,1.42,1.25,0.08,1.17,0
221,Kalamazoo,8,20,16,225,Merritt_Hamann,10.4348,2.7,0.04,0.39,0.96,1.22,0.22,2.39,0.17,1.7,0.3,2.04,0.52,1.52,0.17
222,Kalamazoo,8,20,16,226,Owen_Jozefowicz,2.1667,0.67,0,0,0.17,0.17,0.33,0.33,0,0,0.83,0.33,0.17,0.17,0.17
223,Kalamazoo,8,20,16,227,Roger_Hood,20.92,7.6,0.64,0.88,2.6,2.52,1.92,6,0.64,2.36,2.68,3.8,0.96,2.84,0.32
224,Kalamazoo,8,20,16,228,Tanner_Blyly,30.2,9.52,0.96,3.2,2.52,3.68,1.2,9.36,1.44,2.88,1.88,4.2,0.64,3.56,0
225,Kalamazoo,8,20,16,229,Thomas_Cook,5.5625,1.19,0.13,0.06,0.44,0.44,0.19,1.38,0,1.06,0.69,0.94,0.38,0.56,0.13
226,NorthPark,13,26,18,230,Aaron_Reed,15.0385,3.04,0.35,0.85,1,1.12,0.46,2.54,0.62,1.46,0.73,2,0.5,1.5,0.31
227,NorthPark,13,26,18,231,Antonio_Gardner,7.9,2.6,0.55,0.45,0.4,0.9,0.25,2.4,0.1,0.85,0.45,0.55,0.2,0.35,0
228,NorthPark,13,26,18,232,Billy_Kirby,29.0385,11.04,1.12,2.04,1.73,4,1.92,9.04,0.5,1.54,2.62,3.58,0.77,2.81,0.12
229,NorthPark,13,26,18,233,Cardell_Simmons,5.5,1.25,0,0,0.75,0,1.25,2,0.25,0.5,1.25,1.75,0.5,1.25,0
230,NorthPark,13,26,18,234,Colin_Lake,34.5,19.96,3,2.08,2,6.62,3.73,16.88,1.27,1.77,4.54,3.31,0.73,2.58,0
231,NorthPark,13,26,18,235,Dyron_Woods,9.55,3.85,0,0.4,0.8,1.8,0.25,4.15,0.4,1.4,0.4,1.55,0.6,0.95,0.05
232,NorthPark,13,26,18,236,Isaiah_Webster,4,0.89,0,0.56,0,0.44,0,1,0.11,0.44,0,0.11,0.11,0,0
233,NorthPark,13,26,18,237,Jack_Gurvey,21.24,3.16,0.8,2.16,1.28,1.08,0.2,3.24,0.8,1.24,0.24,2.24,0.64,1.6,0.08
234,NorthPark,13,26,18,238,Jarrod_Coleman,5.9091,0.55,0.09,0.09,0.18,0.18,0.09,0.91,0.09,0.64,0.27,1.73,0.09,1.64,0.27
235,NorthPark,13,26,18,239,Jason_Hines,10.3478,3.65,0.65,0.26,0.83,1.3,0.39,3.17,0.22,1.61,0.78,1.57,0.35,1.22,0.13
236,NorthPark,13,26,18,240,Jelani_Sankey,6.5,1,0,0,0.5,0.5,0,1.5,0,0.25,0,0.75,0,0.75,0
237,NorthPark,13,26,18,241,Jonathon_Mcdonald,6,0,0,0,0,0,0,3,0,0,0,2,0,2,0
238,NorthPark,13,26,18,242,Josh_Washburn,14,3.75,0.5,0.5,1,1.25,0.75,3.38,1.25,1.25,1,0.75,0,0.75,0
239,NorthPark,13,26,18,243,Khalen_Davis,4,2.33,0.33,0,1,0.67,0.67,2,0,1.67,0.67,0,0,0,0
240,NorthPark,13,26,18,244,Matt_Mohr,19.3846,3.23,0.15,1.46,0.69,1.38,0.31,4,0.54,2.38,0.38,5.46,1.38,4.08,1
241,NorthPark,13,26,18,245,Matt_Szuba,26.24,7.96,1.88,2.28,1.68,2.64,0.8,6.36,0.4,1.96,0.92,4.72,0.8,3.92,0.52
242,NorthPark,13,26,18,246,Quinn_Williams,6.5,1.4,0.2,0.5,1,0.5,0.2,2.1,0.2,0.8,0.7,0.5,0.1,0.4,0
243,NorthPark,13,26,18,247,Raysean_Jones,4,0.5,0,0,0.5,0,0.5,1.5,0,2,1,1,0.5,0.5,0
244,NorthPark,13,26,18,248,Scott_Olsen,9.5909,1.59,0.41,0.23,0.23,0.59,0,2,0.05,0.77,0.09,1.05,0.18,0.86,0.14
245,NorthPark,13,26,18,249,Toby_Marek,11.75,2.75,0.31,0.81,0.63,0.94,0.56,2.94,0.44,1.31,0.81,0.81,0.56,0.25,0.06
246,NorthPark,13,26,18,250,Vegard_Tangen,15.913,3.7,0.57,0.52,0.74,1.43,0.26,3.35,0.26,1.57,0.57,2.35,0.65,1.7,0.04
247,UWPlatteville,25,35,14,251,Alex_Ranney,15.5517,4.45,0.66,0.93,1.07,1.59,0.62,3.28,0.59,1.28,0.9,2.07,0.45,1.62,0.03
248,UWPlatteville,25,35,14,252,Carter_Voelker,28.8966,10.21,1.45,2.21,1.21,3.41,1.93,7.41,1.1,2.14,2.48,3.69,0.76,2.93,0.14
249,UWPlatteville,25,35,14,253,Clay_Gerds,25.3793,7.9,0.31,1.03,1.1,3.31,0.97,5.83,0.38,2.14,1.38,5.97,1.69,4.28,1.14
250,UWPlatteville,25,35,14,254,Cole_Hake,2.2,0.5,0.1,0.1,0.2,0.1,0.2,0.6,0.1,0.6,0.2,0.4,0.1,0.3,0
251,UWPlatteville,25,35,14,255,Colin_Connelly,7.3333,2.29,0.38,0.62,0.43,0.71,0.48,1.81,0.24,0.62,0.62,1.33,0.29,1.05,0.1
252,UWPlatteville,25,35,14,256,Colin_Kramper,4.3333,0.6,0.07,0.13,0.27,0.27,0,0.67,0.27,0.47,0.07,0.6,0.07,0.53,0
253,UWPlatteville,25,35,14,257,Dan_Lowe,6.381,1.81,0.1,0.24,0.67,0.67,0.38,1.62,0.19,1.19,0.57,1.38,0.33,1.05,0.14
254,UWPlatteville,25,35,14,258,Drew_Gunnink,3.3077,0.38,0.08,0.15,0.08,0.08,0.15,0.85,0.08,0.38,0.15,0.46,0.08,0.38,0
255,UWPlatteville,25,35,14,259,Grayson_Knowlton,2,0.64,0.09,0.09,0.09,0.18,0.18,0.55,0.18,0.27,0.18,0.36,0.09,0.27,0
256,UWPlatteville,25,35,14,260,Harold_Fay,3.5333,1.67,0.2,0.27,0.4,0.6,0.27,1.4,0.07,0.27,0.33,0.47,0.07,0.4,0
257,UWPlatteville,25,35,14,261,Jake_Showalter,21.4643,6.64,0.93,1.29,1.04,2.21,1.29,4.75,0.64,2.43,1.57,2.39,0.71,1.68,0.18
258,UWPlatteville,25,35,14,262,Justin_Jarvensivu,2.7273,0.27,0,0.27,0.36,0.09,0.09,0.09,0.18,0.36,0.18,0.64,0.36,0.27,0
259,UWPlatteville,25,35,14,263,Justin_Stovall,8.3158,3.16,0.32,0.42,0.79,0.95,0.95,1.84,0.16,1.95,1.26,1.74,0.26,1.47,0.21
260,UWPlatteville,25,35,14,265,Nathan_Cokenour,2.5455,0.55,0,0.18,0.18,0.27,0,0.36,0,0.18,0.18,0.55,0.27,0.27,0.27
261,UWPlatteville,25,35,14,266,Quentin_Shields,20.5517,10.17,0.86,1.66,1.52,3.1,3.1,6.62,0.97,2.03,4,3.24,0.41,2.83,0.1
262,UWPlatteville,25,35,14,267,Robert_Duax,27,15.79,1.24,2.17,1.79,5.86,2.83,11.31,1.28,2.17,3.62,4.55,0.72,3.83,0.34
263,UWPlatteville,25,35,14,268,Tanner_Hudziak,2.2857,2.07,0.29,0.29,0.36,0.86,0.07,1,0,0.14,0.07,0.29,0,0.29,0
264,OlivetCollege,18,37,15,269,Aaron_Washington,8.52,3.84,1.08,0.32,0.56,1.32,0.12,4,0.4,0.4,0.28,0.52,0.16,0.36,0
265,OlivetCollege,18,37,15,270,Angus_Bennett,10.9643,2.32,0,0.32,0.32,1,0.32,2,0.43,2.21,0.5,2.5,1.21,1.29,0.14
266,OlivetCollege,18,37,15,271,Blake_Siersma,13.0357,2.89,0,0.21,0.64,1.07,0.75,1.71,0.36,2.54,1.21,2.93,1.46,1.46,0.39
267,OlivetCollege,18,37,15,272,Brent_Davis,4.1429,0.29,0,0.14,0.14,0.14,0,1,0.29,0.29,0,0.71,0.14,0.57,0
268,OlivetCollege,18,37,15,273,Chase_Brocker,15.1071,5.64,0.79,0.54,0.61,1.79,1.29,4.36,0.39,1.04,1.46,1.64,0.43,1.21,0.29
269,OlivetCollege,18,37,15,274,Delbert_Redfield,3.2941,0.71,0.24,0.35,0.59,0.24,0,1.41,0.06,0.18,0,0.41,0,0.41,0
270,OlivetCollege,18,37,15,275,Diangelo_Carlton,13.625,3.08,0.04,0.75,0.83,1.25,0.54,2.83,0.83,1.92,0.83,1.83,0.71,1.13,0.04
271,OlivetCollege,18,37,15,276,Eldridge_Mason,25.6071,11.29,1.71,0.71,1.11,3.89,1.79,9.46,0.93,1.93,2.46,3.82,1,2.82,0.18
272,OlivetCollege,18,37,15,277,Griffin_Lewis,6.7368,0.79,0.05,0.32,0.21,0.26,0.21,0.74,0.37,1.37,0.37,1.53,0.53,1,0.05
273,OlivetCollege,18,37,15,278,Jalen_Adams,34.2069,24.93,0.76,1.34,2.59,9.45,5.28,19.14,1.76,2.38,6.76,10.24,3.14,7.1,0.48
274,OlivetCollege,18,37,15,279,John_Mcadoo,24.1111,3.74,0.67,1.19,0.52,1.11,0.85,3.81,1.07,2.63,1.11,3.37,1,2.37,0.04
275,OlivetCollege,18,37,15,280,Kylen_Brown,4,0,0,0.6,1.4,0,0,0.4,0.2,0.4,0,0.4,0,0.4,0
276,OlivetCollege,18,37,15,281,Mike_Williams,7.625,0.75,0,0.25,1.25,0.25,0.25,1.63,0.38,1.5,0.25,2,1.25,0.75,0.13
277,OlivetCollege,18,37,15,282,Quintin_Way,4.2778,0.61,0.11,0.11,0.28,0.22,0.06,0.67,0.11,0.5,0.11,0.39,0.17,0.22,0
278,OlivetCollege,18,37,15,283,Sirafino_Davis,13.9565,2.17,0,0.22,0.74,0.78,0.61,1.83,0.39,2.52,0.87,3.09,1.57,1.52,1.13
279,Rose-Hulman,13,22,17,284,Charlie_Aimone,25,11.81,1.67,1.56,1.3,4.15,1.85,9,0.48,1.07,2.41,3.26,0.56,2.7,0.15
280,Rose-Hulman,13,22,17,285,David_Saadatnezhadi,2.6667,0.67,0,0,0,0.33,0,2,0.33,0,0,1,0.33,0.67,0
281,Rose-Hulman,13,22,17,286,Eli_Combs,13.2692,4.46,0.27,0.31,1,1.85,0.5,3.5,0.12,0.92,1,2.31,0.81,1.5,0.19
282,Rose-Hulman,13,22,17,287,Jacob_Back,7.1667,0.71,0,0.33,0.67,0.29,0.13,1.08,0.33,1.25,0.58,0.96,0.46,0.5,0.25
283,Rose-Hulman,13,22,17,288,John_Czarnecki,24.6296,10.33,0.22,0.81,1.19,3.96,2.19,6.52,0.22,1.85,3.04,4.89,1.37,3.52,1.07
284,Rose-Hulman,13,22,17,289,Joshua_Richey,2.3333,0.33,0,0.17,0,0.17,0,0.67,0,0.17,0,0.5,0.33,0.17,0
285,Rose-Hulman,13,22,17,290,JT_Whitaker,4.9091,1.32,0,0.14,0.23,0.5,0.32,0.77,0.09,0.77,0.68,0.68,0.32,0.36,0.18
286,Rose-Hulman,13,22,17,291,Kyle_Steckel,9.64,1.56,0.24,1.12,0.68,0.48,0.36,1.04,0.12,0.6,0.4,0.6,0,0.6,0
287,Rose-Hulman,13,22,17,292,Luke_Callahan,15.7273,8.64,0.09,0.36,1.45,3.36,1.82,5.27,0.64,1.55,2.73,4.36,1.45,2.91,0.73
288,Rose-Hulman,13,22,17,293,Michael_Lake,12.6154,2.92,0.35,0.81,0.77,0.85,0.88,1.77,0.27,1.04,1.04,1.35,0.31,1.04,0.08
289,Rose-Hulman,13,22,17,294,Nick_McGrail,20.1852,6.11,0.96,0.67,0.7,2.22,0.7,4.7,0.41,2.22,0.93,4.11,1.37,2.74,0.04
290,Rose-Hulman,13,22,17,295,Ryuji_Aoki,15.2963,9.74,1.81,0.85,1.41,3.04,1.85,7.3,0.26,1.26,1.93,1.33,0.15,1.19,0.04
291,Rose-Hulman,13,22,17,296,Stephen_Schueth,24.4444,5.67,1.04,2.11,0.93,1.74,1.15,4.78,0.56,1.93,1.44,2.7,0.67,2.04,0.07
292,Rose-Hulman,13,22,17,297,Taylor_Heil,3.5,1,0,0.25,0.25,0.25,0.5,0.75,0,0.25,0.5,1.5,0.5,1,0
293,Rose-Hulman,13,22,17,298,Trey_Sykes,3.9,1.65,0,0.35,0.2,0.55,0.55,1.1,0.05,0.7,0.95,0.7,0.2,0.5,0.1
294,GustavusAdolphus,19,27,19,299,Austin_Goetz,26.7083,2.5,0.17,2.42,1.04,0.92,0.5,2.79,0.88,1.29,0.75,2.42,0.92,1.5,0.08
295,GustavusAdolphus,19,27,19,300,Brandon_Snoberger,12.9474,4.84,0.16,0.84,0.79,2.05,0.58,3.84,0.47,1.58,1.16,2.05,0.95,1.11,0.11
296,GustavusAdolphus,19,27,19,301,Charlie_Krambeer,11.0526,2.26,0.63,0.47,0.58,0.79,0.05,1.84,0.58,0.95,0.11,1.63,0.37,1.26,0
297,GustavusAdolphus,19,27,19,302,CJ_Woda,9.2381,2.48,0.1,0.43,0.48,1,0.38,2.81,0.43,1.1,0.86,1.67,0.52,1.14,0.1
298,GustavusAdolphus,19,27,19,303,Jason_Faul,26.0833,10.13,0.08,2,1.13,4.5,1.04,7.88,0.96,2.79,1.29,5.08,1.79,3.29,0.17
299,GustavusAdolphus,19,27,19,304,Kelsey_Thomas,23.087,11.39,0.87,3.04,2.52,4.48,1.57,8.13,1.17,2.57,1.96,5.78,1,4.78,0.43
300,GustavusAdolphus,19,27,19,305,Leif_Engen,1.6667,0,0,0,0,0,0,0.33,0,0.33,0,0.33,0,0.33,0
301,GustavusAdolphus,19,27,19,306,Peter_Lundquist,6.1538,3,0.31,0.38,0.08,1.08,0.54,2.23,0.08,0.54,0.69,1.69,0.54,1.15,0.08
302,GustavusAdolphus,19,27,19,307,Riley_Sharbono,30.0417,14.21,1.46,1.04,1.83,4.63,3.5,10.21,0.5,1.38,4.33,4.67,0.67,4,0.29
303,GustavusAdolphus,19,27,19,308,Sam_DuBois,8.5294,1.24,0.12,0.76,0.47,0.53,0.06,1.12,0.06,0.59,0.24,0.65,0.12,0.53,0
304,GustavusAdolphus,19,27,19,309,Schuyler_Thompson,9.3125,2.31,0.06,0.56,0.75,1.06,0.13,2.69,0.06,1,0.31,1.56,0.31,1.25,0.06
305,GustavusAdolphus,19,27,19,310,Spencer_Tollefson,16.625,4.13,0.5,1.29,1.04,1.42,0.79,3.63,0.58,1.17,1.38,2,0.29,1.71,0.04
306,GustavusAdolphus,19,27,19,311,Vannis_Smith,21.4583,8.42,0.92,1.33,1.71,3.38,0.75,8.58,0.58,1.96,0.92,2.17,0.67,1.5,0.21
307,GustavusAdolphus,19,27,19,312,Zach_Bloemker,15.8095,6.05,1.19,1.33,1.76,2.05,0.76,5.33,0.33,1.24,1.19,1,0.24,0.76,0
308,IllinoisTech,11.47368421,24.31578947,20,313,Anthony_Mosley,35.2,14.93,0.47,4.27,2.93,5.6,3.27,12.67,1.8,2.13,4.6,3.2,0.53,2.67,0.53
309,IllinoisTech,11.47368421,24.31578947,20,314,Brett_Ott,3.9,0.7,0.2,0.5,0.3,0.2,0.1,1.2,0.2,0.5,0.2,0.4,0.3,0.1,0.1
310,IllinoisTech,11.47368421,24.31578947,20,315,Brinden_Carlson,2.2,0,0,0.2,0,0,0,1.2,0,0,0,0,0,0,0
311,IllinoisTech,11.47368421,24.31578947,20,316,Calvin_Schmitz,10.1111,2.11,0.28,0.39,0.56,0.83,0.17,2.61,0.22,0.72,0.28,0.94,0.39,0.56,0.06
312,IllinoisTech,11.47368421,24.31578947,20,317,Capriest_Gardner,15.4706,3.47,0.06,0.53,0.71,1.47,0.47,4,0.82,1.94,0.76,2.82,0.94,1.88,0.18
313,IllinoisTech,11.47368421,24.31578947,20,318,Jake_Digiorgio,33.8421,13.11,0.05,0.63,2.26,5.32,2.42,11.42,1.42,2,4.05,10.95,4.84,6.11,0.63
314,IllinoisTech,11.47368421,24.31578947,20,319,Jake_Bruns,18.4737,6.58,1.74,1.21,1.32,2.21,0.42,4.95,0.58,1.42,0.47,1.53,0.26,1.26,0
315,IllinoisTech,11.47368421,24.31578947,20,320,Jason_Morris,3,0,0,0.25,0.5,0,0,0.5,0,0,0,0.25,0,0.25,0
316,IllinoisTech,11.47368421,24.31578947,20,321,Kohl_Linder,9.1053,1,0,0.21,0.47,0.37,0.26,0.89,0.11,2,0.37,1.58,0.74,0.84,0.21
317,IllinoisTech,11.47368421,24.31578947,20,322,Malik_Howze,33.25,14.69,1.88,3.19,2.69,4.13,4.56,12,0.69,1.81,5.44,4.13,0.5,3.63,0.13
318,IllinoisTech,11.47368421,24.31578947,20,323,Max_Hisatake,26.8947,11.47,0,1.21,2.84,4.37,2.74,8.53,0.95,3.79,5.05,9.95,3.42,6.53,2
319,IllinoisTech,11.47368421,24.31578947,20,324,Parker_Joncus,28.4211,5.95,1.32,1.16,0.74,1.95,0.74,4.89,0.74,0.89,1.11,2.68,0.53,2.16,0.11
320,IllinoisTech,11.47368421,24.31578947,20,325,Quentin_Forberg,5.5,0.83,0.08,0.08,0.17,0.25,0.25,0.83,0.25,0.67,0.33,0.58,0.08,0.5,0
