team_name,number_of_games,team_poss,opp_poss,off_adjustment_factor,def_adjustment_factor,Type,Format,element_name,percentage_of_time,type_ppp,average_ppp,field_goal_percentage,Adjusted_Overall_Average_PPP,Adjusted_Type_PPP
Albion,23,90.30434783,86.52173913,1.096140749,1.040381498,Strength,Offensive,Offensive Rebounds (put backs),0.075,1.213,0.87,0.628,0.953642452,1.329618729
Albion,23,90.30434783,86.52173913,1.096140749,1.040381498,Strength,Offensive,Cut,0.066,1.087,0.87,0.566,0.953642452,1.191504994
Albion,23,90.30434783,86.52173913,1.096140749,1.040381498,Strength,Offensive,Spot Up,0.315,0.914,0.87,0.36,0.953642452,1.001872645
Albion,23,90.30434783,86.52173913,1.096140749,1.040381498,Strength,Offensive,Transition,0.136,1.028,0.87,0.456,0.953642452,1.12683269
Albion,23,90.30434783,86.52173913,1.096140749,1.040381498,Weakness,Offensive,Post-Up,0.154,0.834,0.87,0.491,0.953642452,0.914181385
Albion,23,90.30434783,86.52173913,1.096140749,1.040381498,Weakness,Offensive,Miscellaneous,0.082,0.404,0.87,0.28,0.953642452,0.442840863
Albion,23,90.30434783,86.52173913,1.096140749,1.040381498,Weakness,Offensive,P&R Roll Man,0.014,0.379,0.87,0.154,0.953642452,0.415437344
Albion,23,90.30434783,86.52173913,1.096140749,1.040381498,Weakness,Offensive,Hand Off,0.017,0.833,0.87,0.393,0.953642452,0.913085244
Albion,23,90.30434783,86.52173913,1.096140749,1.040381498,Weakness,Offensive,Isolation,0.043,0.596,0.87,0.328,0.953642452,0.653299886
Albion,23,90.30434783,86.52173913,1.096140749,1.040381498,Weakness,Offensive,Off Screen,0.043,0.711,0.87,0.321,0.953642452,0.779356073
Albion,23,90.30434783,86.52173913,1.096140749,1.040381498,Weakness,Offensive,P&R Ball Handler,0.054,0.768,0.87,0.352,0.953642452,0.841836095
Carthage,25,80.44,80.44,0.976404392,0.967251566,Strength,Offensive,Cut,0.069,1.072,0.926,0.58,0.904150467,1.046705508
Carthage,25,80.44,80.44,0.976404392,0.967251566,Strength,Offensive,Transition,0.103,1.168,0.926,0.539,0.904150467,1.14044033
Carthage,25,80.44,80.44,0.976404392,0.967251566,Strength,Offensive,Post-Up,0.133,0.948,0.926,0.522,0.904150467,0.925631364
Carthage,25,80.44,80.44,0.976404392,0.967251566,Strength,Offensive,Spot Up,0.245,0.988,0.926,0.374,0.904150467,0.964687539
Carthage,25,80.44,80.44,0.976404392,0.967251566,Strength,Offensive,Offensive Rebounds (put backs),0.062,1.136,0.926,0.578,0.904150467,1.109195389
Carthage,25,80.44,80.44,0.976404392,0.967251566,Strength,Offensive,P&R Ball Handler,0.094,0.942,0.926,0.489,0.904150467,0.919772937
Carthage,25,80.44,80.44,0.976404392,0.967251566,Weakness,Offensive,Off Screen,0.095,0.838,0.926,0.368,0.904150467,0.81822688
Carthage,25,80.44,80.44,0.976404392,0.967251566,Weakness,Offensive,Hand Off,0.01,0.7,0.926,0.294,0.904150467,0.683483074
Carthage,25,80.44,80.44,0.976404392,0.967251566,Weakness,Offensive,P&R Roll Man,0.028,0.772,0.926,0.37,0.904150467,0.753784191
Carthage,25,80.44,80.44,0.976404392,0.967251566,Weakness,Offensive,Isolation,0.079,0.804,0.926,0.36,0.904150467,0.785029131
Carthage,25,80.44,80.44,0.976404392,0.967251566,Weakness,Offensive,Miscellaneous,0.081,0.399,0.926,0.3,0.904150467,0.389585352
Chicago,25,82.4,80.84,1.000195449,0.97206137,Strength,Offensive,Off Screen,0.137,1.025,0.892,0.398,0.892174341,1.025200335
Chicago,25,82.4,80.84,1.000195449,0.97206137,Strength,Offensive,Spot Up,0.217,0.913,0.892,0.346,0.892174341,0.913178445
Chicago,25,82.4,80.84,1.000195449,0.97206137,Strength,Offensive,Offensive Rebounds (put backs),0.071,1.041,0.892,0.55,0.892174341,1.041203462
Chicago,25,82.4,80.84,1.000195449,0.97206137,Strength,Offensive,P&R Roll Man,0.029,1.017,0.892,0.522,0.892174341,1.017198772
Chicago,25,82.4,80.84,1.000195449,0.97206137,Strength,Offensive,Cut,0.085,1.091,0.892,0.546,0.892174341,1.091213235
Chicago,25,82.4,80.84,1.000195449,0.97206137,Strength,Offensive,Transition,0.124,0.926,0.892,0.462,0.892174341,0.926180986
Chicago,25,82.4,80.84,1.000195449,0.97206137,Weakness,Offensive,Post-Up,0.083,0.837,0.892,0.472,0.892174341,0.837163591
Chicago,25,82.4,80.84,1.000195449,0.97206137,Weakness,Offensive,Isolation,0.026,0.685,0.892,0.275,0.892174341,0.685133883
Chicago,25,82.4,80.84,1.000195449,0.97206137,Weakness,Offensive,Miscellaneous,0.089,0.443,0.892,0.538,0.892174341,0.443086584
Chicago,25,82.4,80.84,1.000195449,0.97206137,Weakness,Offensive,P&R Ball Handler,0.067,0.848,0.892,0.446,0.892174341,0.848165741
Chicago,25,82.4,80.84,1.000195449,0.97206137,Weakness,Offensive,Hand Off,0.071,0.815,0.892,0.301,0.892174341,0.815159291
CornellCollege,14,80.71428571,81.42857143,0.979733753,0.979138653,Strength,Offensive,Cut,0.073,1.241,0.819,0.677,0.802401944,1.215849587
CornellCollege,14,80.71428571,81.42857143,0.979733753,0.979138653,Strength,Offensive,Post-Up,0.105,0.941,0.819,0.506,0.802401944,0.921929462
CornellCollege,14,80.71428571,81.42857143,0.979733753,0.979138653,Strength,Offensive,Transition,0.176,0.839,0.819,0.469,0.802401944,0.821996619
CornellCollege,14,80.71428571,81.42857143,0.979733753,0.979138653,Strength,Offensive,Spot Up,0.237,0.825,0.819,0.323,0.802401944,0.808280346
CornellCollege,14,80.71428571,81.42857143,0.979733753,0.979138653,Strength,Offensive,Offensive Rebounds (put backs),0.064,1.153,0.819,0.586,0.802401944,1.129633017
CornellCollege,14,80.71428571,81.42857143,0.979733753,0.979138653,Strength,Offensive,Hand Off,0.018,0.85,0.819,0.294,0.802401944,0.83277369
CornellCollege,14,80.71428571,81.42857143,0.979733753,0.979138653,Weakness,Offensive,Miscellaneous,0.096,0.422,0.819,0.375,0.802401944,0.413447644
CornellCollege,14,80.71428571,81.42857143,0.979733753,0.979138653,Weakness,Offensive,P&R Ball Handler,0.127,0.618,0.819,0.35,0.802401944,0.605475459
CornellCollege,14,80.71428571,81.42857143,0.979733753,0.979138653,Weakness,Offensive,P&R Roll Man,0.044,0.76,0.819,0.371,0.802401944,0.744597652
CornellCollege,14,80.71428571,81.42857143,0.979733753,0.979138653,Weakness,Offensive,Isolation,0.03,0.765,0.819,0.318,0.802401944,0.749496321
CornellCollege,14,80.71428571,81.42857143,0.979733753,0.979138653,Weakness,Offensive,Off Screen,0.028,0.75,0.819,0.37,0.802401944,0.734800315
DominicanIL,25,80.68,83.04,0.979317583,0.998515292,Strength,Offensive,Cut,0.059,0.89,0.816,0.448,0.799123148,0.871592649
DominicanIL,25,80.68,83.04,0.979317583,0.998515292,Strength,Offensive,P&R Ball Handler,0.126,0.886,0.816,0.466,0.799123148,0.867675379
DominicanIL,25,80.68,83.04,0.979317583,0.998515292,Strength,Offensive,Transition,0.194,0.87,0.816,0.446,0.799123148,0.852006297
DominicanIL,25,80.68,83.04,0.979317583,0.998515292,Strength,Offensive,Spot Up,0.245,0.859,0.816,0.354,0.799123148,0.841233804
DominicanIL,25,80.68,83.04,0.979317583,0.998515292,Strength,Offensive,Hand Off,0.031,1,0.816,0.447,0.799123148,0.979317583
DominicanIL,25,80.68,83.04,0.979317583,0.998515292,Strength,Offensive,Offensive Rebounds (put backs),0.04,1.025,0.816,0.523,0.799123148,1.003800523
DominicanIL,25,80.68,83.04,0.979317583,0.998515292,Weakness,Offensive,Miscellaneous,0.066,0.346,0.816,0.467,0.799123148,0.338843884
DominicanIL,25,80.68,83.04,0.979317583,0.998515292,Weakness,Offensive,Post-Up,0.091,0.781,0.816,0.387,0.799123148,0.764847032
DominicanIL,25,80.68,83.04,0.979317583,0.998515292,Weakness,Offensive,Isolation,0.055,0.764,0.816,0.376,0.799123148,0.748198633
DominicanIL,25,80.68,83.04,0.979317583,0.998515292,Weakness,Offensive,Off Screen,0.052,0.673,0.816,0.281,0.799123148,0.659080733
DominicanIL,25,80.68,83.04,0.979317583,0.998515292,Weakness,Offensive,P&R Roll Man,0.042,0.714,0.816,0.314,0.799123148,0.699232754
EastWest,17,92.70588235,93.52941176,1.125291282,1.124645326,Strength,Offensive,Hand Off,0.01,0.867,0.735,0.364,0.827089092,0.975627541
EastWest,17,92.70588235,93.52941176,1.125291282,1.124645326,Strength,Offensive,P&R Roll Man,0.018,0.759,0.735,0.3,0.827089092,0.854096083
EastWest,17,92.70588235,93.52941176,1.125291282,1.124645326,Strength,Offensive,Off Screen,0.027,0.907,0.735,0.441,0.827089092,1.020639193
EastWest,17,92.70588235,93.52941176,1.125291282,1.124645326,Strength,Offensive,Cut,0.071,0.955,0.735,0.511,0.827089092,1.074653174
EastWest,17,92.70588235,93.52941176,1.125291282,1.124645326,Strength,Offensive,Offensive Rebounds (put backs),0.082,0.769,0.735,0.406,0.827089092,0.865348996
EastWest,17,92.70588235,93.52941176,1.125291282,1.124645326,Strength,Offensive,Transition,0.206,0.911,0.735,0.443,0.827089092,1.025140358
EastWest,17,92.70588235,93.52941176,1.125291282,1.124645326,Strength,Offensive,Spot Up,0.214,0.78,0.735,0.316,0.827089092,0.8777272
EastWest,17,92.70588235,93.52941176,1.125291282,1.124645326,Weakness,Offensive,Miscellaneous,0.101,0.377,0.735,0.273,0.827089092,0.424234813
EastWest,17,92.70588235,93.52941176,1.125291282,1.124645326,Weakness,Offensive,P&R Ball Handler,0.072,0.482,0.735,0.264,0.827089092,0.542390398
EastWest,17,92.70588235,93.52941176,1.125291282,1.124645326,Weakness,Offensive,Post-Up,0.091,0.708,0.735,0.41,0.827089092,0.796706228
EastWest,17,92.70588235,93.52941176,1.125291282,1.124645326,Weakness,Offensive,Isolation,0.107,0.607,0.735,0.279,0.827089092,0.683051808
Fontbonne,15,99.93333333,102.6666667,1.213020209,1.234516337,Strength,Offensive,Cut,0.105,0.987,0.882,0.521,1.069883824,1.197250946
Fontbonne,15,99.93333333,102.6666667,1.213020209,1.234516337,Strength,Offensive,Offensive Rebounds (put backs),0.065,1.041,0.882,0.507,1.069883824,1.262754038
Fontbonne,15,99.93333333,102.6666667,1.213020209,1.234516337,Strength,Offensive,Off Screen,0.064,1.156,0.882,0.512,1.069883824,1.402251362
Fontbonne,15,99.93333333,102.6666667,1.213020209,1.234516337,Strength,Offensive,Hand Off,0.011,1.235,0.882,0.533,1.069883824,1.498079958
Fontbonne,15,99.93333333,102.6666667,1.213020209,1.234516337,Strength,Offensive,Transition,0.273,1.017,0.882,0.566,1.069883824,1.233641553
Fontbonne,15,99.93333333,102.6666667,1.213020209,1.234516337,Strength,Offensive,Spot Up,0.207,0.926,0.882,0.367,1.069883824,1.123256714
Fontbonne,15,99.93333333,102.6666667,1.213020209,1.234516337,Weakness,Offensive,Miscellaneous,0.133,0.34,0.882,0.455,1.069883824,0.412426871
Fontbonne,15,99.93333333,102.6666667,1.213020209,1.234516337,Weakness,Offensive,Post-Up,0.065,0.857,0.882,0.478,1.069883824,1.039558319
Fontbonne,15,99.93333333,102.6666667,1.213020209,1.234516337,Weakness,Offensive,Isolation,0.056,0.619,0.882,0.281,1.069883824,0.750859509
Fontbonne,15,99.93333333,102.6666667,1.213020209,1.234516337,Weakness,Offensive,P&R Ball Handler,0.015,0.87,0.882,0.4,1.069883824,1.055327582
Fontbonne,15,99.93333333,102.6666667,1.213020209,1.234516337,Weakness,Offensive,P&R Roll Man,0.004,0.833,0.882,0.333,1.069883824,1.010445834
Knox,17,79,81.64705882,0.958925249,0.981765857,Strength,Offensive,Post-Up,0.112,0.813,0.792,0.443,0.759468797,0.779606227
Knox,17,79,81.64705882,0.958925249,0.981765857,Strength,Offensive,Cut,0.077,1.107,0.792,0.573,0.759468797,1.061530251
Knox,17,79,81.64705882,0.958925249,0.981765857,Strength,Offensive,Offensive Rebounds (put backs),0.051,1.074,0.792,0.6,0.759468797,1.029885717
Knox,17,79,81.64705882,0.958925249,0.981765857,Strength,Offensive,Spot Up,0.189,0.898,0.792,0.362,0.759468797,0.861114874
Knox,17,79,81.64705882,0.958925249,0.981765857,Strength,Offensive,Transition,0.148,0.94,0.792,0.464,0.759468797,0.901389734
Knox,17,79,81.64705882,0.958925249,0.981765857,Strength,Offensive,Off Screen,0.09,0.81,0.792,0.34,0.759468797,0.776729452
Knox,17,79,81.64705882,0.958925249,0.981765857,Weakness,Offensive,Miscellaneous,0.089,0.202,0.792,0.385,0.759468797,0.1937029
Knox,17,79,81.64705882,0.958925249,0.981765857,Weakness,Offensive,P&R Ball Handler,0.127,0.612,0.792,0.336,0.759468797,0.586862252
Knox,17,79,81.64705882,0.958925249,0.981765857,Weakness,Offensive,Hand Off,0.045,0.65,0.792,0.356,0.759468797,0.623301412
Knox,17,79,81.64705882,0.958925249,0.981765857,Weakness,Offensive,Isolation,0.041,0.782,0.792,0.4,0.759468797,0.749879545
Knox,17,79,81.64705882,0.958925249,0.981765857,Weakness,Offensive,P&R Roll Man,0.033,0.705,0.792,0.324,0.759468797,0.676042301
MoodyBible,5,82.8,91.4,1.005050767,1.099040193,Strength,Offensive,Post-Up,0.046,0.737,0.734,0.462,0.737707263,0.740722415
MoodyBible,5,82.8,91.4,1.005050767,1.099040193,Strength,Offensive,Offensive Rebounds (put backs),0.036,1,0.734,0.5,0.737707263,1.005050767
MoodyBible,5,82.8,91.4,1.005050767,1.099040193,Strength,Offensive,P&R Roll Man,0.01,0.75,0.734,0.25,0.737707263,0.753788075
MoodyBible,5,82.8,91.4,1.005050767,1.099040193,Strength,Offensive,Spot Up,0.263,0.89,0.734,0.379,0.737707263,0.894495183
MoodyBible,5,82.8,91.4,1.005050767,1.099040193,Strength,Offensive,Hand Off,0.094,0.923,0.734,0.344,0.737707263,0.927661858
MoodyBible,5,82.8,91.4,1.005050767,1.099040193,Strength,Offensive,Off Screen,0.087,1.111,0.734,0.5,0.737707263,1.116611402
MoodyBible,5,82.8,91.4,1.005050767,1.099040193,Weakness,Offensive,P&R Ball Handler,0.068,0.607,0.734,0.3,0.737707263,0.610065816
MoodyBible,5,82.8,91.4,1.005050767,1.099040193,Weakness,Offensive,Miscellaneous,0.094,0.256,0.734,0.75,0.737707263,0.257292996
MoodyBible,5,82.8,91.4,1.005050767,1.099040193,Weakness,Offensive,Transition,0.128,0.566,0.734,0.289,0.737707263,0.568858734
MoodyBible,5,82.8,91.4,1.005050767,1.099040193,Weakness,Offensive,Isolation,0.101,0.524,0.734,0.3,0.737707263,0.526646602
MoodyBible,5,82.8,91.4,1.005050767,1.099040193,Weakness,Offensive,Cut,0.072,0.667,0.734,0.321,0.737707263,0.670368862
MSOE,26,80.34615385,79.96153846,0.97526526,0.961498301,Strength,Offensive,P&R Roll Man,0.04,1,0.903,0.493,0.88066453,0.97526526
MSOE,26,80.34615385,79.96153846,0.97526526,0.961498301,Strength,Offensive,Transition,0.107,0.924,0.903,0.507,0.88066453,0.9011451
MSOE,26,80.34615385,79.96153846,0.97526526,0.961498301,Strength,Offensive,Off Screen,0.079,0.91,0.903,0.403,0.88066453,0.887491387
MSOE,26,80.34615385,79.96153846,0.97526526,0.961498301,Strength,Offensive,Hand Off,0.009,0.947,0.903,0.5,0.88066453,0.923576201
MSOE,26,80.34615385,79.96153846,0.97526526,0.961498301,Strength,Offensive,Offensive Rebounds (put backs),0.035,1.284,0.903,0.739,0.88066453,1.252240594
MSOE,26,80.34615385,79.96153846,0.97526526,0.961498301,Strength,Offensive,Spot Up,0.28,0.92,0.903,0.391,0.88066453,0.897244039
MSOE,26,80.34615385,79.96153846,0.97526526,0.961498301,Strength,Offensive,Cut,0.114,1.097,0.903,0.597,0.88066453,1.06986599
MSOE,26,80.34615385,79.96153846,0.97526526,0.961498301,Weakness,Offensive,Isolation,0.043,0.697,0.903,0.394,0.88066453,0.679759886
MSOE,26,80.34615385,79.96153846,0.97526526,0.961498301,Weakness,Offensive,Miscellaneous,0.085,0.567,0.903,0.238,0.88066453,0.552975402
MSOE,26,80.34615385,79.96153846,0.97526526,0.961498301,Weakness,Offensive,P&R Ball Handler,0.114,0.828,0.903,0.421,0.88066453,0.807519635
MSOE,26,80.34615385,79.96153846,0.97526526,0.961498301,Weakness,Offensive,Post-Up,0.093,0.892,0.903,0.518,0.88066453,0.869936612
Roosevelt,34,73,74.17647059,0.886095483,0.891935696,Strength,Offensive,Transition,0.147,1.14,0.945,0.551,0.837360231,1.010148851
Roosevelt,34,73,74.17647059,0.886095483,0.891935696,Strength,Offensive,Off Screen,0.082,1.039,0.945,0.419,0.837360231,0.920653207
Roosevelt,34,73,74.17647059,0.886095483,0.891935696,Strength,Offensive,Offensive Rebounds (put backs),0.043,1.093,0.945,0.584,0.837360231,0.968502363
Roosevelt,34,73,74.17647059,0.886095483,0.891935696,Strength,Offensive,Spot Up,0.223,1.047,0.945,0.406,0.837360231,0.927741971
Roosevelt,34,73,74.17647059,0.886095483,0.891935696,Strength,Offensive,P&R Roll Man,0.035,1.195,0.945,0.548,0.837360231,1.058884102
Roosevelt,34,73,74.17647059,0.886095483,0.891935696,Strength,Offensive,Cut,0.085,1.147,0.945,0.631,0.837360231,1.016351519
Roosevelt,34,73,74.17647059,0.886095483,0.891935696,Weakness,Offensive,Isolation,0.053,0.742,0.945,0.364,0.837360231,0.657482848
Roosevelt,34,73,74.17647059,0.886095483,0.891935696,Weakness,Offensive,Miscellaneous,0.104,0.585,0.945,0.222,0.837360231,0.518365858
Roosevelt,34,73,74.17647059,0.886095483,0.891935696,Weakness,Offensive,P&R Ball Handler,0.097,0.763,0.945,0.365,0.837360231,0.676090854
Roosevelt,34,73,74.17647059,0.886095483,0.891935696,Weakness,Offensive,Hand Off,0.033,0.671,0.945,0.297,0.837360231,0.594570069
Roosevelt,34,73,74.17647059,0.886095483,0.891935696,Weakness,Offensive,Post-Up,0.097,0.772,0.945,0.457,0.837360231,0.684065713
Wabash,26,80.11538462,79.26923077,0.972464115,0.95317364,Strength,Offensive,Transition,0.106,0.909,0.885,0.423,0.860630742,0.883969881
Wabash,26,80.11538462,79.26923077,0.972464115,0.95317364,Strength,Offensive,Post-Up,0.108,0.964,0.885,0.503,0.860630742,0.937455407
Wabash,26,80.11538462,79.26923077,0.972464115,0.95317364,Strength,Offensive,Spot Up,0.238,0.956,0.885,0.364,0.860630742,0.929675694
Wabash,26,80.11538462,79.26923077,0.972464115,0.95317364,Strength,Offensive,P&R Roll Man,0.038,0.975,0.885,0.532,0.860630742,0.948152512
Wabash,26,80.11538462,79.26923077,0.972464115,0.95317364,Strength,Offensive,Hand Off,0.04,0.952,0.885,0.412,0.860630742,0.925785837
Wabash,26,80.11538462,79.26923077,0.972464115,0.95317364,Strength,Offensive,Cut,0.05,1.124,0.885,0.6,0.860630742,1.093049665
Wabash,26,80.11538462,79.26923077,0.972464115,0.95317364,Strength,Offensive,Offensive Rebounds (put backs),0.06,1,0.885,0.529,0.860630742,0.972464115
Wabash,26,80.11538462,79.26923077,0.972464115,0.95317364,Weakness,Offensive,Off Screen,0.048,0.87,0.885,0.33,0.860630742,0.84604378
Wabash,26,80.11538462,79.26923077,0.972464115,0.95317364,Weakness,Offensive,Miscellaneous,0.075,0.58,0.885,0.308,0.860630742,0.564029187
Wabash,26,80.11538462,79.26923077,0.972464115,0.95317364,Weakness,Offensive,P&R Ball Handler,0.184,0.76,0.885,0.304,0.860630742,0.739072727
Wabash,26,80.11538462,79.26923077,0.972464115,0.95317364,Weakness,Offensive,Isolation,0.052,0.759,0.885,0.333,0.860630742,0.738100263
WheatonIL,26,81.07692308,81.92307692,0.984135552,0.985084839,Strength,Offensive,Cut,0.098,1.32,0.989,0.681,0.973310061,1.299058929
WheatonIL,26,81.07692308,81.92307692,0.984135552,0.985084839,Strength,Offensive,Offensive Rebounds (put backs),0.062,1.185,0.989,0.628,0.973310061,1.166200629
WheatonIL,26,81.07692308,81.92307692,0.984135552,0.985084839,Strength,Offensive,Hand Off,0.047,1.01,0.989,0.407,0.973310061,0.993976908
WheatonIL,26,81.07692308,81.92307692,0.984135552,0.985084839,Strength,Offensive,Transition,0.148,1.167,0.989,0.573,0.973310061,1.148486189
WheatonIL,26,81.07692308,81.92307692,0.984135552,0.985084839,Strength,Offensive,Off Screen,0.133,1.054,0.989,0.42,0.973310061,1.037278872
WheatonIL,26,81.07692308,81.92307692,0.984135552,0.985084839,Weakness,Offensive,P&R Roll Man,0.01,0.727,0.989,0.35,0.973310061,0.715466546
WheatonIL,26,81.07692308,81.92307692,0.984135552,0.985084839,Weakness,Offensive,Miscellaneous,0.099,0.651,0.989,0.458,0.973310061,0.640672244
WheatonIL,26,81.07692308,81.92307692,0.984135552,0.985084839,Weakness,Offensive,P&R Ball Handler,0.042,0.674,0.989,0.273,0.973310061,0.663307362
WheatonIL,26,81.07692308,81.92307692,0.984135552,0.985084839,Weakness,Offensive,Post-Up,0.043,0.889,0.989,0.507,0.973310061,0.874896506
WheatonIL,26,81.07692308,81.92307692,0.984135552,0.985084839,Weakness,Offensive,Isolation,0.087,0.875,0.989,0.418,0.973310061,0.861118608
WheatonIL,26,81.07692308,81.92307692,0.984135552,0.985084839,Weakness,Offensive,Spot Up,0.231,0.918,0.989,0.385,0.973310061,0.903436437
Kalamazoo,25,80.08,82.6,0.972034606,0.993224507,Strength,Offensive,Hand Off,0.012,0.958,0.805,0.5,0.782487858,0.931209153
Kalamazoo,25,80.08,82.6,0.972034606,0.993224507,Strength,Offensive,Spot Up,0.29,0.821,0.805,0.348,0.782487858,0.798040412
Kalamazoo,25,80.08,82.6,0.972034606,0.993224507,Strength,Offensive,Transition,0.157,0.975,0.805,0.521,0.782487858,0.947733741
Kalamazoo,25,80.08,82.6,0.972034606,0.993224507,Strength,Offensive,Post-Up,0.105,0.957,0.805,0.606,0.782487858,0.930237118
Kalamazoo,25,80.08,82.6,0.972034606,0.993224507,Strength,Offensive,Cut,0.077,0.961,0.805,0.549,0.782487858,0.934125256
Kalamazoo,25,80.08,82.6,0.972034606,0.993224507,Strength,Offensive,Offensive Rebounds (put backs),0.053,0.943,0.805,0.474,0.782487858,0.916628633
Kalamazoo,25,80.08,82.6,0.972034606,0.993224507,Strength,Offensive,P&R Roll Man,0.019,1.077,0.805,0.538,0.782487858,1.046881271
Kalamazoo,25,80.08,82.6,0.972034606,0.993224507,Weakness,Offensive,P&R Ball Handler,0.112,0.778,0.805,0.389,0.782487858,0.756242923
Kalamazoo,25,80.08,82.6,0.972034606,0.993224507,Weakness,Offensive,Off Screen,0.041,0.711,0.805,0.294,0.782487858,0.691116605
Kalamazoo,25,80.08,82.6,0.972034606,0.993224507,Weakness,Offensive,Isolation,0.032,0.578,0.805,0.432,0.782487858,0.561836002
Kalamazoo,25,80.08,82.6,0.972034606,0.993224507,Weakness,Offensive,Miscellaneous,0.101,0.218,0.805,0.294,0.782487858,0.211903544
NorthPark,25,78.6,80.88,0.954069931,0.972542351,Strength,Offensive,Off Screen,0.088,0.936,0.831,0.379,0.792832113,0.893009455
NorthPark,25,78.6,80.88,0.954069931,0.972542351,Strength,Offensive,Cut,0.08,1.076,0.831,0.555,0.792832113,1.026579246
NorthPark,25,78.6,80.88,0.954069931,0.972542351,Strength,Offensive,Transition,0.147,1.014,0.831,0.471,0.792832113,0.96742691
NorthPark,25,78.6,80.88,0.954069931,0.972542351,Strength,Offensive,Spot Up,0.28,0.898,0.831,0.346,0.792832113,0.856754798
NorthPark,25,78.6,80.88,0.954069931,0.972542351,Weakness,Offensive,P&R Ball Handler,0.097,0.686,0.831,0.35,0.792832113,0.654491973
NorthPark,25,78.6,80.88,0.954069931,0.972542351,Weakness,Offensive,Isolation,0.112,0.801,0.831,0.339,0.792832113,0.764210015
NorthPark,25,78.6,80.88,0.954069931,0.972542351,Weakness,Offensive,Offensive Rebounds (put backs),0.033,0.646,0.831,0.354,0.792832113,0.616329175
NorthPark,25,78.6,80.88,0.954069931,0.972542351,Weakness,Offensive,P&R Roll Man,0.03,0.724,0.831,0.308,0.792832113,0.69074663
NorthPark,25,78.6,80.88,0.954069931,0.972542351,Weakness,Offensive,Post-Up,0.028,0.745,0.831,0.455,0.792832113,0.710782099
NorthPark,25,78.6,80.88,0.954069931,0.972542351,Weakness,Offensive,Hand Off,0.024,0.667,0.831,0.286,0.792832113,0.636364644
NorthPark,25,78.6,80.88,0.954069931,0.972542351,Weakness,Offensive,Miscellaneous,0.08,0.312,0.831,0.31,0.792832113,0.297669818
UWPlatteville,29,76.31034483,77.24137931,0.926277423,0.92878972,Strength,Offensive,Offensive Rebounds (put backs),0.065,1.16,1,0.596,0.926277423,1.074481811
UWPlatteville,29,76.31034483,77.24137931,0.926277423,0.92878972,Strength,Offensive,Cut,0.081,1.244,1,0.645,0.926277423,1.152289114
UWPlatteville,29,76.31034483,77.24137931,0.926277423,0.92878972,Strength,Offensive,Transition,0.143,1.187,1,0.583,0.926277423,1.099491301
UWPlatteville,29,76.31034483,77.24137931,0.926277423,0.92878972,Strength,Offensive,Spot Up,0.249,1.1,1,0.425,0.926277423,1.018905165
UWPlatteville,29,76.31034483,77.24137931,0.926277423,0.92878972,Strength,Offensive,Hand Off,0.022,1.25,1,0.5,0.926277423,1.157846779
UWPlatteville,29,76.31034483,77.24137931,0.926277423,0.92878972,Weakness,Offensive,Isolation,0.075,0.88,1,0.403,0.926277423,0.815124132
UWPlatteville,29,76.31034483,77.24137931,0.926277423,0.92878972,Weakness,Offensive,Post-Up,0.1,0.86,1,0.486,0.926277423,0.796598584
UWPlatteville,29,76.31034483,77.24137931,0.926277423,0.92878972,Weakness,Offensive,P&R Ball Handler,0.091,0.905,1,0.507,0.926277423,0.838281068
UWPlatteville,29,76.31034483,77.24137931,0.926277423,0.92878972,Weakness,Offensive,Miscellaneous,0.098,0.571,1,0.5,0.926277423,0.528904409
UWPlatteville,29,76.31034483,77.24137931,0.926277423,0.92878972,Weakness,Offensive,P&R Roll Man,0.017,0.737,1,0.382,0.926277423,0.682666461
UWPlatteville,29,76.31034483,77.24137931,0.926277423,0.92878972,Weakness,Offensive,Off Screen,0.058,0.844,1,0.38,0.926277423,0.781778145
OlivetCollege,28,93.82142857,92.21428571,1.13883211,1.10883158,Strength,Offensive,Post-Up,0.034,0.944,0.879,0.521,1.001033425,1.075057512
OlivetCollege,28,93.82142857,92.21428571,1.13883211,1.10883158,Strength,Offensive,Cut,0.073,1.016,0.879,0.53,1.001033425,1.157053424
OlivetCollege,28,93.82142857,92.21428571,1.13883211,1.10883158,Strength,Offensive,Offensive Rebounds (put backs),0.073,1.036,0.879,0.521,1.001033425,1.179830066
OlivetCollege,28,93.82142857,92.21428571,1.13883211,1.10883158,Strength,Offensive,Transition,0.251,1.044,0.879,0.537,1.001033425,1.188940723
OlivetCollege,28,93.82142857,92.21428571,1.13883211,1.10883158,Weakness,Offensive,Spot Up,0.192,0.859,0.879,0.339,1.001033425,0.978256782
OlivetCollege,28,93.82142857,92.21428571,1.13883211,1.10883158,Weakness,Offensive,Miscellaneous,0.068,0.642,0.879,0.588,1.001033425,0.731130215
OlivetCollege,28,93.82142857,92.21428571,1.13883211,1.10883158,Weakness,Offensive,P&R Roll Man,0.021,0.732,0.879,0.421,1.001033425,0.833625105
OlivetCollege,28,93.82142857,92.21428571,1.13883211,1.10883158,Weakness,Offensive,Off Screen,0.036,0.691,0.879,0.287,1.001033425,0.786932988
OlivetCollege,28,93.82142857,92.21428571,1.13883211,1.10883158,Weakness,Offensive,Hand Off,0.049,0.713,0.879,0.299,1.001033425,0.811987294
OlivetCollege,28,93.82142857,92.21428571,1.13883211,1.10883158,Weakness,Offensive,P&R Ball Handler,0.099,0.69,0.879,0.373,1.001033425,0.785794156
OlivetCollege,28,93.82142857,92.21428571,1.13883211,1.10883158,Weakness,Offensive,Isolation,0.103,0.801,0.879,0.397,1.001033425,0.91220452
Rose-Hulman,26,79.88461538,81.53846154,0.96966297,0.980460028,Strength,Offensive,Cut,0.09,1.144,0.964,0.637,0.934755103,1.109294438
Rose-Hulman,26,79.88461538,81.53846154,0.96966297,0.980460028,Strength,Offensive,Spot Up,0.222,1.065,0.964,0.418,0.934755103,1.032691063
Rose-Hulman,26,79.88461538,81.53846154,0.96966297,0.980460028,Strength,Offensive,P&R Roll Man,0.045,1.245,0.964,0.568,0.934755103,1.207230398
Rose-Hulman,26,79.88461538,81.53846154,0.96966297,0.980460028,Strength,Offensive,Offensive Rebounds (put backs),0.056,1.085,0.964,0.571,0.934755103,1.052084322
Rose-Hulman,26,79.88461538,81.53846154,0.96966297,0.980460028,Strength,Offensive,Transition,0.078,1.092,0.964,0.562,0.934755103,1.058871963
Rose-Hulman,26,79.88461538,81.53846154,0.96966297,0.980460028,Strength,Offensive,Off Screen,0.094,1.01,0.964,0.398,0.934755103,0.9793596
Rose-Hulman,26,79.88461538,81.53846154,0.96966297,0.980460028,Weakness,Offensive,P&R Ball Handler,0.14,0.917,0.964,0.489,0.934755103,0.889180943
Rose-Hulman,26,79.88461538,81.53846154,0.96966297,0.980460028,Weakness,Offensive,Post-Up,0.114,0.861,0.964,0.465,0.934755103,0.834879817
Rose-Hulman,26,79.88461538,81.53846154,0.96966297,0.980460028,Weakness,Offensive,Isolation,0.044,0.923,0.964,0.478,0.934755103,0.894998921
Rose-Hulman,26,79.88461538,81.53846154,0.96966297,0.980460028,Weakness,Offensive,Hand Off,0.012,0.76,0.964,0.389,0.934755103,0.736943857
Rose-Hulman,26,79.88461538,81.53846154,0.96966297,0.980460028,Weakness,Offensive,Miscellaneous,0.104,0.486,0.964,0.4,0.934755103,0.471256203
GustavusAdolphus,25,73.36,73.32,0.890465269,0.881637057,Strength,Offensive,Offensive Rebounds (put backs),0.046,0.881,0.876,0.483,0.780047576,0.784499902
GustavusAdolphus,25,73.36,73.32,0.890465269,0.881637057,Strength,Offensive,P&R Roll Man,0.004,1.429,0.876,0.6,0.780047576,1.272474869
GustavusAdolphus,25,73.36,73.32,0.890465269,0.881637057,Strength,Offensive,Spot Up,0.261,0.896,0.876,0.386,0.780047576,0.797856881
GustavusAdolphus,25,73.36,73.32,0.890465269,0.881637057,Strength,Offensive,Cut,0.122,1.09,0.876,0.589,0.780047576,0.970607143
GustavusAdolphus,25,73.36,73.32,0.890465269,0.881637057,Strength,Offensive,Transition,0.15,1.007,0.876,0.537,0.780047576,0.896698526
GustavusAdolphus,25,73.36,73.32,0.890465269,0.881637057,Weakness,Offensive,Hand Off,0.014,0.808,0.876,0.316,0.780047576,0.719495937
GustavusAdolphus,25,73.36,73.32,0.890465269,0.881637057,Weakness,Offensive,Isolation,0.079,0.738,0.876,0.372,0.780047576,0.657163369
GustavusAdolphus,25,73.36,73.32,0.890465269,0.881637057,Weakness,Offensive,Off Screen,0.099,0.834,0.876,0.393,0.780047576,0.742648034
GustavusAdolphus,25,73.36,73.32,0.890465269,0.881637057,Weakness,Offensive,Post-Up,0.113,0.861,0.876,0.51,0.780047576,0.766690597
GustavusAdolphus,25,73.36,73.32,0.890465269,0.881637057,Weakness,Offensive,Miscellaneous,0.083,0.48,0.876,0.313,0.780047576,0.427423329
GustavusAdolphus,25,73.36,73.32,0.890465269,0.881637057,Weakness,Offensive,P&R Ball Handler,0.029,0.778,0.876,0.357,0.780047576,0.692781979
IllinoisTech,19,82.10526316,78.63157895,0.996617847,0.94550619,Strength,Offensive,Offensive Rebounds (put backs),0.099,0.942,0.822,0.5,0.81921987,0.938814012
IllinoisTech,19,82.10526316,78.63157895,0.996617847,0.94550619,Strength,Offensive,Cut,0.078,1.131,0.822,0.624,0.81921987,1.127174785
IllinoisTech,19,82.10526316,78.63157895,0.996617847,0.94550619,Strength,Offensive,P&R Ball Handler,0.163,0.855,0.822,0.418,0.81921987,0.852108259
IllinoisTech,19,82.10526316,78.63157895,0.996617847,0.94550619,Strength,Offensive,Transition,0.142,0.946,0.822,0.487,0.81921987,0.942800483
IllinoisTech,19,82.10526316,78.63157895,0.996617847,0.94550619,Weakness,Offensive,Spot Up,0.172,0.817,0.822,0.313,0.81921987,0.814236781
IllinoisTech,19,82.10526316,78.63157895,0.996617847,0.94550619,Weakness,Offensive,Post-Up,0.105,0.756,0.822,0.46,0.81921987,0.753443092
IllinoisTech,19,82.10526316,78.63157895,0.996617847,0.94550619,Weakness,Offensive,Miscellaneous,0.087,0.456,0.822,0.316,0.81921987,0.454457738
IllinoisTech,19,82.10526316,78.63157895,0.996617847,0.94550619,Weakness,Offensive,Isolation,0.058,0.733,0.822,0.383,0.81921987,0.730520882
IllinoisTech,19,82.10526316,78.63157895,0.996617847,0.94550619,Weakness,Offensive,Off Screen,0.053,0.793,0.822,0.277,0.81921987,0.790317953
IllinoisTech,19,82.10526316,78.63157895,0.996617847,0.94550619,Weakness,Offensive,P&R Roll Man,0.035,0.564,0.822,0.268,0.81921987,0.562092466
IllinoisTech,19,82.10526316,78.63157895,0.996617847,0.94550619,Weakness,Offensive,Hand Off,0.008,0.417,0.822,0.167,0.81921987,0.415589642
Albion,23,90.30434783,86.52173913,1.096140749,1.040381498,Strength,Defensive,Transition,0.142,0.929,0.971,0.459,1.010210435,0.966514412
Albion,23,90.30434783,86.52173913,1.096140749,1.040381498,Strength,Defensive,P&R Ball Handler,0.101,0.871,0.971,0.472,1.010210435,0.906172285
Albion,23,90.30434783,86.52173913,1.096140749,1.040381498,Strength,Defensive,Isolation,0.048,0.905,0.971,0.533,1.010210435,0.941545256
Albion,23,90.30434783,86.52173913,1.096140749,1.040381498,Strength,Defensive,P&R Roll Man,0.045,0.82,0.971,0.423,1.010210435,0.853112828
Albion,23,90.30434783,86.52173913,1.096140749,1.040381498,Strength,Defensive,Miscellaneous,0.067,0.664,0.971,0.375,1.010210435,0.690813315
Albion,23,90.30434783,86.52173913,1.096140749,1.040381498,Weakness,Defensive,Off Screen,0.078,1.071,0.971,0.492,1.010210435,1.114248584
Albion,23,90.30434783,86.52173913,1.096140749,1.040381498,Weakness,Defensive,Spot Up,0.284,0.986,0.971,0.402,1.010210435,1.025816157
Albion,23,90.30434783,86.52173913,1.096140749,1.040381498,Weakness,Defensive,Hand Off,0.037,1.11,0.971,0.46,1.010210435,1.154823463
Albion,23,90.30434783,86.52173913,1.096140749,1.040381498,Weakness,Defensive,Offensive Rebounds (put backs),0.045,1.247,0.971,0.619,1.010210435,1.297355728
Albion,23,90.30434783,86.52173913,1.096140749,1.040381498,Weakness,Defensive,Cut,0.071,1.121,0.971,0.574,1.010210435,1.166267659
Albion,23,90.30434783,86.52173913,1.096140749,1.040381498,Weakness,Defensive,Post-Up,0.082,1.055,0.971,0.548,1.010210435,1.09760248
Carthage,25,80.44,80.44,0.976404392,0.967251566,Strength,Defensive,Post-Up,0.094,0.742,0.891,0.396,0.861821145,0.717700662
Carthage,25,80.44,80.44,0.976404392,0.967251566,Strength,Defensive,Miscellaneous,0.088,0.591,0.891,0.391,0.861821145,0.571645676
Carthage,25,80.44,80.44,0.976404392,0.967251566,Strength,Defensive,Hand Off,0.029,0.741,0.891,0.326,0.861821145,0.71673341
Carthage,25,80.44,80.44,0.976404392,0.967251566,Strength,Defensive,Isolation,0.044,0.693,0.891,0.358,0.861821145,0.670305335
Carthage,25,80.44,80.44,0.976404392,0.967251566,Strength,Defensive,P&R Ball Handler,0.125,0.809,0.891,0.406,0.861821145,0.782506517
Carthage,25,80.44,80.44,0.976404392,0.967251566,Weakness,Defensive,Transition,0.178,1.034,0.891,0.498,0.861821145,1.000138119
Carthage,25,80.44,80.44,0.976404392,0.967251566,Weakness,Defensive,Cut,0.087,1.115,0.891,0.584,0.861821145,1.078485496
Carthage,25,80.44,80.44,0.976404392,0.967251566,Weakness,Defensive,Offensive Rebounds (put backs),0.054,1.009,0.891,0.5,0.861821145,0.97595683
Carthage,25,80.44,80.44,0.976404392,0.967251566,Weakness,Defensive,P&R Roll Man,0.03,0.902,0.891,0.423,0.861821145,0.872460913
Carthage,25,80.44,80.44,0.976404392,0.967251566,Weakness,Defensive,Off Screen,0.063,1.063,0.891,0.41,0.861821145,1.028188415
Carthage,25,80.44,80.44,0.976404392,0.967251566,Weakness,Defensive,Spot Up,0.209,0.898,0.891,0.366,0.861821145,0.868591906
Chicago,25,82.4,80.84,1.000195449,0.97206137,Strength,Defensive,Post-Up,0.087,0.761,0.881,0.452,0.856386067,0.739738703
Chicago,25,82.4,80.84,1.000195449,0.97206137,Strength,Defensive,Miscellaneous,0.064,0.589,0.881,0.455,0.856386067,0.572544147
Chicago,25,82.4,80.84,1.000195449,0.97206137,Strength,Defensive,Isolation,0.04,0.837,0.881,0.435,0.856386067,0.813615367
Chicago,25,82.4,80.84,1.000195449,0.97206137,Strength,Defensive,Hand Off,0.049,0.869,0.881,0.386,0.856386067,0.844721331
Chicago,25,82.4,80.84,1.000195449,0.97206137,Strength,Defensive,Off Screen,0.083,0.76,0.881,0.338,0.856386067,0.738766641
Chicago,25,82.4,80.84,1.000195449,0.97206137,Strength,Defensive,P&R Ball Handler,0.139,0.737,0.881,0.343,0.856386067,0.71640923
Chicago,25,82.4,80.84,1.000195449,0.97206137,Weakness,Defensive,Spot Up,0.236,0.905,0.881,0.363,0.856386067,0.87971554
Chicago,25,82.4,80.84,1.000195449,0.97206137,Weakness,Defensive,Offensive Rebounds (put backs),0.063,1.142,0.881,0.622,0.856386067,1.110094085
Chicago,25,82.4,80.84,1.000195449,0.97206137,Weakness,Defensive,Cut,0.061,1.097,0.881,0.578,0.856386067,1.066351323
Chicago,25,82.4,80.84,1.000195449,0.97206137,Weakness,Defensive,P&R Roll Man,0.038,1.13,0.881,0.514,0.856386067,1.098429348
Chicago,25,82.4,80.84,1.000195449,0.97206137,Weakness,Defensive,Transition,0.141,0.996,0.881,0.465,0.856386067,0.968173125
CornellCollege,14,80.71428571,81.42857143,0.979733753,0.979138653,Strength,Defensive,Isolation,0.038,0.767,0.89,0.289,0.871433401,0.750999347
CornellCollege,14,80.71428571,81.42857143,0.979733753,0.979138653,Strength,Defensive,Miscellaneous,0.046,0.596,0.89,0.556,0.871433401,0.583566637
CornellCollege,14,80.71428571,81.42857143,0.979733753,0.979138653,Strength,Defensive,Transition,0.194,0.842,0.89,0.473,0.871433401,0.824434746
CornellCollege,14,80.71428571,81.42857143,0.979733753,0.979138653,Strength,Defensive,P&R Ball Handler,0.146,0.778,0.89,0.39,0.871433401,0.761769872
CornellCollege,14,80.71428571,81.42857143,0.979733753,0.979138653,Strength,Defensive,Off Screen,0.055,0.873,0.89,0.345,0.871433401,0.854788044
CornellCollege,14,80.71428571,81.42857143,0.979733753,0.979138653,Strength,Defensive,P&R Roll Man,0.047,0.704,0.89,0.357,0.871433401,0.689313612
CornellCollege,14,80.71428571,81.42857143,0.979733753,0.979138653,Weakness,Defensive,Spot Up,0.223,0.925,0.89,0.367,0.871433401,0.905703254
CornellCollege,14,80.71428571,81.42857143,0.979733753,0.979138653,Weakness,Defensive,Hand Off,0.039,0.978,0.89,0.421,0.871433401,0.957597603
CornellCollege,14,80.71428571,81.42857143,0.979733753,0.979138653,Weakness,Defensive,Offensive Rebounds (put backs),0.047,1.278,0.89,0.659,0.871433401,1.251339199
CornellCollege,14,80.71428571,81.42857143,0.979733753,0.979138653,Weakness,Defensive,Cut,0.065,1.189,0.89,0.603,0.871433401,1.164195858
CornellCollege,14,80.71428571,81.42857143,0.979733753,0.979138653,Weakness,Defensive,Post-Up,0.099,0.938,0.89,0.524,0.871433401,0.918432057
DominicanIL,25,80.68,83.04,0.979317583,0.998515292,Strength,Defensive,Miscellaneous,0.075,0.487,0.906,0.542,0.904654855,0.486276947
DominicanIL,25,80.68,83.04,0.979317583,0.998515292,Strength,Defensive,Isolation,0.044,0.826,0.906,0.448,0.904654855,0.824773631
DominicanIL,25,80.68,83.04,0.979317583,0.998515292,Strength,Defensive,Hand Off,0.032,0.788,0.906,0.373,0.904654855,0.78683005
DominicanIL,25,80.68,83.04,0.979317583,0.998515292,Strength,Defensive,Spot Up,0.203,0.882,0.906,0.368,0.904654855,0.880690488
DominicanIL,25,80.68,83.04,0.979317583,0.998515292,Strength,Defensive,P&R Ball Handler,0.112,0.797,0.906,0.425,0.904654855,0.795816688
DominicanIL,25,80.68,83.04,0.979317583,0.998515292,Strength,Defensive,Post-Up,0.099,0.732,0.906,0.421,0.904654855,0.730913194
DominicanIL,25,80.68,83.04,0.979317583,0.998515292,Weakness,Defensive,Offensive Rebounds (put backs),0.065,1.187,0.906,0.62,0.904654855,1.185237652
DominicanIL,25,80.68,83.04,0.979317583,0.998515292,Weakness,Defensive,Cut,0.111,1.229,0.906,0.656,0.904654855,1.227175294
DominicanIL,25,80.68,83.04,0.979317583,0.998515292,Weakness,Defensive,Transition,0.175,0.956,0.906,0.496,0.904654855,0.954580619
DominicanIL,25,80.68,83.04,0.979317583,0.998515292,Weakness,Defensive,P&R Roll Man,0.029,1.082,0.906,0.468,0.904654855,1.080393546
DominicanIL,25,80.68,83.04,0.979317583,0.998515292,Weakness,Defensive,Off Screen,0.055,1,0.906,0.451,0.904654855,0.998515292
EastWest,17,92.70588235,93.52941176,1.125291282,1.124645326,Strength,Defensive,Miscellaneous,0.094,0.667,1.023,0.5,1.150512168,0.750138432
EastWest,17,92.70588235,93.52941176,1.125291282,1.124645326,Strength,Defensive,Off Screen,0.028,0.659,1.023,0.27,1.150512168,0.74114127
EastWest,17,92.70588235,93.52941176,1.125291282,1.124645326,Strength,Defensive,P&R Ball Handler,0.038,0.885,1.023,0.422,1.150512168,0.995311114
EastWest,17,92.70588235,93.52941176,1.125291282,1.124645326,Strength,Defensive,Isolation,0.043,0.855,1.023,0.415,1.150512168,0.961571754
EastWest,17,92.70588235,93.52941176,1.125291282,1.124645326,Strength,Defensive,Post-Up,0.062,0.848,1.023,0.478,1.150512168,0.953699236
EastWest,17,92.70588235,93.52941176,1.125291282,1.124645326,Weakness,Defensive,Cut,0.108,1.093,1.023,0.56,1.150512168,1.229237341
EastWest,17,92.70588235,93.52941176,1.125291282,1.124645326,Weakness,Defensive,Offensive Rebounds (put backs),0.087,1.173,1.023,0.62,1.150512168,1.319208967
EastWest,17,92.70588235,93.52941176,1.125291282,1.124645326,Weakness,Defensive,Hand Off,0.017,1.037,1.023,0.45,1.150512168,1.166257203
EastWest,17,92.70588235,93.52941176,1.125291282,1.124645326,Weakness,Defensive,Spot Up,0.233,1.143,1.023,0.437,1.150512168,1.285469608
EastWest,17,92.70588235,93.52941176,1.125291282,1.124645326,Weakness,Defensive,P&R Roll Man,0.007,1.182,1.023,0.5,1.150512168,1.329330775
EastWest,17,92.70588235,93.52941176,1.125291282,1.124645326,Weakness,Defensive,Transition,0.281,1.085,1.023,0.541,1.150512168,1.220240179
Fontbonne,15,99.93333333,102.6666667,1.213020209,1.234516337,Strength,Defensive,Miscellaneous,0.081,0.544,0.963,0.667,1.188839233,0.671576887
Fontbonne,15,99.93333333,102.6666667,1.213020209,1.234516337,Strength,Defensive,P&R Ball Handler,0.089,0.781,0.963,0.374,1.188839233,0.964157259
Fontbonne,15,99.93333333,102.6666667,1.213020209,1.234516337,Strength,Defensive,Post-Up,0.063,0.773,0.963,0.423,1.188839233,0.954281129
Fontbonne,15,99.93333333,102.6666667,1.213020209,1.234516337,Strength,Defensive,Isolation,0.036,0.839,0.963,0.436,1.188839233,1.035759207
Fontbonne,15,99.93333333,102.6666667,1.213020209,1.234516337,Strength,Defensive,Hand Off,0.021,0.909,0.963,0.357,1.188839233,1.12217535
Fontbonne,15,99.93333333,102.6666667,1.213020209,1.234516337,Weakness,Defensive,Off Screen,0.044,1.224,0.963,0.5,1.188839233,1.511047996
Fontbonne,15,99.93333333,102.6666667,1.213020209,1.234516337,Weakness,Defensive,P&R Roll Man,0.027,1.357,0.963,0.629,1.188839233,1.675238669
Fontbonne,15,99.93333333,102.6666667,1.213020209,1.234516337,Weakness,Defensive,Offensive Rebounds (put backs),0.079,1.091,0.963,0.576,1.188839233,1.346857324
Fontbonne,15,99.93333333,102.6666667,1.213020209,1.234516337,Weakness,Defensive,Cut,0.085,1.069,0.963,0.579,1.188839233,1.319697964
Fontbonne,15,99.93333333,102.6666667,1.213020209,1.234516337,Weakness,Defensive,Spot Up,0.233,0.983,0.963,0.374,1.188839233,1.213529559
Fontbonne,15,99.93333333,102.6666667,1.213020209,1.234516337,Weakness,Defensive,Transition,0.242,1.054,0.963,0.504,1.188839233,1.301180219
Knox,17,79,81.64705882,0.958925249,0.981765857,Strength,Defensive,P&R Ball Handler,0.089,0.823,0.95,0.44,0.932677564,0.8079933
Knox,17,79,81.64705882,0.958925249,0.981765857,Strength,Defensive,Miscellaneous,0.081,0.429,0.95,0.353,0.932677564,0.421177553
Knox,17,79,81.64705882,0.958925249,0.981765857,Strength,Defensive,Off Screen,0.072,0.59,0.95,0.229,0.932677564,0.579241856
Knox,17,79,81.64705882,0.958925249,0.981765857,Weakness,Defensive,Cut,0.082,1.158,0.95,0.613,0.932677564,1.136884862
Knox,17,79,81.64705882,0.958925249,0.981765857,Weakness,Defensive,Spot Up,0.263,0.962,0.95,0.383,0.932677564,0.944458754
Knox,17,79,81.64705882,0.958925249,0.981765857,Weakness,Defensive,Post-Up,0.077,0.963,0.95,0.594,0.932677564,0.94544052
Knox,17,79,81.64705882,0.958925249,0.981765857,Weakness,Defensive,Isolation,0.036,1.1,0.95,0.568,0.932677564,1.079942443
Knox,17,79,81.64705882,0.958925249,0.981765857,Weakness,Defensive,P&R Roll Man,0.036,1.04,0.95,0.475,0.932677564,1.021036491
Knox,17,79,81.64705882,0.958925249,0.981765857,Weakness,Defensive,Hand Off,0.029,1.05,0.95,0.583,0.932677564,1.03085415
Knox,17,79,81.64705882,0.958925249,0.981765857,Weakness,Defensive,Offensive Rebounds (put backs),0.066,1.044,0.95,0.528,0.932677564,1.024963555
Knox,17,79,81.64705882,0.958925249,0.981765857,Weakness,Defensive,Transition,0.169,1.191,0.95,0.637,0.932677564,1.169283136
MoodyBible,5,82.8,91.4,1.005050767,1.099040193,Strength,Defensive,Miscellaneous,0.072,0.242,0.989,0.5,1.086950751,0.265967727
MoodyBible,5,82.8,91.4,1.005050767,1.099040193,Strength,Defensive,Spot Up,0.221,0.95,0.989,0.375,1.086950751,1.044088183
MoodyBible,5,82.8,91.4,1.005050767,1.099040193,Strength,Defensive,P&R Ball Handler,0.063,0.552,0.989,0.316,1.086950751,0.606670187
MoodyBible,5,82.8,91.4,1.005050767,1.099040193,Strength,Defensive,Isolation,0.037,0.647,0.989,0.333,1.086950751,0.711079005
MoodyBible,5,82.8,91.4,1.005050767,1.099040193,Strength,Defensive,Hand Off,0.018,0.75,0.989,0.429,1.086950751,0.824280145
MoodyBible,5,82.8,91.4,1.005050767,1.099040193,Weakness,Defensive,Post-Up,0.057,1.154,0.989,0.619,1.086950751,1.268292383
MoodyBible,5,82.8,91.4,1.005050767,1.099040193,Weakness,Defensive,P&R Roll Man,0.015,1.286,0.989,0.571,1.086950751,1.413365688
MoodyBible,5,82.8,91.4,1.005050767,1.099040193,Weakness,Defensive,Transition,0.267,1.156,0.989,0.594,1.086950751,1.270490463
MoodyBible,5,82.8,91.4,1.005050767,1.099040193,Weakness,Defensive,Offensive Rebounds (put backs),0.096,1.182,0.989,0.595,1.086950751,1.299065508
MoodyBible,5,82.8,91.4,1.005050767,1.099040193,Weakness,Defensive,Cut,0.083,1.184,0.989,0.556,1.086950751,1.301263589
MoodyBible,5,82.8,91.4,1.005050767,1.099040193,Weakness,Defensive,Off Screen,0.07,1.188,0.989,0.448,1.086950751,1.305659749
MSOE,26,80.34615385,79.96153846,0.97526526,0.961498301,Strength,Defensive,Off Screen,0.071,0.878,0.884,0.385,0.849964498,0.844195508
MSOE,26,80.34615385,79.96153846,0.97526526,0.961498301,Strength,Defensive,Spot Up,0.228,0.882,0.884,0.359,0.849964498,0.848041501
MSOE,26,80.34615385,79.96153846,0.97526526,0.961498301,Strength,Defensive,P&R Ball Handler,0.117,0.848,0.884,0.419,0.849964498,0.815350559
MSOE,26,80.34615385,79.96153846,0.97526526,0.961498301,Strength,Defensive,Post-Up,0.085,0.847,0.884,0.449,0.849964498,0.814389061
MSOE,26,80.34615385,79.96153846,0.97526526,0.961498301,Strength,Defensive,Isolation,0.075,0.846,0.884,0.457,0.849964498,0.813427563
MSOE,26,80.34615385,79.96153846,0.97526526,0.961498301,Strength,Defensive,Miscellaneous,0.063,0.504,0.884,0.308,0.849964498,0.484595144
MSOE,26,80.34615385,79.96153846,0.97526526,0.961498301,Strength,Defensive,Hand Off,0.033,0.809,0.884,0.393,0.849964498,0.777852126
MSOE,26,80.34615385,79.96153846,0.97526526,0.961498301,Weakness,Defensive,P&R Roll Man,0.046,0.969,0.884,0.494,0.849964498,0.931691854
MSOE,26,80.34615385,79.96153846,0.97526526,0.961498301,Weakness,Defensive,Transition,0.162,0.958,0.884,0.492,0.849964498,0.921115372
MSOE,26,80.34615385,79.96153846,0.97526526,0.961498301,Weakness,Defensive,Cut,0.068,1.077,0.884,0.577,0.849964498,1.03553367
MSOE,26,80.34615385,79.96153846,0.97526526,0.961498301,Weakness,Defensive,Offensive Rebounds (put backs),0.051,1.038,0.884,0.527,0.849964498,0.998035236
Roosevelt,34,73,74.17647059,0.886095483,0.891935696,Strength,Defensive,Isolation,0.077,0.718,0.841,0.347,0.75011792,0.64040983
Roosevelt,34,73,74.17647059,0.886095483,0.891935696,Strength,Defensive,Miscellaneous,0.086,0.435,0.841,0.346,0.75011792,0.387992028
Roosevelt,34,73,74.17647059,0.886095483,0.891935696,Strength,Defensive,P&R Roll Man,0.025,0.758,0.841,0.419,0.75011792,0.676087258
Roosevelt,34,73,74.17647059,0.886095483,0.891935696,Strength,Defensive,Off Screen,0.037,0.742,0.841,0.299,0.75011792,0.661816286
Roosevelt,34,73,74.17647059,0.886095483,0.891935696,Strength,Defensive,P&R Ball Handler,0.094,0.771,0.841,0.375,0.75011792,0.687682422
Roosevelt,34,73,74.17647059,0.886095483,0.891935696,Weakness,Defensive,Spot Up,0.262,0.895,0.841,0.36,0.75011792,0.798282448
Roosevelt,34,73,74.17647059,0.886095483,0.891935696,Weakness,Defensive,Hand Off,0.023,0.898,0.841,0.452,0.75011792,0.800958255
Roosevelt,34,73,74.17647059,0.886095483,0.891935696,Weakness,Defensive,Offensive Rebounds (put backs),0.061,0.948,0.841,0.462,0.75011792,0.84555504
Roosevelt,34,73,74.17647059,0.886095483,0.891935696,Weakness,Defensive,Cut,0.084,1.085,0.841,0.56,0.75011792,0.96775023
Roosevelt,34,73,74.17647059,0.886095483,0.891935696,Weakness,Defensive,Post-Up,0.112,0.844,0.841,0.469,0.75011792,0.752793727
Roosevelt,34,73,74.17647059,0.886095483,0.891935696,Weakness,Defensive,Transition,0.14,0.941,0.841,0.46,0.75011792,0.83931149
Wabash,26,80.11538462,79.26923077,0.972464115,0.95317364,Strength,Defensive,P&R Ball Handler,0.132,0.835,0.899,0.364,0.856903102,0.795899989
Wabash,26,80.11538462,79.26923077,0.972464115,0.95317364,Strength,Defensive,Post-Up,0.102,0.886,0.899,0.478,0.856903102,0.844511845
Wabash,26,80.11538462,79.26923077,0.972464115,0.95317364,Strength,Defensive,Off Screen,0.076,0.821,0.899,0.338,0.856903102,0.782555558
Wabash,26,80.11538462,79.26923077,0.972464115,0.95317364,Strength,Defensive,Hand Off,0.041,0.588,0.899,0.244,0.856903102,0.5604661
Wabash,26,80.11538462,79.26923077,0.972464115,0.95317364,Strength,Defensive,Miscellaneous,0.054,0.536,0.899,0.474,0.856903102,0.510901071
Wabash,26,80.11538462,79.26923077,0.972464115,0.95317364,Weakness,Defensive,Isolation,0.051,0.99,0.899,0.447,0.856903102,0.943641904
Wabash,26,80.11538462,79.26923077,0.972464115,0.95317364,Weakness,Defensive,Spot Up,0.212,0.929,0.899,0.358,0.856903102,0.885498312
Wabash,26,80.11538462,79.26923077,0.972464115,0.95317364,Weakness,Defensive,Transition,0.165,0.988,0.899,0.461,0.856903102,0.941735556
Wabash,26,80.11538462,79.26923077,0.972464115,0.95317364,Weakness,Defensive,Cut,0.061,0.992,0.899,0.528,0.856903102,0.945548251
Wabash,26,80.11538462,79.26923077,0.972464115,0.95317364,Weakness,Defensive,P&R Roll Man,0.054,0.919,0.899,0.412,0.856903102,0.875966575
Wabash,26,80.11538462,79.26923077,0.972464115,0.95317364,Weakness,Defensive,Offensive Rebounds (put backs),0.052,1.206,0.899,0.605,0.856903102,1.14952741
WheatonIL,26,81.07692308,81.92307692,0.984135552,0.985084839,Strength,Defensive,Spot Up,0.215,0.893,0.911,0.354,0.897412288,0.879680761
WheatonIL,26,81.07692308,81.92307692,0.984135552,0.985084839,Strength,Defensive,Miscellaneous,0.069,0.411,0.911,0.28,0.897412288,0.404869869
WheatonIL,26,81.07692308,81.92307692,0.984135552,0.985084839,Strength,Defensive,P&R Roll Man,0.035,0.907,0.911,0.429,0.897412288,0.893471949
WheatonIL,26,81.07692308,81.92307692,0.984135552,0.985084839,Strength,Defensive,Isolation,0.046,0.784,0.911,0.355,0.897412288,0.772306514
WheatonIL,26,81.07692308,81.92307692,0.984135552,0.985084839,Strength,Defensive,Post-Up,0.088,0.904,0.911,0.511,0.897412288,0.890516694
WheatonIL,26,81.07692308,81.92307692,0.984135552,0.985084839,Strength,Defensive,Off Screen,0.089,0.836,0.911,0.337,0.897412288,0.823530925
WheatonIL,26,81.07692308,81.92307692,0.984135552,0.985084839,Strength,Defensive,P&R Ball Handler,0.133,0.849,0.911,0.433,0.897412288,0.836337028
WheatonIL,26,81.07692308,81.92307692,0.984135552,0.985084839,Weakness,Defensive,Hand Off,0.028,1.05,0.911,0.438,0.897412288,1.034339081
WheatonIL,26,81.07692308,81.92307692,0.984135552,0.985084839,Weakness,Defensive,Transition,0.137,1.086,0.911,0.531,0.897412288,1.069802135
WheatonIL,26,81.07692308,81.92307692,0.984135552,0.985084839,Weakness,Defensive,Cut,0.094,1.125,0.911,0.573,0.897412288,1.108220444
WheatonIL,26,81.07692308,81.92307692,0.984135552,0.985084839,Weakness,Defensive,Offensive Rebounds (put backs),0.067,1.092,0.911,0.561,0.897412288,1.075712644
Kalamazoo,25,80.08,82.6,0.972034606,0.993224507,Strength,Defensive,Off Screen,0.076,0.745,0.877,0.315,0.871057893,0.739952258
Kalamazoo,25,80.08,82.6,0.972034606,0.993224507,Strength,Defensive,Miscellaneous,0.077,0.627,0.877,0.45,0.871057893,0.622751766
Kalamazoo,25,80.08,82.6,0.972034606,0.993224507,Strength,Defensive,P&R Roll Man,0.025,0.827,0.877,0.421,0.871057893,0.821396667
Kalamazoo,25,80.08,82.6,0.972034606,0.993224507,Strength,Defensive,Hand Off,0.028,0.719,0.877,0.304,0.871057893,0.714128421
Kalamazoo,25,80.08,82.6,0.972034606,0.993224507,Strength,Defensive,P&R Ball Handler,0.069,0.592,0.877,0.299,0.871057893,0.587988908
Kalamazoo,25,80.08,82.6,0.972034606,0.993224507,Strength,Defensive,Post-Up,0.075,0.729,0.877,0.44,0.871057893,0.724060666
Kalamazoo,25,80.08,82.6,0.972034606,0.993224507,Weakness,Defensive,Transition,0.151,1.019,0.877,0.511,0.871057893,1.012095773
Kalamazoo,25,80.08,82.6,0.972034606,0.993224507,Weakness,Defensive,Isolation,0.052,0.953,0.877,0.464,0.871057893,0.946542955
Kalamazoo,25,80.08,82.6,0.972034606,0.993224507,Weakness,Defensive,Offensive Rebounds (put backs),0.058,0.916,0.877,0.468,0.871057893,0.909793648
Kalamazoo,25,80.08,82.6,0.972034606,0.993224507,Weakness,Defensive,Cut,0.089,1.066,0.877,0.584,0.871057893,1.058777324
Kalamazoo,25,80.08,82.6,0.972034606,0.993224507,Weakness,Defensive,Spot Up,0.302,0.949,0.877,0.375,0.871057893,0.942570057
NorthPark,25,78.6,80.88,0.954069931,0.972542351,Strength,Defensive,Miscellaneous,0.071,0.441,0.971,0.522,0.944338623,0.428891177
NorthPark,25,78.6,80.88,0.954069931,0.972542351,Strength,Defensive,Spot Up,0.216,0.938,0.971,0.36,0.944338623,0.912244725
NorthPark,25,78.6,80.88,0.954069931,0.972542351,Strength,Defensive,Post-Up,0.121,0.873,0.971,0.508,0.944338623,0.849029472
NorthPark,25,78.6,80.88,0.954069931,0.972542351,Strength,Defensive,P&R Ball Handler,0.079,0.742,0.971,0.351,0.944338623,0.721626424
NorthPark,25,78.6,80.88,0.954069931,0.972542351,Strength,Defensive,Isolation,0.034,0.87,0.971,0.479,0.944338623,0.846111845
NorthPark,25,78.6,80.88,0.954069931,0.972542351,Strength,Defensive,Hand Off,0.025,0.863,0.971,0.444,0.944338623,0.839304049
NorthPark,25,78.6,80.88,0.954069931,0.972542351,Weakness,Defensive,Transition,0.191,1.196,0.971,0.598,0.944338623,1.163160652
NorthPark,25,78.6,80.88,0.954069931,0.972542351,Weakness,Defensive,Cut,0.093,1.138,0.971,0.633,0.944338623,1.106753195
NorthPark,25,78.6,80.88,0.954069931,0.972542351,Weakness,Defensive,Off Screen,0.071,1.097,0.971,0.46,0.944338623,1.066878959
NorthPark,25,78.6,80.88,0.954069931,0.972542351,Weakness,Defensive,Offensive Rebounds (put backs),0.071,1.105,0.971,0.588,0.944338623,1.074659298
NorthPark,25,78.6,80.88,0.954069931,0.972542351,Weakness,Defensive,P&R Roll Man,0.028,1.089,0.971,0.522,0.944338623,1.05909862
UWPlatteville,29,76.31034483,77.24137931,0.926277423,0.92878972,Strength,Defensive,Miscellaneous,0.084,0.383,0.821,0.261,0.76253636,0.355726463
UWPlatteville,29,76.31034483,77.24137931,0.926277423,0.92878972,Strength,Defensive,Off Screen,0.064,0.701,0.821,0.294,0.76253636,0.651081594
UWPlatteville,29,76.31034483,77.24137931,0.926277423,0.92878972,Strength,Defensive,Isolation,0.064,0.792,0.821,0.382,0.76253636,0.735601458
UWPlatteville,29,76.31034483,77.24137931,0.926277423,0.92878972,Strength,Defensive,P&R Ball Handler,0.11,0.626,0.821,0.322,0.76253636,0.581422365
UWPlatteville,29,76.31034483,77.24137931,0.926277423,0.92878972,Weakness,Defensive,Post-Up,0.136,0.878,0.821,0.475,0.76253636,0.815477374
UWPlatteville,29,76.31034483,77.24137931,0.926277423,0.92878972,Weakness,Defensive,Transition,0.113,0.902,0.821,0.453,0.76253636,0.837768327
UWPlatteville,29,76.31034483,77.24137931,0.926277423,0.92878972,Weakness,Defensive,Spot Up,0.24,0.873,0.821,0.347,0.76253636,0.810833426
UWPlatteville,29,76.31034483,77.24137931,0.926277423,0.92878972,Weakness,Defensive,P&R Roll Man,0.033,0.836,0.821,0.39,0.76253636,0.776468206
UWPlatteville,29,76.31034483,77.24137931,0.926277423,0.92878972,Weakness,Defensive,Hand Off,0.033,0.932,0.821,0.379,0.76253636,0.865632019
UWPlatteville,29,76.31034483,77.24137931,0.926277423,0.92878972,Weakness,Defensive,Offensive Rebounds (put backs),0.057,1.11,0.821,0.581,0.76253636,1.030956589
UWPlatteville,29,76.31034483,77.24137931,0.926277423,0.92878972,Weakness,Defensive,Cut,0.067,1.094,0.821,0.58,0.76253636,1.016095954
OlivetCollege,28,93.82142857,92.21428571,1.13883211,1.10883158,Strength,Defensive,Miscellaneous,0.1,0.378,0.914,0.303,1.013472064,0.419138337
OlivetCollege,28,93.82142857,92.21428571,1.13883211,1.10883158,Strength,Defensive,P&R Ball Handler,0.046,0.847,0.914,0.416,1.013472064,0.939180348
OlivetCollege,28,93.82142857,92.21428571,1.13883211,1.10883158,Strength,Defensive,Isolation,0.033,0.884,0.914,0.4,1.013472064,0.980207117
OlivetCollege,28,93.82142857,92.21428571,1.13883211,1.10883158,Strength,Defensive,Off Screen,0.022,0.696,0.914,0.326,1.013472064,0.77174678
OlivetCollege,28,93.82142857,92.21428571,1.13883211,1.10883158,Strength,Defensive,Hand Off,0.013,0.647,0.914,0.3,1.013472064,0.717414032
OlivetCollege,28,93.82142857,92.21428571,1.13883211,1.10883158,Weakness,Defensive,Spot Up,0.278,0.917,0.914,0.363,1.013472064,1.016798559
OlivetCollege,28,93.82142857,92.21428571,1.13883211,1.10883158,Weakness,Defensive,Transition,0.238,1.036,0.914,0.51,1.013472064,1.148749517
OlivetCollege,28,93.82142857,92.21428571,1.13883211,1.10883158,Weakness,Defensive,Cut,0.15,1.041,0.914,0.562,1.013472064,1.154293675
OlivetCollege,28,93.82142857,92.21428571,1.13883211,1.10883158,Weakness,Defensive,Offensive Rebounds (put backs),0.067,1.098,0.914,0.59,1.013472064,1.217497075
OlivetCollege,28,93.82142857,92.21428571,1.13883211,1.10883158,Weakness,Defensive,Post-Up,0.036,0.957,0.914,0.579,1.013472064,1.061151822
OlivetCollege,28,93.82142857,92.21428571,1.13883211,1.10883158,Weakness,Defensive,P&R Roll Man,0.016,1.095,0.914,0.615,1.013472064,1.21417058
Rose-Hulman,26,79.88461538,81.53846154,0.96966297,0.980460028,Strength,Defensive,Miscellaneous,0.072,0.467,0.923,0.286,0.904964606,0.457874833
Rose-Hulman,26,79.88461538,81.53846154,0.96966297,0.980460028,Strength,Defensive,Isolation,0.04,0.812,0.923,0.431,0.904964606,0.796133543
Rose-Hulman,26,79.88461538,81.53846154,0.96966297,0.980460028,Strength,Defensive,Hand Off,0.051,0.872,0.923,0.409,0.904964606,0.854961144
Rose-Hulman,26,79.88461538,81.53846154,0.96966297,0.980460028,Strength,Defensive,Off Screen,0.063,0.797,0.923,0.351,0.904964606,0.781426642
Rose-Hulman,26,79.88461538,81.53846154,0.96966297,0.980460028,Strength,Defensive,Post-Up,0.073,0.831,0.923,0.443,0.904964606,0.814762283
Rose-Hulman,26,79.88461538,81.53846154,0.96966297,0.980460028,Strength,Defensive,P&R Ball Handler,0.129,0.843,0.923,0.446,0.904964606,0.826527804
Rose-Hulman,26,79.88461538,81.53846154,0.96966297,0.980460028,Weakness,Defensive,Cut,0.068,1.181,0.923,0.641,0.904964606,1.157923293
Rose-Hulman,26,79.88461538,81.53846154,0.96966297,0.980460028,Weakness,Defensive,Spot Up,0.267,1.011,0.923,0.412,0.904964606,0.991245088
Rose-Hulman,26,79.88461538,81.53846154,0.96966297,0.980460028,Weakness,Defensive,P&R Roll Man,0.05,0.925,0.923,0.44,0.904964606,0.906925526
Rose-Hulman,26,79.88461538,81.53846154,0.96966297,0.980460028,Weakness,Defensive,Offensive Rebounds (put backs),0.052,1.108,0.923,0.533,0.904964606,1.086349711
Rose-Hulman,26,79.88461538,81.53846154,0.96966297,0.980460028,Weakness,Defensive,Transition,0.134,1.025,0.923,0.527,0.904964606,1.004971529
GustavusAdolphus,25,73.36,73.32,0.890465269,0.881637057,Strength,Defensive,Isolation,0.049,0.764,0.906,0.387,0.798763174,0.673570712
GustavusAdolphus,25,73.36,73.32,0.890465269,0.881637057,Strength,Defensive,Off Screen,0.051,0.734,0.906,0.304,0.798763174,0.6471216
GustavusAdolphus,25,73.36,73.32,0.890465269,0.881637057,Strength,Defensive,P&R Ball Handler,0.146,0.753,0.906,0.386,0.798763174,0.663872704
GustavusAdolphus,25,73.36,73.32,0.890465269,0.881637057,Strength,Defensive,Post-Up,0.083,0.816,0.906,0.473,0.798763174,0.719415839
GustavusAdolphus,25,73.36,73.32,0.890465269,0.881637057,Strength,Defensive,Miscellaneous,0.065,0.483,0.906,0.458,0.798763174,0.425830699
GustavusAdolphus,25,73.36,73.32,0.890465269,0.881637057,Strength,Defensive,Hand Off,0.034,0.823,0.906,0.362,0.798763174,0.725587298
GustavusAdolphus,25,73.36,73.32,0.890465269,0.881637057,Strength,Defensive,P&R Roll Man,0.044,0.775,0.906,0.358,0.798763174,0.683268719
GustavusAdolphus,25,73.36,73.32,0.890465269,0.881637057,Weakness,Defensive,Cut,0.08,1.136,0.906,0.64,0.798763174,1.001539697
GustavusAdolphus,25,73.36,73.32,0.890465269,0.881637057,Weakness,Defensive,Spot Up,0.285,1.021,0.906,0.403,0.798763174,0.900151435
GustavusAdolphus,25,73.36,73.32,0.890465269,0.881637057,Weakness,Defensive,Transition,0.113,1.043,0.906,0.542,0.798763174,0.91954745
GustavusAdolphus,25,73.36,73.32,0.890465269,0.881637057,Weakness,Defensive,Offensive Rebounds (put backs),0.05,1.207,0.906,0.657,0.798763174,1.064135928
IllinoisTech,19,82.10526316,78.63157895,0.996617847,0.94550619,Strength,Defensive,Isolation,0.066,0.758,0.838,0.333,0.792334187,0.716693692
IllinoisTech,19,82.10526316,78.63157895,0.996617847,0.94550619,Strength,Defensive,P&R Ball Handler,0.098,0.699,0.838,0.343,0.792334187,0.660908827
IllinoisTech,19,82.10526316,78.63157895,0.996617847,0.94550619,Strength,Defensive,Miscellaneous,0.085,0.299,0.838,0.357,0.792334187,0.282706351
IllinoisTech,19,82.10526316,78.63157895,0.996617847,0.94550619,Strength,Defensive,P&R Roll Man,0.032,0.688,0.838,0.333,0.792334187,0.650508259
IllinoisTech,19,82.10526316,78.63157895,0.996617847,0.94550619,Weakness,Defensive,Transition,0.151,0.978,0.838,0.491,0.792334187,0.924705054
IllinoisTech,19,82.10526316,78.63157895,0.996617847,0.94550619,Weakness,Defensive,Spot Up,0.209,0.923,0.838,0.368,0.792334187,0.872702213
IllinoisTech,19,82.10526316,78.63157895,0.996617847,0.94550619,Weakness,Defensive,Cut,0.065,0.938,0.838,0.5,0.792334187,0.886884806
IllinoisTech,19,82.10526316,78.63157895,0.996617847,0.94550619,Weakness,Defensive,Hand Off,0.034,0.922,0.838,0.405,0.792334187,0.871756707
IllinoisTech,19,82.10526316,78.63157895,0.996617847,0.94550619,Weakness,Defensive,Offensive Rebounds (put backs),0.057,0.988,0.838,0.522,0.792334187,0.934160116
IllinoisTech,19,82.10526316,78.63157895,0.996617847,0.94550619,Weakness,Defensive,Off Screen,0.085,0.969,0.838,0.429,0.792334187,0.916195498
IllinoisTech,19,82.10526316,78.63157895,0.996617847,0.94550619,Weakness,Defensive,Post-Up,0.118,0.852,0.838,0.512,0.792334187,0.805571274
