team_name,number_of_games,team_poss,opp_poss,off_adjustment_factor,def_adjustment_factor,Type,Format,element_name,percentage_of_time,type_ppp,overall_average_ppp,field_goal_percentage
Albion,23,90.30434783,86.52173913,1.096140749,1.040381498,Strength,Offensive,Offensive Rebounds (put backs),0.075,1.213,0.87,0.628
Albion,23,90.30434783,86.52173913,1.096140749,1.040381498,Strength,Offensive,Cut,0.066,1.087,0.87,0.566
Albion,23,90.30434783,86.52173913,1.096140749,1.040381498,Strength,Offensive,Spot Up,0.315,0.914,0.87,0.36
Albion,23,90.30434783,86.52173913,1.096140749,1.040381498,Strength,Offensive,Transition,0.136,1.028,0.87,0.456
Albion,23,90.30434783,86.52173913,1.096140749,1.040381498,Weakness,Offensive,Post-Up,0.154,0.834,0.87,0.491
Albion,23,90.30434783,86.52173913,1.096140749,1.040381498,Weakness,Offensive,Miscellaneous,0.082,0.404,0.87,0.28
Albion,23,90.30434783,86.52173913,1.096140749,1.040381498,Weakness,Offensive,P&R Roll Man,0.014,0.379,0.87,0.154
Albion,23,90.30434783,86.52173913,1.096140749,1.040381498,Weakness,Offensive,Hand Off,0.017,0.833,0.87,0.393
Albion,23,90.30434783,86.52173913,1.096140749,1.040381498,Weakness,Offensive,Isolation,0.043,0.596,0.87,0.328
Albion,23,90.30434783,86.52173913,1.096140749,1.040381498,Weakness,Offensive,Off Screen,0.043,0.711,0.87,0.321
Albion,23,90.30434783,86.52173913,1.096140749,1.040381498,Weakness,Offensive,P&R Ball Handler,0.054,0.768,0.87,0.352
Albion,23,90.30434783,86.52173913,1.096140749,1.040381498,Strength,Defensive,Transition,0.142,0.929,0.971,0.459
Albion,23,90.30434783,86.52173913,1.096140749,1.040381498,Strength,Defensive,P&R Ball Handler,0.101,0.871,0.971,0.472
Albion,23,90.30434783,86.52173913,1.096140749,1.040381498,Strength,Defensive,Isolation,0.048,0.905,0.971,0.533
Albion,23,90.30434783,86.52173913,1.096140749,1.040381498,Strength,Defensive,P&R Roll Man,0.045,0.82,0.971,0.423
Albion,23,90.30434783,86.52173913,1.096140749,1.040381498,Strength,Defensive,Miscellaneous,0.067,0.664,0.971,0.375
Albion,23,90.30434783,86.52173913,1.096140749,1.040381498,Weakness,Defensive,Off Screen,0.078,1.071,0.971,0.492
Albion,23,90.30434783,86.52173913,1.096140749,1.040381498,Weakness,Defensive,Spot Up,0.284,0.986,0.971,0.402
Albion,23,90.30434783,86.52173913,1.096140749,1.040381498,Weakness,Defensive,Hand Off,0.037,1.11,0.971,0.46
Albion,23,90.30434783,86.52173913,1.096140749,1.040381498,Weakness,Defensive,Offensive Rebounds (put backs),0.045,1.247,0.971,0.619
Albion,23,90.30434783,86.52173913,1.096140749,1.040381498,Weakness,Defensive,Cut,0.071,1.121,0.971,0.574
Albion,23,90.30434783,86.52173913,1.096140749,1.040381498,Weakness,Defensive,Post-Up,0.082,1.055,0.971,0.548
Carthage,25,80.44,80.44,0.976404392,0.967251566,Strength,Offensive,Cut,0.069,1.072,0.926,0.58
Carthage,25,80.44,80.44,0.976404392,0.967251566,Strength,Offensive,Transition,0.103,1.168,0.926,0.539
Carthage,25,80.44,80.44,0.976404392,0.967251566,Strength,Offensive,Post-Up,0.133,0.948,0.926,0.522
Carthage,25,80.44,80.44,0.976404392,0.967251566,Strength,Offensive,Spot Up,0.245,0.988,0.926,0.374
Carthage,25,80.44,80.44,0.976404392,0.967251566,Strength,Offensive,Offensive Rebounds (put backs),0.062,1.136,0.926,0.578
Carthage,25,80.44,80.44,0.976404392,0.967251566,Strength,Offensive,P&R Ball Handler,0.094,0.942,0.926,0.489
Carthage,25,80.44,80.44,0.976404392,0.967251566,Weakness,Offensive,Off Screen,0.095,0.838,0.926,0.368
Carthage,25,80.44,80.44,0.976404392,0.967251566,Weakness,Offensive,Hand Off,0.01,0.7,0.926,0.294
Carthage,25,80.44,80.44,0.976404392,0.967251566,Weakness,Offensive,P&R Roll Man,0.028,0.772,0.926,0.37
Carthage,25,80.44,80.44,0.976404392,0.967251566,Weakness,Offensive,Isolation,0.079,0.804,0.926,0.36
Carthage,25,80.44,80.44,0.976404392,0.967251566,Weakness,Offensive,Miscellaneous,0.081,0.399,0.926,0.3
Carthage,25,80.44,80.44,0.976404392,0.967251566,Strength,Defensive,Post-Up,0.094,0.742,0.891,0.396
Carthage,25,80.44,80.44,0.976404392,0.967251566,Strength,Defensive,Miscellaneous,0.088,0.591,0.891,0.391
Carthage,25,80.44,80.44,0.976404392,0.967251566,Strength,Defensive,Hand Off,0.029,0.741,0.891,0.326
Carthage,25,80.44,80.44,0.976404392,0.967251566,Strength,Defensive,Isolation,0.044,0.693,0.891,0.358
Carthage,25,80.44,80.44,0.976404392,0.967251566,Strength,Defensive,P&R Ball Handler,0.125,0.809,0.891,0.406
Carthage,25,80.44,80.44,0.976404392,0.967251566,Weakness,Defensive,Transition,0.178,1.034,0.891,0.498
Carthage,25,80.44,80.44,0.976404392,0.967251566,Weakness,Defensive,Cut,0.087,1.115,0.891,0.584
Carthage,25,80.44,80.44,0.976404392,0.967251566,Weakness,Defensive,Offensive Rebounds (put backs),0.054,1.009,0.891,0.5
Carthage,25,80.44,80.44,0.976404392,0.967251566,Weakness,Defensive,P&R Roll Man,0.03,0.902,0.891,0.423
Carthage,25,80.44,80.44,0.976404392,0.967251566,Weakness,Defensive,Off Screen,0.063,1.063,0.891,0.41
Carthage,25,80.44,80.44,0.976404392,0.967251566,Weakness,Defensive,Spot Up,0.209,0.898,0.891,0.366
Chicago,25,82.4,80.84,1.000195449,0.97206137,Strength,Offensive,Off Screen,0.137,1.025,0.892,0.398
Chicago,25,82.4,80.84,1.000195449,0.97206137,Strength,Offensive,Spot Up,0.217,0.913,0.892,0.346
Chicago,25,82.4,80.84,1.000195449,0.97206137,Strength,Offensive,Offensive Rebounds (put backs),0.071,1.041,0.892,0.55
Chicago,25,82.4,80.84,1.000195449,0.97206137,Strength,Offensive,P&R Roll Man,0.029,1.017,0.892,0.522
Chicago,25,82.4,80.84,1.000195449,0.97206137,Strength,Offensive,Cut,0.085,1.091,0.892,0.546
Chicago,25,82.4,80.84,1.000195449,0.97206137,Strength,Offensive,Transition,0.124,0.926,0.892,0.462
Chicago,25,82.4,80.84,1.000195449,0.97206137,Weakness,Offensive,Post-Up,0.083,0.837,0.892,0.472
Chicago,25,82.4,80.84,1.000195449,0.97206137,Weakness,Offensive,Isolation,0.026,0.685,0.892,0.275
Chicago,25,82.4,80.84,1.000195449,0.97206137,Weakness,Offensive,Miscellaneous,0.089,0.443,0.892,0.538
Chicago,25,82.4,80.84,1.000195449,0.97206137,Weakness,Offensive,P&R Ball Handler,0.067,0.848,0.892,0.446
Chicago,25,82.4,80.84,1.000195449,0.97206137,Weakness,Offensive,Hand Off,0.071,0.815,0.892,0.301
Chicago,25,82.4,80.84,1.000195449,0.97206137,Strength,Defensive,Post-Up,0.087,0.761,0.881,0.452
Chicago,25,82.4,80.84,1.000195449,0.97206137,Strength,Defensive,Miscellaneous,0.064,0.589,0.881,0.455
Chicago,25,82.4,80.84,1.000195449,0.97206137,Strength,Defensive,Isolation,0.04,0.837,0.881,0.435
Chicago,25,82.4,80.84,1.000195449,0.97206137,Strength,Defensive,Hand Off,0.049,0.869,0.881,0.386
Chicago,25,82.4,80.84,1.000195449,0.97206137,Strength,Defensive,Off Screen,0.083,0.76,0.881,0.338
Chicago,25,82.4,80.84,1.000195449,0.97206137,Strength,Defensive,P&R Ball Handler,0.139,0.737,0.881,0.343
Chicago,25,82.4,80.84,1.000195449,0.97206137,Weakness,Defensive,Spot Up,0.236,0.905,0.881,0.363
Chicago,25,82.4,80.84,1.000195449,0.97206137,Weakness,Defensive,Offensive Rebounds (put backs),0.063,1.142,0.881,0.622
Chicago,25,82.4,80.84,1.000195449,0.97206137,Weakness,Defensive,Cut,0.061,1.097,0.881,0.578
Chicago,25,82.4,80.84,1.000195449,0.97206137,Weakness,Defensive,P&R Roll Man,0.038,1.13,0.881,0.514
Chicago,25,82.4,80.84,1.000195449,0.97206137,Weakness,Defensive,Transition,0.141,0.996,0.881,0.465
CornellCollege,14,80.71428571,81.42857143,0.979733753,0.979138653,Strength,Offensive,Cut,0.073,1.241,0.819,0.677
CornellCollege,14,80.71428571,81.42857143,0.979733753,0.979138653,Strength,Offensive,Post-Up,0.105,0.941,0.819,0.506
CornellCollege,14,80.71428571,81.42857143,0.979733753,0.979138653,Strength,Offensive,Transition,0.176,0.839,0.819,0.469
CornellCollege,14,80.71428571,81.42857143,0.979733753,0.979138653,Strength,Offensive,Spot Up,0.237,0.825,0.819,0.323
CornellCollege,14,80.71428571,81.42857143,0.979733753,0.979138653,Strength,Offensive,Offensive Rebounds (put backs),0.064,1.153,0.819,0.586
CornellCollege,14,80.71428571,81.42857143,0.979733753,0.979138653,Strength,Offensive,Hand Off,0.018,0.85,0.819,0.294
CornellCollege,14,80.71428571,81.42857143,0.979733753,0.979138653,Weakness,Offensive,Miscellaneous,0.096,0.422,0.819,0.375
CornellCollege,14,80.71428571,81.42857143,0.979733753,0.979138653,Weakness,Offensive,P&R Ball Handler,0.127,0.618,0.819,0.35
CornellCollege,14,80.71428571,81.42857143,0.979733753,0.979138653,Weakness,Offensive,P&R Roll Man,0.044,0.76,0.819,0.371
CornellCollege,14,80.71428571,81.42857143,0.979733753,0.979138653,Weakness,Offensive,Isolation,0.03,0.765,0.819,0.318
CornellCollege,14,80.71428571,81.42857143,0.979733753,0.979138653,Weakness,Offensive,Off Screen,0.028,0.75,0.819,0.37
CornellCollege,14,80.71428571,81.42857143,0.979733753,0.979138653,Strength,Defensive,Isolation,0.038,0.767,0.89,0.289
CornellCollege,14,80.71428571,81.42857143,0.979733753,0.979138653,Strength,Defensive,Miscellaneous,0.046,0.596,0.89,0.556
CornellCollege,14,80.71428571,81.42857143,0.979733753,0.979138653,Strength,Defensive,Transition,0.194,0.842,0.89,0.473
CornellCollege,14,80.71428571,81.42857143,0.979733753,0.979138653,Strength,Defensive,P&R Ball Handler,0.146,0.778,0.89,0.39
CornellCollege,14,80.71428571,81.42857143,0.979733753,0.979138653,Strength,Defensive,Off Screen,0.055,0.873,0.89,0.345
CornellCollege,14,80.71428571,81.42857143,0.979733753,0.979138653,Strength,Defensive,P&R Roll Man,0.047,0.704,0.89,0.357
CornellCollege,14,80.71428571,81.42857143,0.979733753,0.979138653,Weakness,Defensive,Spot Up,0.223,0.925,0.89,0.367
CornellCollege,14,80.71428571,81.42857143,0.979733753,0.979138653,Weakness,Defensive,Hand Off,0.039,0.978,0.89,0.421
CornellCollege,14,80.71428571,81.42857143,0.979733753,0.979138653,Weakness,Defensive,Offensive Rebounds (put backs),0.047,1.278,0.89,0.659
CornellCollege,14,80.71428571,81.42857143,0.979733753,0.979138653,Weakness,Defensive,Cut,0.065,1.189,0.89,0.603
CornellCollege,14,80.71428571,81.42857143,0.979733753,0.979138653,Weakness,Defensive,Post-Up,0.099,0.938,0.89,0.524
DominicanIL,25,80.68,83.04,0.979317583,0.998515292,Strength,Offensive,Cut,0.059,0.89,0.816,0.448
DominicanIL,25,80.68,83.04,0.979317583,0.998515292,Strength,Offensive,P&R Ball Handler,0.126,0.886,0.816,0.466
DominicanIL,25,80.68,83.04,0.979317583,0.998515292,Strength,Offensive,Transition,0.194,0.87,0.816,0.446
DominicanIL,25,80.68,83.04,0.979317583,0.998515292,Strength,Offensive,Spot Up,0.245,0.859,0.816,0.354
DominicanIL,25,80.68,83.04,0.979317583,0.998515292,Strength,Offensive,Hand Off,0.031,1,0.816,0.447
DominicanIL,25,80.68,83.04,0.979317583,0.998515292,Strength,Offensive,Offensive Rebounds (put backs),0.04,1.025,0.816,0.523
DominicanIL,25,80.68,83.04,0.979317583,0.998515292,Weakness,Offensive,Miscellaneous,0.066,0.346,0.816,0.467
DominicanIL,25,80.68,83.04,0.979317583,0.998515292,Weakness,Offensive,Post-Up,0.091,0.781,0.816,0.387
DominicanIL,25,80.68,83.04,0.979317583,0.998515292,Weakness,Offensive,Isolation,0.055,0.764,0.816,0.376
DominicanIL,25,80.68,83.04,0.979317583,0.998515292,Weakness,Offensive,Off Screen,0.052,0.673,0.816,0.281
DominicanIL,25,80.68,83.04,0.979317583,0.998515292,Weakness,Offensive,P&R Roll Man,0.042,0.714,0.816,0.314
DominicanIL,25,80.68,83.04,0.979317583,0.998515292,Strength,Defensive,Miscellaneous,0.075,0.487,0.906,0.542
DominicanIL,25,80.68,83.04,0.979317583,0.998515292,Strength,Defensive,Isolation,0.044,0.826,0.906,0.448
DominicanIL,25,80.68,83.04,0.979317583,0.998515292,Strength,Defensive,Hand Off,0.032,0.788,0.906,0.373
DominicanIL,25,80.68,83.04,0.979317583,0.998515292,Strength,Defensive,Spot Up,0.203,0.882,0.906,0.368
DominicanIL,25,80.68,83.04,0.979317583,0.998515292,Strength,Defensive,P&R Ball Handler,0.112,0.797,0.906,0.425
DominicanIL,25,80.68,83.04,0.979317583,0.998515292,Strength,Defensive,Post-Up,0.099,0.732,0.906,0.421
DominicanIL,25,80.68,83.04,0.979317583,0.998515292,Weakness,Defensive,Offensive Rebounds (put backs),0.065,1.187,0.906,0.62
DominicanIL,25,80.68,83.04,0.979317583,0.998515292,Weakness,Defensive,Cut,0.111,1.229,0.906,0.656
DominicanIL,25,80.68,83.04,0.979317583,0.998515292,Weakness,Defensive,Transition,0.175,0.956,0.906,0.496
DominicanIL,25,80.68,83.04,0.979317583,0.998515292,Weakness,Defensive,P&R Roll Man,0.029,1.082,0.906,0.468
DominicanIL,25,80.68,83.04,0.979317583,0.998515292,Weakness,Defensive,Off Screen,0.055,1,0.906,0.451
EastWest,17,92.70588235,93.52941176,1.125291282,1.124645326,Strength,Offensive,Hand Off,0.01,0.867,0.735,0.364
EastWest,17,92.70588235,93.52941176,1.125291282,1.124645326,Strength,Offensive,P&R Roll Man,0.018,0.759,0.735,0.3
EastWest,17,92.70588235,93.52941176,1.125291282,1.124645326,Strength,Offensive,Off Screen,0.027,0.907,0.735,0.441
EastWest,17,92.70588235,93.52941176,1.125291282,1.124645326,Strength,Offensive,Cut,0.071,0.955,0.735,0.511
EastWest,17,92.70588235,93.52941176,1.125291282,1.124645326,Strength,Offensive,Offensive Rebounds (put backs),0.082,0.769,0.735,0.406
EastWest,17,92.70588235,93.52941176,1.125291282,1.124645326,Strength,Offensive,Transition,0.206,0.911,0.735,0.443
EastWest,17,92.70588235,93.52941176,1.125291282,1.124645326,Strength,Offensive,Spot Up,0.214,0.78,0.735,0.316
EastWest,17,92.70588235,93.52941176,1.125291282,1.124645326,Weakness,Offensive,Miscellaneous,0.101,0.377,0.735,0.273
EastWest,17,92.70588235,93.52941176,1.125291282,1.124645326,Weakness,Offensive,P&R Ball Handler,0.072,0.482,0.735,0.264
EastWest,17,92.70588235,93.52941176,1.125291282,1.124645326,Weakness,Offensive,Post-Up,0.091,0.708,0.735,0.41
EastWest,17,92.70588235,93.52941176,1.125291282,1.124645326,Weakness,Offensive,Isolation,0.107,0.607,0.735,0.279
EastWest,17,92.70588235,93.52941176,1.125291282,1.124645326,Strength,Defensive,Miscellaneous,0.094,0.667,1.023,0.5
EastWest,17,92.70588235,93.52941176,1.125291282,1.124645326,Strength,Defensive,Off Screen,0.028,0.659,1.023,0.27
EastWest,17,92.70588235,93.52941176,1.125291282,1.124645326,Strength,Defensive,P&R Ball Handler,0.038,0.885,1.023,0.422
EastWest,17,92.70588235,93.52941176,1.125291282,1.124645326,Strength,Defensive,Isolation,0.043,0.855,1.023,0.415
EastWest,17,92.70588235,93.52941176,1.125291282,1.124645326,Strength,Defensive,Post-Up,0.062,0.848,1.023,0.478
EastWest,17,92.70588235,93.52941176,1.125291282,1.124645326,Weakness,Defensive,Cut,0.108,1.093,1.023,0.56
EastWest,17,92.70588235,93.52941176,1.125291282,1.124645326,Weakness,Defensive,Offensive Rebounds (put backs),0.087,1.173,1.023,0.62
EastWest,17,92.70588235,93.52941176,1.125291282,1.124645326,Weakness,Defensive,Hand Off,0.017,1.037,1.023,0.45
EastWest,17,92.70588235,93.52941176,1.125291282,1.124645326,Weakness,Defensive,Spot Up,0.233,1.143,1.023,0.437
EastWest,17,92.70588235,93.52941176,1.125291282,1.124645326,Weakness,Defensive,P&R Roll Man,0.007,1.182,1.023,0.5
EastWest,17,92.70588235,93.52941176,1.125291282,1.124645326,Weakness,Defensive,Transition,0.281,1.085,1.023,0.541
Fontbonne,15,99.93333333,102.6666667,1.213020209,1.234516337,Strength,Offensive,Cut,0.105,0.987,0.882,0.521
Fontbonne,15,99.93333333,102.6666667,1.213020209,1.234516337,Strength,Offensive,Offensive Rebounds (put backs),0.065,1.041,0.882,0.507
Fontbonne,15,99.93333333,102.6666667,1.213020209,1.234516337,Strength,Offensive,Off Screen,0.064,1.156,0.882,0.512
Fontbonne,15,99.93333333,102.6666667,1.213020209,1.234516337,Strength,Offensive,Hand Off,0.011,1.235,0.882,0.533
Fontbonne,15,99.93333333,102.6666667,1.213020209,1.234516337,Strength,Offensive,Transition,0.273,1.017,0.882,0.566
Fontbonne,15,99.93333333,102.6666667,1.213020209,1.234516337,Strength,Offensive,Spot Up,0.207,0.926,0.882,0.367
Fontbonne,15,99.93333333,102.6666667,1.213020209,1.234516337,Weakness,Offensive,Miscellaneous,0.133,0.34,0.882,0.455
Fontbonne,15,99.93333333,102.6666667,1.213020209,1.234516337,Weakness,Offensive,Post-Up,0.065,0.857,0.882,0.478
Fontbonne,15,99.93333333,102.6666667,1.213020209,1.234516337,Weakness,Offensive,Isolation,0.056,0.619,0.882,0.281
Fontbonne,15,99.93333333,102.6666667,1.213020209,1.234516337,Weakness,Offensive,P&R Ball Handler,0.015,0.87,0.882,0.4
Fontbonne,15,99.93333333,102.6666667,1.213020209,1.234516337,Weakness,Offensive,P&R Roll Man,0.004,0.833,0.882,0.333
Fontbonne,15,99.93333333,102.6666667,1.213020209,1.234516337,Strength,Defensive,Miscellaneous,0.081,0.544,0.963,0.667
Fontbonne,15,99.93333333,102.6666667,1.213020209,1.234516337,Strength,Defensive,P&R Ball Handler,0.089,0.781,0.963,0.374
Fontbonne,15,99.93333333,102.6666667,1.213020209,1.234516337,Strength,Defensive,Post-Up,0.063,0.773,0.963,0.423
Fontbonne,15,99.93333333,102.6666667,1.213020209,1.234516337,Strength,Defensive,Isolation,0.036,0.839,0.963,0.436
Fontbonne,15,99.93333333,102.6666667,1.213020209,1.234516337,Strength,Defensive,Hand Off,0.021,0.909,0.963,0.357
Fontbonne,15,99.93333333,102.6666667,1.213020209,1.234516337,Weakness,Defensive,Off Screen,0.044,1.224,0.963,0.5
Fontbonne,15,99.93333333,102.6666667,1.213020209,1.234516337,Weakness,Defensive,P&R Roll Man,0.027,1.357,0.963,0.629
Fontbonne,15,99.93333333,102.6666667,1.213020209,1.234516337,Weakness,Defensive,Offensive Rebounds (put backs),0.079,1.091,0.963,0.576
Fontbonne,15,99.93333333,102.6666667,1.213020209,1.234516337,Weakness,Defensive,Cut,0.085,1.069,0.963,0.579
Fontbonne,15,99.93333333,102.6666667,1.213020209,1.234516337,Weakness,Defensive,Spot Up,0.233,0.983,0.963,0.374
Fontbonne,15,99.93333333,102.6666667,1.213020209,1.234516337,Weakness,Defensive,Transition,0.242,1.054,0.963,0.504
Knox,17,79,81.64705882,0.958925249,0.981765857,Strength,Offensive,Post-Up,0.112,0.813,0.792,0.443
Knox,17,79,81.64705882,0.958925249,0.981765857,Strength,Offensive,Cut,0.077,1.107,0.792,0.573
Knox,17,79,81.64705882,0.958925249,0.981765857,Strength,Offensive,Offensive Rebounds (put backs),0.051,1.074,0.792,0.6
Knox,17,79,81.64705882,0.958925249,0.981765857,Strength,Offensive,Spot Up,0.189,0.898,0.792,0.362
Knox,17,79,81.64705882,0.958925249,0.981765857,Strength,Offensive,Transition,0.148,0.94,0.792,0.464
Knox,17,79,81.64705882,0.958925249,0.981765857,Strength,Offensive,Off Screen,0.09,0.81,0.792,0.34
Knox,17,79,81.64705882,0.958925249,0.981765857,Weakness,Offensive,Miscellaneous,0.089,0.202,0.792,0.385
Knox,17,79,81.64705882,0.958925249,0.981765857,Weakness,Offensive,P&R Ball Handler,0.127,0.612,0.792,0.336
Knox,17,79,81.64705882,0.958925249,0.981765857,Weakness,Offensive,Hand Off,0.045,0.65,0.792,0.356
Knox,17,79,81.64705882,0.958925249,0.981765857,Weakness,Offensive,Isolation,0.041,0.782,0.792,0.4
Knox,17,79,81.64705882,0.958925249,0.981765857,Weakness,Offensive,P&R Roll Man,0.033,0.705,0.792,0.324
Knox,17,79,81.64705882,0.958925249,0.981765857,Strength,Defensive,P&R Ball Handler,0.089,0.823,0.95,0.44
Knox,17,79,81.64705882,0.958925249,0.981765857,Strength,Defensive,Miscellaneous,0.081,0.429,0.95,0.353
Knox,17,79,81.64705882,0.958925249,0.981765857,Strength,Defensive,Off Screen,0.072,0.59,0.95,0.229
Knox,17,79,81.64705882,0.958925249,0.981765857,Weakness,Defensive,Cut,0.082,1.158,0.95,0.613
Knox,17,79,81.64705882,0.958925249,0.981765857,Weakness,Defensive,Spot Up,0.263,0.962,0.95,0.383
Knox,17,79,81.64705882,0.958925249,0.981765857,Weakness,Defensive,Post-Up,0.077,0.963,0.95,0.594
Knox,17,79,81.64705882,0.958925249,0.981765857,Weakness,Defensive,Isolation,0.036,1.1,0.95,0.568
Knox,17,79,81.64705882,0.958925249,0.981765857,Weakness,Defensive,P&R Roll Man,0.036,1.04,0.95,0.475
Knox,17,79,81.64705882,0.958925249,0.981765857,Weakness,Defensive,Hand Off,0.029,1.05,0.95,0.583
Knox,17,79,81.64705882,0.958925249,0.981765857,Weakness,Defensive,Offensive Rebounds (put backs),0.066,1.044,0.95,0.528
Knox,17,79,81.64705882,0.958925249,0.981765857,Weakness,Defensive,Transition,0.169,1.191,0.95,0.637
MoodyBible,5,82.8,91.4,1.005050767,1.099040193,Strength,Offensive,Post-Up,0.046,0.737,0.734,0.462
MoodyBible,5,82.8,91.4,1.005050767,1.099040193,Strength,Offensive,Offensive Rebounds (put backs),0.036,1,0.734,0.5
MoodyBible,5,82.8,91.4,1.005050767,1.099040193,Strength,Offensive,P&R Roll Man,0.01,0.75,0.734,0.25
MoodyBible,5,82.8,91.4,1.005050767,1.099040193,Strength,Offensive,Spot Up,0.263,0.89,0.734,0.379
MoodyBible,5,82.8,91.4,1.005050767,1.099040193,Strength,Offensive,Hand Off,0.094,0.923,0.734,0.344
MoodyBible,5,82.8,91.4,1.005050767,1.099040193,Strength,Offensive,Off Screen,0.087,1.111,0.734,0.5
MoodyBible,5,82.8,91.4,1.005050767,1.099040193,Weakness,Offensive,P&R Ball Handler,0.068,0.607,0.734,0.3
MoodyBible,5,82.8,91.4,1.005050767,1.099040193,Weakness,Offensive,Miscellaneous,0.094,0.256,0.734,0.75
MoodyBible,5,82.8,91.4,1.005050767,1.099040193,Weakness,Offensive,Transition,0.128,0.566,0.734,0.289
MoodyBible,5,82.8,91.4,1.005050767,1.099040193,Weakness,Offensive,Isolation,0.101,0.524,0.734,0.3
MoodyBible,5,82.8,91.4,1.005050767,1.099040193,Weakness,Offensive,Cut,0.072,0.667,0.734,0.321
MoodyBible,5,82.8,91.4,1.005050767,1.099040193,Strength,Defensive,Miscellaneous,0.072,0.242,0.989,0.5
MoodyBible,5,82.8,91.4,1.005050767,1.099040193,Strength,Defensive,Spot Up,0.221,0.95,0.989,0.375
MoodyBible,5,82.8,91.4,1.005050767,1.099040193,Strength,Defensive,P&R Ball Handler,0.063,0.552,0.989,0.316
MoodyBible,5,82.8,91.4,1.005050767,1.099040193,Strength,Defensive,Isolation,0.037,0.647,0.989,0.333
MoodyBible,5,82.8,91.4,1.005050767,1.099040193,Strength,Defensive,Hand Off,0.018,0.75,0.989,0.429
MoodyBible,5,82.8,91.4,1.005050767,1.099040193,Weakness,Defensive,Post-Up,0.057,1.154,0.989,0.619
MoodyBible,5,82.8,91.4,1.005050767,1.099040193,Weakness,Defensive,P&R Roll Man,0.015,1.286,0.989,0.571
MoodyBible,5,82.8,91.4,1.005050767,1.099040193,Weakness,Defensive,Transition,0.267,1.156,0.989,0.594
MoodyBible,5,82.8,91.4,1.005050767,1.099040193,Weakness,Defensive,Offensive Rebounds (put backs),0.096,1.182,0.989,0.595
MoodyBible,5,82.8,91.4,1.005050767,1.099040193,Weakness,Defensive,Cut,0.083,1.184,0.989,0.556
MoodyBible,5,82.8,91.4,1.005050767,1.099040193,Weakness,Defensive,Off Screen,0.07,1.188,0.989,0.448
MSOE,26,80.34615385,79.96153846,0.97526526,0.961498301,Strength,Offensive,P&R Roll Man,0.04,1,0.903,0.493
MSOE,26,80.34615385,79.96153846,0.97526526,0.961498301,Strength,Offensive,Transition,0.107,0.924,0.903,0.507
MSOE,26,80.34615385,79.96153846,0.97526526,0.961498301,Strength,Offensive,Off Screen,0.079,0.91,0.903,0.403
MSOE,26,80.34615385,79.96153846,0.97526526,0.961498301,Strength,Offensive,Hand Off,0.009,0.947,0.903,0.5
MSOE,26,80.34615385,79.96153846,0.97526526,0.961498301,Strength,Offensive,Offensive Rebounds (put backs),0.035,1.284,0.903,0.739
MSOE,26,80.34615385,79.96153846,0.97526526,0.961498301,Strength,Offensive,Spot Up,0.28,0.92,0.903,0.391
MSOE,26,80.34615385,79.96153846,0.97526526,0.961498301,Strength,Offensive,Cut,0.114,1.097,0.903,0.597
MSOE,26,80.34615385,79.96153846,0.97526526,0.961498301,Weakness,Offensive,Isolation,0.043,0.697,0.903,0.394
MSOE,26,80.34615385,79.96153846,0.97526526,0.961498301,Weakness,Offensive,Miscellaneous,0.085,0.567,0.903,0.238
MSOE,26,80.34615385,79.96153846,0.97526526,0.961498301,Weakness,Offensive,P&R Ball Handler,0.114,0.828,0.903,0.421
MSOE,26,80.34615385,79.96153846,0.97526526,0.961498301,Weakness,Offensive,Post-Up,0.093,0.892,0.903,0.518
MSOE,26,80.34615385,79.96153846,0.97526526,0.961498301,Strength,Defensive,Off Screen,0.071,0.878,0.884,0.385
MSOE,26,80.34615385,79.96153846,0.97526526,0.961498301,Strength,Defensive,Spot Up,0.228,0.882,0.884,0.359
MSOE,26,80.34615385,79.96153846,0.97526526,0.961498301,Strength,Defensive,P&R Ball Handler,0.117,0.848,0.884,0.419
MSOE,26,80.34615385,79.96153846,0.97526526,0.961498301,Strength,Defensive,Post-Up,0.085,0.847,0.884,0.449
MSOE,26,80.34615385,79.96153846,0.97526526,0.961498301,Strength,Defensive,Isolation,0.075,0.846,0.884,0.457
MSOE,26,80.34615385,79.96153846,0.97526526,0.961498301,Strength,Defensive,Miscellaneous,0.063,0.504,0.884,0.308
MSOE,26,80.34615385,79.96153846,0.97526526,0.961498301,Strength,Defensive,Hand Off,0.033,0.809,0.884,0.393
MSOE,26,80.34615385,79.96153846,0.97526526,0.961498301,Weakness,Defensive,P&R Roll Man,0.046,0.969,0.884,0.494
MSOE,26,80.34615385,79.96153846,0.97526526,0.961498301,Weakness,Defensive,Transition,0.162,0.958,0.884,0.492
MSOE,26,80.34615385,79.96153846,0.97526526,0.961498301,Weakness,Defensive,Cut,0.068,1.077,0.884,0.577
MSOE,26,80.34615385,79.96153846,0.97526526,0.961498301,Weakness,Defensive,Offensive Rebounds (put backs),0.051,1.038,0.884,0.527
Roosevelt,34,73,74.17647059,0.886095483,0.891935696,Strength,Offensive,Transition,0.147,1.14,0.945,0.551
Roosevelt,34,73,74.17647059,0.886095483,0.891935696,Strength,Offensive,Off Screen,0.082,1.039,0.945,0.419
Roosevelt,34,73,74.17647059,0.886095483,0.891935696,Strength,Offensive,Offensive Rebounds (put backs),0.043,1.093,0.945,0.584
Roosevelt,34,73,74.17647059,0.886095483,0.891935696,Strength,Offensive,Spot Up,0.223,1.047,0.945,0.406
Roosevelt,34,73,74.17647059,0.886095483,0.891935696,Strength,Offensive,P&R Roll Man,0.035,1.195,0.945,0.548
Roosevelt,34,73,74.17647059,0.886095483,0.891935696,Strength,Offensive,Cut,0.085,1.147,0.945,0.631
Roosevelt,34,73,74.17647059,0.886095483,0.891935696,Weakness,Offensive,Isolation,0.053,0.742,0.945,0.364
Roosevelt,34,73,74.17647059,0.886095483,0.891935696,Weakness,Offensive,Miscellaneous,0.104,0.585,0.945,0.222
Roosevelt,34,73,74.17647059,0.886095483,0.891935696,Weakness,Offensive,P&R Ball Handler,0.097,0.763,0.945,0.365
Roosevelt,34,73,74.17647059,0.886095483,0.891935696,Weakness,Offensive,Hand Off,0.033,0.671,0.945,0.297
Roosevelt,34,73,74.17647059,0.886095483,0.891935696,Weakness,Offensive,Post-Up,0.097,0.772,0.945,0.457
Roosevelt,34,73,74.17647059,0.886095483,0.891935696,Strength,Defensive,Isolation,0.077,0.718,0.841,0.347
Roosevelt,34,73,74.17647059,0.886095483,0.891935696,Strength,Defensive,Miscellaneous,0.086,0.435,0.841,0.346
Roosevelt,34,73,74.17647059,0.886095483,0.891935696,Strength,Defensive,P&R Roll Man,0.025,0.758,0.841,0.419
Roosevelt,34,73,74.17647059,0.886095483,0.891935696,Strength,Defensive,Off Screen,0.037,0.742,0.841,0.299
Roosevelt,34,73,74.17647059,0.886095483,0.891935696,Strength,Defensive,P&R Ball Handler,0.094,0.771,0.841,0.375
Roosevelt,34,73,74.17647059,0.886095483,0.891935696,Weakness,Defensive,Spot Up,0.262,0.895,0.841,0.36
Roosevelt,34,73,74.17647059,0.886095483,0.891935696,Weakness,Defensive,Hand Off,0.023,0.898,0.841,0.452
Roosevelt,34,73,74.17647059,0.886095483,0.891935696,Weakness,Defensive,Offensive Rebounds (put backs),0.061,0.948,0.841,0.462
Roosevelt,34,73,74.17647059,0.886095483,0.891935696,Weakness,Defensive,Cut,0.084,1.085,0.841,0.56
Roosevelt,34,73,74.17647059,0.886095483,0.891935696,Weakness,Defensive,Post-Up,0.112,0.844,0.841,0.469
Roosevelt,34,73,74.17647059,0.886095483,0.891935696,Weakness,Defensive,Transition,0.14,0.941,0.841,0.46
Wabash,26,80.11538462,79.26923077,0.972464115,0.95317364,Strength,Offensive,Transition,0.106,0.909,0.885,0.423
Wabash,26,80.11538462,79.26923077,0.972464115,0.95317364,Strength,Offensive,Post-Up,0.108,0.964,0.885,0.503
Wabash,26,80.11538462,79.26923077,0.972464115,0.95317364,Strength,Offensive,Spot Up,0.238,0.956,0.885,0.364
Wabash,26,80.11538462,79.26923077,0.972464115,0.95317364,Strength,Offensive,P&R Roll Man,0.038,0.975,0.885,0.532
Wabash,26,80.11538462,79.26923077,0.972464115,0.95317364,Strength,Offensive,Hand Off,0.04,0.952,0.885,0.412
Wabash,26,80.11538462,79.26923077,0.972464115,0.95317364,Strength,Offensive,Cut,0.05,1.124,0.885,0.6
Wabash,26,80.11538462,79.26923077,0.972464115,0.95317364,Strength,Offensive,Offensive Rebounds (put backs),0.06,1,0.885,0.529
Wabash,26,80.11538462,79.26923077,0.972464115,0.95317364,Weakness,Offensive,Off Screen,0.048,0.87,0.885,0.33
Wabash,26,80.11538462,79.26923077,0.972464115,0.95317364,Weakness,Offensive,Miscellaneous,0.075,0.58,0.885,0.308
Wabash,26,80.11538462,79.26923077,0.972464115,0.95317364,Weakness,Offensive,P&R Ball Handler,0.184,0.76,0.885,0.304
Wabash,26,80.11538462,79.26923077,0.972464115,0.95317364,Weakness,Offensive,Isolation,0.052,0.759,0.885,0.333
Wabash,26,80.11538462,79.26923077,0.972464115,0.95317364,Strength,Defensive,P&R Ball Handler,0.132,0.835,0.899,0.364
Wabash,26,80.11538462,79.26923077,0.972464115,0.95317364,Strength,Defensive,Post-Up,0.102,0.886,0.899,0.478
Wabash,26,80.11538462,79.26923077,0.972464115,0.95317364,Strength,Defensive,Off Screen,0.076,0.821,0.899,0.338
Wabash,26,80.11538462,79.26923077,0.972464115,0.95317364,Strength,Defensive,Hand Off,0.041,0.588,0.899,0.244
Wabash,26,80.11538462,79.26923077,0.972464115,0.95317364,Strength,Defensive,Miscellaneous,0.054,0.536,0.899,0.474
Wabash,26,80.11538462,79.26923077,0.972464115,0.95317364,Weakness,Defensive,Isolation,0.051,0.99,0.899,0.447
Wabash,26,80.11538462,79.26923077,0.972464115,0.95317364,Weakness,Defensive,Spot Up,0.212,0.929,0.899,0.358
Wabash,26,80.11538462,79.26923077,0.972464115,0.95317364,Weakness,Defensive,Transition,0.165,0.988,0.899,0.461
Wabash,26,80.11538462,79.26923077,0.972464115,0.95317364,Weakness,Defensive,Cut,0.061,0.992,0.899,0.528
Wabash,26,80.11538462,79.26923077,0.972464115,0.95317364,Weakness,Defensive,P&R Roll Man,0.054,0.919,0.899,0.412
Wabash,26,80.11538462,79.26923077,0.972464115,0.95317364,Weakness,Defensive,Offensive Rebounds (put backs),0.052,1.206,0.899,0.605
WheatonIL,26,81.07692308,81.92307692,0.984135552,0.985084839,Strength,Offensive,Cut,0.098,1.32,0.989,0.681
WheatonIL,26,81.07692308,81.92307692,0.984135552,0.985084839,Strength,Offensive,Offensive Rebounds (put backs),0.062,1.185,0.989,0.628
WheatonIL,26,81.07692308,81.92307692,0.984135552,0.985084839,Strength,Offensive,Hand Off,0.047,1.01,0.989,0.407
WheatonIL,26,81.07692308,81.92307692,0.984135552,0.985084839,Strength,Offensive,Transition,0.148,1.167,0.989,0.573
WheatonIL,26,81.07692308,81.92307692,0.984135552,0.985084839,Strength,Offensive,Off Screen,0.133,1.054,0.989,0.42
WheatonIL,26,81.07692308,81.92307692,0.984135552,0.985084839,Weakness,Offensive,P&R Roll Man,0.01,0.727,0.989,0.35
WheatonIL,26,81.07692308,81.92307692,0.984135552,0.985084839,Weakness,Offensive,Miscellaneous,0.099,0.651,0.989,0.458
WheatonIL,26,81.07692308,81.92307692,0.984135552,0.985084839,Weakness,Offensive,P&R Ball Handler,0.042,0.674,0.989,0.273
WheatonIL,26,81.07692308,81.92307692,0.984135552,0.985084839,Weakness,Offensive,Post-Up,0.043,0.889,0.989,0.507
WheatonIL,26,81.07692308,81.92307692,0.984135552,0.985084839,Weakness,Offensive,Isolation,0.087,0.875,0.989,0.418
WheatonIL,26,81.07692308,81.92307692,0.984135552,0.985084839,Weakness,Offensive,Spot Up,0.231,0.918,0.989,0.385
WheatonIL,26,81.07692308,81.92307692,0.984135552,0.985084839,Strength,Defensive,Spot Up,0.215,0.893,0.911,0.354
WheatonIL,26,81.07692308,81.92307692,0.984135552,0.985084839,Strength,Defensive,Miscellaneous,0.069,0.411,0.911,0.28
WheatonIL,26,81.07692308,81.92307692,0.984135552,0.985084839,Strength,Defensive,P&R Roll Man,0.035,0.907,0.911,0.429
WheatonIL,26,81.07692308,81.92307692,0.984135552,0.985084839,Strength,Defensive,Isolation,0.046,0.784,0.911,0.355
WheatonIL,26,81.07692308,81.92307692,0.984135552,0.985084839,Strength,Defensive,Post-Up,0.088,0.904,0.911,0.511
WheatonIL,26,81.07692308,81.92307692,0.984135552,0.985084839,Strength,Defensive,Off Screen,0.089,0.836,0.911,0.337
WheatonIL,26,81.07692308,81.92307692,0.984135552,0.985084839,Strength,Defensive,P&R Ball Handler,0.133,0.849,0.911,0.433
WheatonIL,26,81.07692308,81.92307692,0.984135552,0.985084839,Weakness,Defensive,Hand Off,0.028,1.05,0.911,0.438
WheatonIL,26,81.07692308,81.92307692,0.984135552,0.985084839,Weakness,Defensive,Transition,0.137,1.086,0.911,0.531
WheatonIL,26,81.07692308,81.92307692,0.984135552,0.985084839,Weakness,Defensive,Cut,0.094,1.125,0.911,0.573
WheatonIL,26,81.07692308,81.92307692,0.984135552,0.985084839,Weakness,Defensive,Offensive Rebounds (put backs),0.067,1.092,0.911,0.561
Kalamazoo,25,80.08,82.6,0.972034606,0.993224507,Strength,Offensive,Hand Off,0.012,0.958,0.805,0.5
Kalamazoo,25,80.08,82.6,0.972034606,0.993224507,Strength,Offensive,Spot Up,0.29,0.821,0.805,0.348
Kalamazoo,25,80.08,82.6,0.972034606,0.993224507,Strength,Offensive,Transition,0.157,0.975,0.805,0.521
Kalamazoo,25,80.08,82.6,0.972034606,0.993224507,Strength,Offensive,Post-Up,0.105,0.957,0.805,0.606
Kalamazoo,25,80.08,82.6,0.972034606,0.993224507,Strength,Offensive,Cut,0.077,0.961,0.805,0.549
Kalamazoo,25,80.08,82.6,0.972034606,0.993224507,Strength,Offensive,Offensive Rebounds (put backs),0.053,0.943,0.805,0.474
Kalamazoo,25,80.08,82.6,0.972034606,0.993224507,Strength,Offensive,P&R Roll Man,0.019,1.077,0.805,0.538
Kalamazoo,25,80.08,82.6,0.972034606,0.993224507,Weakness,Offensive,P&R Ball Handler,0.112,0.778,0.805,0.389
Kalamazoo,25,80.08,82.6,0.972034606,0.993224507,Weakness,Offensive,Off Screen,0.041,0.711,0.805,0.294
Kalamazoo,25,80.08,82.6,0.972034606,0.993224507,Weakness,Offensive,Isolation,0.032,0.578,0.805,0.432
Kalamazoo,25,80.08,82.6,0.972034606,0.993224507,Weakness,Offensive,Miscellaneous,0.101,0.218,0.805,0.294
Kalamazoo,25,80.08,82.6,0.972034606,0.993224507,Strength,Defensive,Off Screen,0.076,0.745,0.877,0.315
Kalamazoo,25,80.08,82.6,0.972034606,0.993224507,Strength,Defensive,Miscellaneous,0.077,0.627,0.877,0.45
Kalamazoo,25,80.08,82.6,0.972034606,0.993224507,Strength,Defensive,P&R Roll Man,0.025,0.827,0.877,0.421
Kalamazoo,25,80.08,82.6,0.972034606,0.993224507,Strength,Defensive,Hand Off,0.028,0.719,0.877,0.304
Kalamazoo,25,80.08,82.6,0.972034606,0.993224507,Strength,Defensive,P&R Ball Handler,0.069,0.592,0.877,0.299
Kalamazoo,25,80.08,82.6,0.972034606,0.993224507,Strength,Defensive,Post-Up,0.075,0.729,0.877,0.44
Kalamazoo,25,80.08,82.6,0.972034606,0.993224507,Weakness,Defensive,Transition,0.151,1.019,0.877,0.511
Kalamazoo,25,80.08,82.6,0.972034606,0.993224507,Weakness,Defensive,Isolation,0.052,0.953,0.877,0.464
Kalamazoo,25,80.08,82.6,0.972034606,0.993224507,Weakness,Defensive,Offensive Rebounds (put backs),0.058,0.916,0.877,0.468
Kalamazoo,25,80.08,82.6,0.972034606,0.993224507,Weakness,Defensive,Cut,0.089,1.066,0.877,0.584
Kalamazoo,25,80.08,82.6,0.972034606,0.993224507,Weakness,Defensive,Spot Up,0.302,0.949,0.877,0.375
NorthPark,25,78.6,80.88,0.954069931,0.972542351,Strength,Offensive,Off Screen,0.088,0.936,0.831,0.379
NorthPark,25,78.6,80.88,0.954069931,0.972542351,Strength,Offensive,Cut,0.08,1.076,0.831,0.555
NorthPark,25,78.6,80.88,0.954069931,0.972542351,Strength,Offensive,Transition,0.147,1.014,0.831,0.471
NorthPark,25,78.6,80.88,0.954069931,0.972542351,Strength,Offensive,Spot Up,0.28,0.898,0.831,0.346
NorthPark,25,78.6,80.88,0.954069931,0.972542351,Weakness,Offensive,P&R Ball Handler,0.097,0.686,0.831,0.35
NorthPark,25,78.6,80.88,0.954069931,0.972542351,Weakness,Offensive,Isolation,0.112,0.801,0.831,0.339
NorthPark,25,78.6,80.88,0.954069931,0.972542351,Weakness,Offensive,Offensive Rebounds (put backs),0.033,0.646,0.831,0.354
NorthPark,25,78.6,80.88,0.954069931,0.972542351,Weakness,Offensive,P&R Roll Man,0.03,0.724,0.831,0.308
NorthPark,25,78.6,80.88,0.954069931,0.972542351,Weakness,Offensive,Post-Up,0.028,0.745,0.831,0.455
NorthPark,25,78.6,80.88,0.954069931,0.972542351,Weakness,Offensive,Hand Off,0.024,0.667,0.831,0.286
NorthPark,25,78.6,80.88,0.954069931,0.972542351,Weakness,Offensive,Miscellaneous,0.08,0.312,0.831,0.31
NorthPark,25,78.6,80.88,0.954069931,0.972542351,Strength,Defensive,Miscellaneous,0.071,0.441,0.971,0.522
NorthPark,25,78.6,80.88,0.954069931,0.972542351,Strength,Defensive,Spot Up,0.216,0.938,0.971,0.36
NorthPark,25,78.6,80.88,0.954069931,0.972542351,Strength,Defensive,Post-Up,0.121,0.873,0.971,0.508
NorthPark,25,78.6,80.88,0.954069931,0.972542351,Strength,Defensive,P&R Ball Handler,0.079,0.742,0.971,0.351
NorthPark,25,78.6,80.88,0.954069931,0.972542351,Strength,Defensive,Isolation,0.034,0.87,0.971,0.479
NorthPark,25,78.6,80.88,0.954069931,0.972542351,Strength,Defensive,Hand Off,0.025,0.863,0.971,0.444
NorthPark,25,78.6,80.88,0.954069931,0.972542351,Weakness,Defensive,Transition,0.191,1.196,0.971,0.598
NorthPark,25,78.6,80.88,0.954069931,0.972542351,Weakness,Defensive,Cut,0.093,1.138,0.971,0.633
NorthPark,25,78.6,80.88,0.954069931,0.972542351,Weakness,Defensive,Off Screen,0.071,1.097,0.971,0.46
NorthPark,25,78.6,80.88,0.954069931,0.972542351,Weakness,Defensive,Offensive Rebounds (put backs),0.071,1.105,0.971,0.588
NorthPark,25,78.6,80.88,0.954069931,0.972542351,Weakness,Defensive,P&R Roll Man,0.028,1.089,0.971,0.522
UWPlatteville,29,76.31034483,77.24137931,0.926277423,0.92878972,Strength,Offensive,Offensive Rebounds (put backs),0.065,1.16,1,0.596
UWPlatteville,29,76.31034483,77.24137931,0.926277423,0.92878972,Strength,Offensive,Cut,0.081,1.244,1,0.645
UWPlatteville,29,76.31034483,77.24137931,0.926277423,0.92878972,Strength,Offensive,Transition,0.143,1.187,1,0.583
UWPlatteville,29,76.31034483,77.24137931,0.926277423,0.92878972,Strength,Offensive,Spot Up,0.249,1.1,1,0.425
UWPlatteville,29,76.31034483,77.24137931,0.926277423,0.92878972,Strength,Offensive,Hand Off,0.022,1.25,1,0.5
UWPlatteville,29,76.31034483,77.24137931,0.926277423,0.92878972,Weakness,Offensive,Isolation,0.075,0.88,1,0.403
UWPlatteville,29,76.31034483,77.24137931,0.926277423,0.92878972,Weakness,Offensive,Post-Up,0.1,0.86,1,0.486
UWPlatteville,29,76.31034483,77.24137931,0.926277423,0.92878972,Weakness,Offensive,P&R Ball Handler,0.091,0.905,1,0.507
UWPlatteville,29,76.31034483,77.24137931,0.926277423,0.92878972,Weakness,Offensive,Miscellaneous,0.098,0.571,1,0.5
UWPlatteville,29,76.31034483,77.24137931,0.926277423,0.92878972,Weakness,Offensive,P&R Roll Man,0.017,0.737,1,0.382
UWPlatteville,29,76.31034483,77.24137931,0.926277423,0.92878972,Weakness,Offensive,Off Screen,0.058,0.844,1,0.38
UWPlatteville,29,76.31034483,77.24137931,0.926277423,0.92878972,Strength,Defensive,Miscellaneous,0.084,0.383,0.821,0.261
UWPlatteville,29,76.31034483,77.24137931,0.926277423,0.92878972,Strength,Defensive,Off Screen,0.064,0.701,0.821,0.294
UWPlatteville,29,76.31034483,77.24137931,0.926277423,0.92878972,Strength,Defensive,Isolation,0.064,0.792,0.821,0.382
UWPlatteville,29,76.31034483,77.24137931,0.926277423,0.92878972,Strength,Defensive,P&R Ball Handler,0.11,0.626,0.821,0.322
UWPlatteville,29,76.31034483,77.24137931,0.926277423,0.92878972,Weakness,Defensive,Post-Up,0.136,0.878,0.821,0.475
UWPlatteville,29,76.31034483,77.24137931,0.926277423,0.92878972,Weakness,Defensive,Transition,0.113,0.902,0.821,0.453
UWPlatteville,29,76.31034483,77.24137931,0.926277423,0.92878972,Weakness,Defensive,Spot Up,0.24,0.873,0.821,0.347
UWPlatteville,29,76.31034483,77.24137931,0.926277423,0.92878972,Weakness,Defensive,P&R Roll Man,0.033,0.836,0.821,0.39
UWPlatteville,29,76.31034483,77.24137931,0.926277423,0.92878972,Weakness,Defensive,Hand Off,0.033,0.932,0.821,0.379
UWPlatteville,29,76.31034483,77.24137931,0.926277423,0.92878972,Weakness,Defensive,Offensive Rebounds (put backs),0.057,1.11,0.821,0.581
UWPlatteville,29,76.31034483,77.24137931,0.926277423,0.92878972,Weakness,Defensive,Cut,0.067,1.094,0.821,0.58
OlivetCollege,28,93.82142857,92.21428571,1.13883211,1.10883158,Strength,Offensive,Post-Up,0.034,0.944,0.879,0.521
OlivetCollege,28,93.82142857,92.21428571,1.13883211,1.10883158,Strength,Offensive,Cut,0.073,1.016,0.879,0.53
OlivetCollege,28,93.82142857,92.21428571,1.13883211,1.10883158,Strength,Offensive,Offensive Rebounds (put backs),0.073,1.036,0.879,0.521
OlivetCollege,28,93.82142857,92.21428571,1.13883211,1.10883158,Strength,Offensive,Transition,0.251,1.044,0.879,0.537
OlivetCollege,28,93.82142857,92.21428571,1.13883211,1.10883158,Weakness,Offensive,Spot Up,0.192,0.859,0.879,0.339
OlivetCollege,28,93.82142857,92.21428571,1.13883211,1.10883158,Weakness,Offensive,Miscellaneous,0.068,0.642,0.879,0.588
OlivetCollege,28,93.82142857,92.21428571,1.13883211,1.10883158,Weakness,Offensive,P&R Roll Man,0.021,0.732,0.879,0.421
OlivetCollege,28,93.82142857,92.21428571,1.13883211,1.10883158,Weakness,Offensive,Off Screen,0.036,0.691,0.879,0.287
OlivetCollege,28,93.82142857,92.21428571,1.13883211,1.10883158,Weakness,Offensive,Hand Off,0.049,0.713,0.879,0.299
OlivetCollege,28,93.82142857,92.21428571,1.13883211,1.10883158,Weakness,Offensive,P&R Ball Handler,0.099,0.69,0.879,0.373
OlivetCollege,28,93.82142857,92.21428571,1.13883211,1.10883158,Weakness,Offensive,Isolation,0.103,0.801,0.879,0.397
OlivetCollege,28,93.82142857,92.21428571,1.13883211,1.10883158,Strength,Defensive,Miscellaneous,0.1,0.378,0.914,0.303
OlivetCollege,28,93.82142857,92.21428571,1.13883211,1.10883158,Strength,Defensive,P&R Ball Handler,0.046,0.847,0.914,0.416
OlivetCollege,28,93.82142857,92.21428571,1.13883211,1.10883158,Strength,Defensive,Isolation,0.033,0.884,0.914,0.4
OlivetCollege,28,93.82142857,92.21428571,1.13883211,1.10883158,Strength,Defensive,Off Screen,0.022,0.696,0.914,0.326
OlivetCollege,28,93.82142857,92.21428571,1.13883211,1.10883158,Strength,Defensive,Hand Off,0.013,0.647,0.914,0.3
OlivetCollege,28,93.82142857,92.21428571,1.13883211,1.10883158,Weakness,Defensive,Spot Up,0.278,0.917,0.914,0.363
OlivetCollege,28,93.82142857,92.21428571,1.13883211,1.10883158,Weakness,Defensive,Transition,0.238,1.036,0.914,0.51
OlivetCollege,28,93.82142857,92.21428571,1.13883211,1.10883158,Weakness,Defensive,Cut,0.15,1.041,0.914,0.562
OlivetCollege,28,93.82142857,92.21428571,1.13883211,1.10883158,Weakness,Defensive,Offensive Rebounds (put backs),0.067,1.098,0.914,0.59
OlivetCollege,28,93.82142857,92.21428571,1.13883211,1.10883158,Weakness,Defensive,Post-Up,0.036,0.957,0.914,0.579
OlivetCollege,28,93.82142857,92.21428571,1.13883211,1.10883158,Weakness,Defensive,P&R Roll Man,0.016,1.095,0.914,0.615
Rose-Hulman,26,79.88461538,81.53846154,0.96966297,0.980460028,Strength,Offensive,Cut,0.09,1.144,0.964,0.637
Rose-Hulman,26,79.88461538,81.53846154,0.96966297,0.980460028,Strength,Offensive,Spot Up,0.222,1.065,0.964,0.418
Rose-Hulman,26,79.88461538,81.53846154,0.96966297,0.980460028,Strength,Offensive,P&R Roll Man,0.045,1.245,0.964,0.568
Rose-Hulman,26,79.88461538,81.53846154,0.96966297,0.980460028,Strength,Offensive,Offensive Rebounds (put backs),0.056,1.085,0.964,0.571
Rose-Hulman,26,79.88461538,81.53846154,0.96966297,0.980460028,Strength,Offensive,Transition,0.078,1.092,0.964,0.562
Rose-Hulman,26,79.88461538,81.53846154,0.96966297,0.980460028,Strength,Offensive,Off Screen,0.094,1.01,0.964,0.398
Rose-Hulman,26,79.88461538,81.53846154,0.96966297,0.980460028,Weakness,Offensive,P&R Ball Handler,0.14,0.917,0.964,0.489
Rose-Hulman,26,79.88461538,81.53846154,0.96966297,0.980460028,Weakness,Offensive,Post-Up,0.114,0.861,0.964,0.465
Rose-Hulman,26,79.88461538,81.53846154,0.96966297,0.980460028,Weakness,Offensive,Isolation,0.044,0.923,0.964,0.478
Rose-Hulman,26,79.88461538,81.53846154,0.96966297,0.980460028,Weakness,Offensive,Hand Off,0.012,0.76,0.964,0.389
Rose-Hulman,26,79.88461538,81.53846154,0.96966297,0.980460028,Weakness,Offensive,Miscellaneous,0.104,0.486,0.964,0.4
Rose-Hulman,26,79.88461538,81.53846154,0.96966297,0.980460028,Strength,Defensive,Miscellaneous,0.072,0.467,0.923,0.286
Rose-Hulman,26,79.88461538,81.53846154,0.96966297,0.980460028,Strength,Defensive,Isolation,0.04,0.812,0.923,0.431
Rose-Hulman,26,79.88461538,81.53846154,0.96966297,0.980460028,Strength,Defensive,Hand Off,0.051,0.872,0.923,0.409
Rose-Hulman,26,79.88461538,81.53846154,0.96966297,0.980460028,Strength,Defensive,Off Screen,0.063,0.797,0.923,0.351
Rose-Hulman,26,79.88461538,81.53846154,0.96966297,0.980460028,Strength,Defensive,Post-Up,0.073,0.831,0.923,0.443
Rose-Hulman,26,79.88461538,81.53846154,0.96966297,0.980460028,Strength,Defensive,P&R Ball Handler,0.129,0.843,0.923,0.446
Rose-Hulman,26,79.88461538,81.53846154,0.96966297,0.980460028,Weakness,Defensive,Cut,0.068,1.181,0.923,0.641
Rose-Hulman,26,79.88461538,81.53846154,0.96966297,0.980460028,Weakness,Defensive,Spot Up,0.267,1.011,0.923,0.412
Rose-Hulman,26,79.88461538,81.53846154,0.96966297,0.980460028,Weakness,Defensive,P&R Roll Man,0.05,0.925,0.923,0.44
Rose-Hulman,26,79.88461538,81.53846154,0.96966297,0.980460028,Weakness,Defensive,Offensive Rebounds (put backs),0.052,1.108,0.923,0.533
Rose-Hulman,26,79.88461538,81.53846154,0.96966297,0.980460028,Weakness,Defensive,Transition,0.134,1.025,0.923,0.527
GustavusAdolphus,25,73.36,73.32,0.890465269,0.881637057,Strength,Offensive,Offensive Rebounds (put backs),0.046,0.881,0.876,0.483
GustavusAdolphus,25,73.36,73.32,0.890465269,0.881637057,Strength,Offensive,P&R Roll Man,0.004,1.429,0.876,0.6
GustavusAdolphus,25,73.36,73.32,0.890465269,0.881637057,Strength,Offensive,Spot Up,0.261,0.896,0.876,0.386
GustavusAdolphus,25,73.36,73.32,0.890465269,0.881637057,Strength,Offensive,Cut,0.122,1.09,0.876,0.589
GustavusAdolphus,25,73.36,73.32,0.890465269,0.881637057,Strength,Offensive,Transition,0.15,1.007,0.876,0.537
GustavusAdolphus,25,73.36,73.32,0.890465269,0.881637057,Weakness,Offensive,Hand Off,0.014,0.808,0.876,0.316
GustavusAdolphus,25,73.36,73.32,0.890465269,0.881637057,Weakness,Offensive,Isolation,0.079,0.738,0.876,0.372
GustavusAdolphus,25,73.36,73.32,0.890465269,0.881637057,Weakness,Offensive,Off Screen,0.099,0.834,0.876,0.393
GustavusAdolphus,25,73.36,73.32,0.890465269,0.881637057,Weakness,Offensive,Post-Up,0.113,0.861,0.876,0.51
GustavusAdolphus,25,73.36,73.32,0.890465269,0.881637057,Weakness,Offensive,Miscellaneous,0.083,0.48,0.876,0.313
GustavusAdolphus,25,73.36,73.32,0.890465269,0.881637057,Weakness,Offensive,P&R Ball Handler,0.029,0.778,0.876,0.357
GustavusAdolphus,25,73.36,73.32,0.890465269,0.881637057,Strength,Defensive,Isolation,0.049,0.764,0.906,0.387
GustavusAdolphus,25,73.36,73.32,0.890465269,0.881637057,Strength,Defensive,Off Screen,0.051,0.734,0.906,0.304
GustavusAdolphus,25,73.36,73.32,0.890465269,0.881637057,Strength,Defensive,P&R Ball Handler,0.146,0.753,0.906,0.386
GustavusAdolphus,25,73.36,73.32,0.890465269,0.881637057,Strength,Defensive,Post-Up,0.083,0.816,0.906,0.473
GustavusAdolphus,25,73.36,73.32,0.890465269,0.881637057,Strength,Defensive,Miscellaneous,0.065,0.483,0.906,0.458
GustavusAdolphus,25,73.36,73.32,0.890465269,0.881637057,Strength,Defensive,Hand Off,0.034,0.823,0.906,0.362
GustavusAdolphus,25,73.36,73.32,0.890465269,0.881637057,Strength,Defensive,P&R Roll Man,0.044,0.775,0.906,0.358
GustavusAdolphus,25,73.36,73.32,0.890465269,0.881637057,Weakness,Defensive,Cut,0.08,1.136,0.906,0.64
GustavusAdolphus,25,73.36,73.32,0.890465269,0.881637057,Weakness,Defensive,Spot Up,0.285,1.021,0.906,0.403
GustavusAdolphus,25,73.36,73.32,0.890465269,0.881637057,Weakness,Defensive,Transition,0.113,1.043,0.906,0.542
GustavusAdolphus,25,73.36,73.32,0.890465269,0.881637057,Weakness,Defensive,Offensive Rebounds (put backs),0.05,1.207,0.906,0.657
IllinoisTech,19,82.10526316,78.63157895,0.996617847,0.94550619,Strength,Offensive,Offensive Rebounds (put backs),0.099,0.942,0.822,0.5
IllinoisTech,19,82.10526316,78.63157895,0.996617847,0.94550619,Strength,Offensive,Cut,0.078,1.131,0.822,0.624
IllinoisTech,19,82.10526316,78.63157895,0.996617847,0.94550619,Strength,Offensive,P&R Ball Handler,0.163,0.855,0.822,0.418
IllinoisTech,19,82.10526316,78.63157895,0.996617847,0.94550619,Strength,Offensive,Transition,0.142,0.946,0.822,0.487
IllinoisTech,19,82.10526316,78.63157895,0.996617847,0.94550619,Weakness,Offensive,Spot Up,0.172,0.817,0.822,0.313
IllinoisTech,19,82.10526316,78.63157895,0.996617847,0.94550619,Weakness,Offensive,Post-Up,0.105,0.756,0.822,0.46
IllinoisTech,19,82.10526316,78.63157895,0.996617847,0.94550619,Weakness,Offensive,Miscellaneous,0.087,0.456,0.822,0.316
IllinoisTech,19,82.10526316,78.63157895,0.996617847,0.94550619,Weakness,Offensive,Isolation,0.058,0.733,0.822,0.383
IllinoisTech,19,82.10526316,78.63157895,0.996617847,0.94550619,Weakness,Offensive,Off Screen,0.053,0.793,0.822,0.277
IllinoisTech,19,82.10526316,78.63157895,0.996617847,0.94550619,Weakness,Offensive,P&R Roll Man,0.035,0.564,0.822,0.268
IllinoisTech,19,82.10526316,78.63157895,0.996617847,0.94550619,Weakness,Offensive,Hand Off,0.008,0.417,0.822,0.167
IllinoisTech,19,82.10526316,78.63157895,0.996617847,0.94550619,Strength,Defensive,Isolation,0.066,0.758,0.838,0.333
IllinoisTech,19,82.10526316,78.63157895,0.996617847,0.94550619,Strength,Defensive,P&R Ball Handler,0.098,0.699,0.838,0.343
IllinoisTech,19,82.10526316,78.63157895,0.996617847,0.94550619,Strength,Defensive,Miscellaneous,0.085,0.299,0.838,0.357
IllinoisTech,19,82.10526316,78.63157895,0.996617847,0.94550619,Strength,Defensive,P&R Roll Man,0.032,0.688,0.838,0.333
IllinoisTech,19,82.10526316,78.63157895,0.996617847,0.94550619,Weakness,Defensive,Transition,0.151,0.978,0.838,0.491
IllinoisTech,19,82.10526316,78.63157895,0.996617847,0.94550619,Weakness,Defensive,Spot Up,0.209,0.923,0.838,0.368
IllinoisTech,19,82.10526316,78.63157895,0.996617847,0.94550619,Weakness,Defensive,Cut,0.065,0.938,0.838,0.5
IllinoisTech,19,82.10526316,78.63157895,0.996617847,0.94550619,Weakness,Defensive,Hand Off,0.034,0.922,0.838,0.405
IllinoisTech,19,82.10526316,78.63157895,0.996617847,0.94550619,Weakness,Defensive,Offensive Rebounds (put backs),0.057,0.988,0.838,0.522
IllinoisTech,19,82.10526316,78.63157895,0.996617847,0.94550619,Weakness,Defensive,Off Screen,0.085,0.969,0.838,0.429
IllinoisTech,19,82.10526316,78.63157895,0.996617847,0.94550619,Weakness,Defensive,Post-Up,0.118,0.852,0.838,0.512
